{
	"__comment": "Designed by Xiaoxiafeng with Cubik Studio - https://cubik.studio",
	"textures": {
		"particle": "trademodel/e_particle",
		"texture": "trademodel/e_texture",
		"11_atlas": "trademodel/11_atlas"
	},
	"elements": [ 	 
		{
			"__comment": "Voxels",
			"from": [ 5, 20, 9 ],
			"to": [ 7, 21, 10 ],
			"faces": {
				"down": { "uv": [ 10, 15, 11, 15.5 ], "texture": "#11_atlas" },
				"up": { "uv": [ 11, 15.5, 12, 15 ], "texture": "#11_atlas" },
				"north": { "uv": [ 13, 15, 12, 15.5 ], "texture": "#11_atlas" },
				"south": { "uv": [ 13, 15, 14, 15.5 ], "texture": "#11_atlas" },
				"west": { "uv": [ 9.5, 11, 10, 11.5 ], "texture": "#11_atlas" },
				"east": { "uv": [ 10, 11.5, 9.5, 12 ], "texture": "#11_atlas" }
			}
		}
	],
	"display": {
		"thirdperson_righthand": {
			"scale":  [ 0.001, 0.001, 0.001 ]
		},
		"thirdperson_lefthand": {
			"scale":  [ 0.001, 0.001, 0.001 ]
		},
		"head": {
			"translation":  [ 0, -80, 0 ],
			"scale":  [ 0.001, 0.001, 0.001 ]
		}
	}
}