{
	"__comment": "Designed by Xiaoxiafeng with Cubik Studio - https://cubik.studio",
	"textures": {
		"texture": "trademodel/e_texture",
		"axe6_atlas": "trademodel/axe6_atlas"
	},
	"elements": [ 	 
		{
			"__comment": "Voxels",
			"from": [ 6.8085, -0.6809, 9.8723 ],
			"to": [ 7.489351, -0.3404745, 10.21273 ],
			"faces": {
				"down": { "uv": [ 14, 6.75, 14.5, 7 ], "texture": "#axe6_atlas" },
				"up": { "uv": [ 15, 7.25, 15.5, 7 ], "texture": "#axe6_atlas" },
				"north": { "uv": [ 15.5, 6.75, 15, 7 ], "texture": "#axe6_atlas" },
				"south": { "uv": [ 15.5, 7, 16, 7.25 ], "texture": "#axe6_atlas" },
				"west": { "uv": [ 13.25, 5.5, 13.5, 5.75 ], "texture": "#axe6_atlas" },
				"east": { "uv": [ 13.25, 5.5, 13, 5.75 ], "texture": "#axe6_atlas" }
			}
		},
		{
			"__comment": "Voxels",
			"from": [ 7.1489, -1.0213, 9.8723 ],
			"to": [ 7.829751, -0.6808745, 10.21273 ],
			"faces": {
				"down": { "uv": [ 15.5, 6.75, 16, 7 ], "texture": "#axe6_atlas" },
				"up": { "uv": [ 9.25, 6.75, 9.75, 6.5 ], "texture": "#axe6_atlas" },
				"north": { "uv": [ 10.25, 6.5, 9.75, 6.75 ], "texture": "#axe6_atlas" },
				"south": { "uv": [ 10.25, 6.5, 10.75, 6.75 ], "texture": "#axe6_atlas" },
				"west": { "uv": [ 12.75, 5.5, 13, 5.75 ], "texture": "#axe6_atlas" },
				"east": { "uv": [ 12.75, 5.5, 12.5, 5.75 ], "texture": "#axe6_atlas" }
			}
		},
		{
			"__comment": "Voxels",
			"from": [ 7.1489, -0.6809, 9.1915 ],
			"to": [ 7.829751, -0.000048935, 9.872351 ],
			"faces": {
				"down": { "uv": [ 15.5, 11.25, 16, 11.75 ], "texture": "#axe6_atlas" },
				"up": { "uv": [ 12.5, 10.5, 13, 10 ], "texture": "#axe6_atlas" },
				"north": { "uv": [ 13, 9.5, 12.5, 10 ], "texture": "#axe6_atlas" },
				"south": { "uv": [ 13.25, 9.5, 13.75, 10 ], "texture": "#axe6_atlas" },
				"west": { "uv": [ 13.75, 9.5, 14.25, 10 ], "texture": "#axe6_atlas" },
				"east": { "uv": [ 7.25, 9, 6.75, 9.5 ], "texture": "#axe6_atlas" }
			}
		},
		{
			"__comment": "Voxels",
			"from": [ 7.1489, -0.6809, 10.2128 ],
			"to": [ 7.829751, -0.000048935, 10.55323 ],
			"faces": {
				"down": { "uv": [ 10.75, 6.5, 11.25, 6.75 ], "texture": "#axe6_atlas" },
				"up": { "uv": [ 11.25, 6.75, 11.75, 6.5 ], "texture": "#axe6_atlas" },
				"north": { "uv": [ 7.75, 9, 7.25, 9.5 ], "texture": "#axe6_atlas" },
				"south": { "uv": [ 7.75, 9, 8.25, 9.5 ], "texture": "#axe6_atlas" },
				"west": { "uv": [ 9, 5.25, 9.25, 5.75 ], "texture": "#axe6_atlas" },
				"east": { "uv": [ 9.25, 4.75, 9, 5.25 ], "texture": "#axe6_atlas" }
			}
		},
		{
			"__comment": "Voxels",
			"from": [ 7.1489, -0.3404, 9.8723 ],
			"to": [ 7.489326, 1.361728, 10.21273 ],
			"faces": {
				"down": { "uv": [ 10.25, 5.5, 10.5, 5.75 ], "texture": "#axe6_atlas" },
				"up": { "uv": [ 10, 0.25, 10.25, 0 ], "texture": "#axe6_atlas" },
				"north": { "uv": [ 6.5, 3.25, 6.25, 4.5 ], "texture": "#axe6_atlas" },
				"south": { "uv": [ 6.25, 2, 6.5, 3.25 ], "texture": "#axe6_atlas" },
				"west": { "uv": [ 6.25, 0.75, 6.5, 2 ], "texture": "#axe6_atlas" },
				"east": { "uv": [ 6.75, 8.25, 6.5, 9.5 ], "texture": "#axe6_atlas" }
			}
		},
		{
			"__comment": "Voxels",
			"from": [ 7.1489, 0, 9.531899 ],
			"to": [ 7.829751, 0.680851, 9.872325 ],
			"faces": {
				"down": { "uv": [ 11.75, 6.5, 12.25, 6.75 ], "texture": "#axe6_atlas" },
				"up": { "uv": [ 12.25, 6.75, 12.75, 6.5 ], "texture": "#axe6_atlas" },
				"north": { "uv": [ 8.75, 9, 8.25, 9.5 ], "texture": "#axe6_atlas" },
				"south": { "uv": [ 8.75, 9, 9.25, 9.5 ], "texture": "#axe6_atlas" },
				"west": { "uv": [ 9, 4.25, 9.25, 4.75 ], "texture": "#axe6_atlas" },
				"east": { "uv": [ 9.25, 3.75, 9, 4.25 ], "texture": "#axe6_atlas" }
			}
		},
		{
			"__comment": "Voxels",
			"from": [ 7.1489, 9.531899, 9.1915 ],
			"to": [ 8.851027, 9.872325, 9.872351 ],
			"faces": {
				"down": { "uv": [ 9, 13.25, 10.25, 13.75 ], "texture": "#axe6_atlas" },
				"up": { "uv": [ 9, 14.25, 10.25, 13.75 ], "texture": "#axe6_atlas" },
				"north": { "uv": [ 14.5, 10, 13.25, 10.25 ], "texture": "#axe6_atlas" },
				"south": { "uv": [ 13.25, 10.75, 14.5, 11 ], "texture": "#axe6_atlas" },
				"west": { "uv": [ 12.75, 6.5, 13.25, 6.75 ], "texture": "#axe6_atlas" },
				"east": { "uv": [ 13.75, 6.5, 13.25, 6.75 ], "texture": "#axe6_atlas" }
			}
		},
		{
			"__comment": "Voxels",
			"from": [ 7.1489, 9.8723, 8.8511 ],
			"to": [ 8.851027, 12.25528, 9.191525 ],
			"faces": {
				"down": { "uv": [ 13.25, 10.5, 14.5, 10.75 ], "texture": "#axe6_atlas" },
				"up": { "uv": [ 13.25, 10.5, 14.5, 10.25 ], "texture": "#axe6_atlas" },
				"north": { "uv": [ 5.25, 14.25, 4, 16 ], "texture": "#axe6_atlas" },
				"south": { "uv": [ 2.75, 14.25, 4, 16 ], "texture": "#axe6_atlas" },
				"west": { "uv": [ 5.5, 2.25, 5.75, 4 ], "texture": "#axe6_atlas" },
				"east": { "uv": [ 5.75, 0.5, 5.5, 2.25 ], "texture": "#axe6_atlas" }
			}
		},
		{
			"__comment": "Voxels",
			"from": [ 7.1489, 9.8723, 9.1915 ],
			"to": [ 7.829751, 13.27656, 9.872351 ],
			"faces": {
				"down": { "uv": [ 7.75, 8.5, 8.25, 9 ], "texture": "#axe6_atlas" },
				"up": { "uv": [ 9.25, 9.5, 9.75, 9 ], "texture": "#axe6_atlas" },
				"north": { "uv": [ 3.75, 9.25, 3.25, 11.75 ], "texture": "#axe6_atlas" },
				"south": { "uv": [ 3.25, 6.75, 3.75, 9.25 ], "texture": "#axe6_atlas" },
				"west": { "uv": [ 3.25, 4.25, 3.75, 6.75 ], "texture": "#axe6_atlas" },
				"east": { "uv": [ 3.75, 1.75, 3.25, 4.25 ], "texture": "#axe6_atlas" }
			}
		},
		{
			"__comment": "Voxels",
			"from": [ 7.4894, -1.3617, 9.8723 ],
			"to": [ 8.510676, -1.021274, 10.21273 ],
			"faces": {
				"down": { "uv": [ 0, 0, 0.75, 0.25 ], "texture": "#axe6_atlas" },
				"up": { "uv": [ 8, 14.5, 8.75, 14.25 ], "texture": "#axe6_atlas" },
				"north": { "uv": [ 9.5, 14.25, 8.75, 14.5 ], "texture": "#axe6_atlas" },
				"south": { "uv": [ 9.5, 14.25, 10.25, 14.5 ], "texture": "#axe6_atlas" },
				"west": { "uv": [ 10, 0.25, 10.25, 0.5 ], "texture": "#axe6_atlas" },
				"east": { "uv": [ 10.25, 0.5, 10, 0.75 ], "texture": "#axe6_atlas" }
			}
		},
		{
			"__comment": "Voxels",
			"from": [ 7.4894, -1.0213, 9.1915 ],
			"to": [ 8.510676, -0.6808745, 9.872351 ],
			"faces": {
				"down": { "uv": [ 12.75, 11.25, 13.5, 11.75 ], "texture": "#axe6_atlas" },
				"up": { "uv": [ 13.5, 11.75, 14.25, 11.25 ], "texture": "#axe6_atlas" },
				"north": { "uv": [ 11, 14.25, 10.25, 14.5 ], "texture": "#axe6_atlas" },
				"south": { "uv": [ 10, 7.25, 10.75, 7.5 ], "texture": "#axe6_atlas" },
				"west": { "uv": [ 14.75, 6.5, 15.25, 6.75 ], "texture": "#axe6_atlas" },
				"east": { "uv": [ 15.75, 6.5, 15.25, 6.75 ], "texture": "#axe6_atlas" }
			}
		},
		{
			"__comment": "Voxels",
			"from": [ 7.4894, -1.0213, 10.2128 ],
			"to": [ 8.510676, -0.6808745, 10.55323 ],
			"faces": {
				"down": { "uv": [ 8.5, 7.25, 9.25, 7.5 ], "texture": "#axe6_atlas" },
				"up": { "uv": [ 13.75, 7.75, 14.5, 7.5 ], "texture": "#axe6_atlas" },
				"north": { "uv": [ 13.75, 8, 13, 8.25 ], "texture": "#axe6_atlas" },
				"south": { "uv": [ 12.25, 7.5, 13, 7.75 ], "texture": "#axe6_atlas" },
				"west": { "uv": [ 10, 1.25, 10.25, 1.5 ], "texture": "#axe6_atlas" },
				"east": { "uv": [ 10.25, 1.5, 10, 1.75 ], "texture": "#axe6_atlas" }
			}
		},
		{
			"__comment": "Voxels",
			"from": [ 7.4894, -0.6809, 8.8511 ],
			"to": [ 8.510676, 0.3403766, 9.191525 ],
			"faces": {
				"down": { "uv": [ 8.5, 7.5, 9.25, 7.75 ], "texture": "#axe6_atlas" },
				"up": { "uv": [ 8.5, 8, 9.25, 7.75 ], "texture": "#axe6_atlas" },
				"north": { "uv": [ 10.75, 11, 10, 11.75 ], "texture": "#axe6_atlas" },
				"south": { "uv": [ 9.25, 11, 10, 11.75 ], "texture": "#axe6_atlas" },
				"west": { "uv": [ 8, 2.25, 8.25, 3 ], "texture": "#axe6_atlas" },
				"east": { "uv": [ 8.25, 3, 8, 3.75 ], "texture": "#axe6_atlas" }
			}
		},
		{
			"__comment": "Voxels",
			"from": [ 7.4894, -0.6809, 10.5532 ],
			"to": [ 8.510676, -0.000048935, 10.89363 ],
			"faces": {
				"down": { "uv": [ 14.75, 8.25, 15.5, 8.5 ], "texture": "#axe6_atlas" },
				"up": { "uv": [ 14, 8.5, 14.75, 8.25 ], "texture": "#axe6_atlas" },
				"north": { "uv": [ 15.5, 11.25, 14.75, 11.75 ], "texture": "#axe6_atlas" },
				"south": { "uv": [ 12.25, 10.5, 13, 11 ], "texture": "#axe6_atlas" },
				"west": { "uv": [ 9, 1.25, 9.25, 1.75 ], "texture": "#axe6_atlas" },
				"east": { "uv": [ 9.25, 0.75, 9, 1.25 ], "texture": "#axe6_atlas" }
			}
		},
		{
			"__comment": "Voxels",
			"from": [ 7.4894, 0, 9.1915 ],
			"to": [ 8.510676, 1.361702, 9.531925 ],
			"faces": {
				"down": { "uv": [ 13.25, 8.25, 14, 8.5 ], "texture": "#axe6_atlas" },
				"up": { "uv": [ 12.5, 8.5, 13.25, 8.25 ], "texture": "#axe6_atlas" },
				"north": { "uv": [ 7, 12.25, 6.25, 13.25 ], "texture": "#axe6_atlas" },
				"south": { "uv": [ 6.25, 13.25, 7, 14.25 ], "texture": "#axe6_atlas" },
				"west": { "uv": [ 7, 1, 7.25, 2 ], "texture": "#axe6_atlas" },
				"east": { "uv": [ 7.25, 2, 7, 3 ], "texture": "#axe6_atlas" }
			}
		},
		{
			"__comment": "Voxels",
			"from": [ 7.4894, 0, 9.8723 ],
			"to": [ 7.829825, 13.2766, 10.21273 ],
			"faces": {
				"down": { "uv": [ 10, 1.75, 10.25, 2 ], "texture": "#axe6_atlas" },
				"up": { "uv": [ 10, 2.25, 10.25, 2 ], "texture": "#axe6_atlas" },
				"north": { "uv": [ 1, 0.5, 0.75, 10.25 ], "texture": "#axe6_atlas" },
				"south": { "uv": [ 1, 0.5, 1.25, 10.25 ], "texture": "#axe6_atlas" },
				"west": { "uv": [ 1.25, 3, 1.5, 12.75 ], "texture": "#axe6_atlas" },
				"east": { "uv": [ 1.75, 3, 1.5, 12.75 ], "texture": "#axe6_atlas" }
			}
		},
		{
			"__comment": "Voxels",
			"from": [ 7.4894, 0, 10.2128 ],
			"to": [ 8.510676, 6.80851, 10.55323 ],
			"faces": {
				"down": { "uv": [ 8.75, 8.25, 9.5, 8.5 ], "texture": "#axe6_atlas" },
				"up": { "uv": [ 8, 8.5, 8.75, 8.25 ], "texture": "#axe6_atlas" },
				"north": { "uv": [ 0.75, 11, 0, 16 ], "texture": "#axe6_atlas" },
				"south": { "uv": [ 0, 6, 0.75, 11 ], "texture": "#axe6_atlas" },
				"west": { "uv": [ 3, 0.25, 3.25, 5.25 ], "texture": "#axe6_atlas" },
				"east": { "uv": [ 3, 0.25, 2.75, 5.25 ], "texture": "#axe6_atlas" }
			}
		},
		{
			"__comment": "Voxels",
			"from": [ 7.4894, 0.6809, 9.531899 ],
			"to": [ 7.829825, 4.425581, 9.872325 ],
			"faces": {
				"down": { "uv": [ 10.5, 3.75, 10.75, 4 ], "texture": "#axe6_atlas" },
				"up": { "uv": [ 10, 3, 10.25, 2.75 ], "texture": "#axe6_atlas" },
				"north": { "uv": [ 4.75, 9, 4.5, 11.75 ], "texture": "#axe6_atlas" },
				"south": { "uv": [ 4, 6, 4.25, 8.75 ], "texture": "#axe6_atlas" },
				"west": { "uv": [ 4, 3.25, 4.25, 6 ], "texture": "#axe6_atlas" },
				"east": { "uv": [ 4.5, 3.5, 4.25, 6.25 ], "texture": "#axe6_atlas" }
			}
		},
		{
			"__comment": "Voxels",
			"from": [ 7.4894, 1.3617, 9.1915 ],
			"to": [ 8.170251, 1.702125, 9.531925 ],
			"faces": {
				"down": { "uv": [ 9.5, 6.25, 10, 6.5 ], "texture": "#axe6_atlas" },
				"up": { "uv": [ 10, 6.5, 10.5, 6.25 ], "texture": "#axe6_atlas" },
				"north": { "uv": [ 11, 6.25, 10.5, 6.5 ], "texture": "#axe6_atlas" },
				"south": { "uv": [ 11, 6.25, 11.5, 6.5 ], "texture": "#axe6_atlas" },
				"west": { "uv": [ 10, 3, 10.25, 3.25 ], "texture": "#axe6_atlas" },
				"east": { "uv": [ 10.25, 3.25, 10, 3.5 ], "texture": "#axe6_atlas" }
			}
		},
		{
			"__comment": "Voxels",
			"from": [ 7.4894, 5.1064, 9.531899 ],
			"to": [ 8.510676, 8.510655, 9.872325 ],
			"faces": {
				"down": { "uv": [ 15.25, 8.75, 16, 9 ], "texture": "#axe6_atlas" },
				"up": { "uv": [ 14.5, 8.75, 15.25, 8.5 ], "texture": "#axe6_atlas" },
				"north": { "uv": [ 2.75, 10.25, 2, 12.75 ], "texture": "#axe6_atlas" },
				"south": { "uv": [ 1.25, 0.5, 2, 3 ], "texture": "#axe6_atlas" },
				"west": { "uv": [ 14.25, 11.75, 14.5, 14.25 ], "texture": "#axe6_atlas" },
				"east": { "uv": [ 14, 11.75, 13.75, 14.25 ], "texture": "#axe6_atlas" }
			}
		},
		{
			"__comment": "Voxels",
			"from": [ 7.4894, 8.170199, 9.1915 ],
			"to": [ 8.510676, 9.531901, 9.531925 ],
			"faces": {
				"down": { "uv": [ 14.5, 8.75, 15.25, 9 ], "texture": "#axe6_atlas" },
				"up": { "uv": [ 13.75, 8, 14.5, 7.75 ], "texture": "#axe6_atlas" },
				"north": { "uv": [ 15.25, 15, 14.5, 16 ], "texture": "#axe6_atlas" },
				"south": { "uv": [ 15.25, 15, 16, 16 ], "texture": "#axe6_atlas" },
				"west": { "uv": [ 7, 5, 7.25, 6 ], "texture": "#axe6_atlas" },
				"east": { "uv": [ 7.25, 6, 7, 7 ], "texture": "#axe6_atlas" }
			}
		},
		{
			"__comment": "Voxels",
			"from": [ 7.4894, 8.5106, 9.531899 ],
			"to": [ 7.829825, 9.531877, 9.872325 ],
			"faces": {
				"down": { "uv": [ 10, 3.5, 10.25, 3.75 ], "texture": "#axe6_atlas" },
				"up": { "uv": [ 15.75, 6, 16, 5.75 ], "texture": "#axe6_atlas" },
				"north": { "uv": [ 9.75, 7.5, 9.5, 8.25 ], "texture": "#axe6_atlas" },
				"south": { "uv": [ 9.25, 7.5, 9.5, 8.25 ], "texture": "#axe6_atlas" },
				"west": { "uv": [ 8, 0, 8.25, 0.75 ], "texture": "#axe6_atlas" },
				"east": { "uv": [ 8.25, 5.25, 8, 6 ], "texture": "#axe6_atlas" }
			}
		},
		{
			"__comment": "Voxels",
			"from": [ 7.4894, 9.531899, 8.8511 ],
			"to": [ 8.510676, 9.872325, 9.191525 ],
			"faces": {
				"down": { "uv": [ 11, 8.25, 11.75, 8.5 ], "texture": "#axe6_atlas" },
				"up": { "uv": [ 13.75, 8.25, 14.5, 8 ], "texture": "#axe6_atlas" },
				"north": { "uv": [ 13.75, 7.5, 13, 7.75 ], "texture": "#axe6_atlas" },
				"south": { "uv": [ 13, 7.75, 13.75, 8 ], "texture": "#axe6_atlas" },
				"west": { "uv": [ 15.5, 5.75, 15.75, 6 ], "texture": "#axe6_atlas" },
				"east": { "uv": [ 15.5, 5.75, 15.25, 6 ], "texture": "#axe6_atlas" }
			}
		},
		{
			"__comment": "Voxels",
			"from": [ 7.4894, 9.8723, 8.170199 ],
			"to": [ 8.510676, 11.234, 8.510625 ],
			"faces": {
				"down": { "uv": [ 12.25, 7.75, 13, 8 ], "texture": "#axe6_atlas" },
				"up": { "uv": [ 12.25, 8.25, 13, 8 ], "texture": "#axe6_atlas" },
				"north": { "uv": [ 2.75, 0, 2, 1 ], "texture": "#axe6_atlas" },
				"south": { "uv": [ 8, 13.25, 8.75, 14.25 ], "texture": "#axe6_atlas" },
				"west": { "uv": [ 6.75, 3, 7, 4 ], "texture": "#axe6_atlas" },
				"east": { "uv": [ 7, 4, 6.75, 5 ], "texture": "#axe6_atlas" }
			}
		},
		{
			"__comment": "Voxels",
			"from": [ 7.4894, 9.8723, 8.5106 ],
			"to": [ 8.510676, 10.21273, 8.851026 ],
			"faces": {
				"down": { "uv": [ 11.75, 8.25, 12.5, 8.5 ], "texture": "#axe6_atlas" },
				"up": { "uv": [ 9.5, 8.5, 10.25, 8.25 ], "texture": "#axe6_atlas" },
				"north": { "uv": [ 13, 8.75, 12.25, 9 ], "texture": "#axe6_atlas" },
				"south": { "uv": [ 10.25, 8.25, 11, 8.5 ], "texture": "#axe6_atlas" },
				"west": { "uv": [ 15, 5.75, 15.25, 6 ], "texture": "#axe6_atlas" },
				"east": { "uv": [ 15, 5.75, 14.75, 6 ], "texture": "#axe6_atlas" }
			}
		},
		{
			"__comment": "Voxels",
			"from": [ 7.4894, 9.8723, 10.2128 ],
			"to": [ 8.510676, 12.93613, 10.55323 ],
			"faces": {
				"down": { "uv": [ 9.25, 7.25, 10, 7.5 ], "texture": "#axe6_atlas" },
				"up": { "uv": [ 13.75, 8.75, 14.5, 8.5 ], "texture": "#axe6_atlas" },
				"north": { "uv": [ 2.75, 8, 2, 10.25 ], "texture": "#axe6_atlas" },
				"south": { "uv": [ 2, 5.75, 2.75, 8 ], "texture": "#axe6_atlas" },
				"west": { "uv": [ 14.75, 12, 15, 14.25 ], "texture": "#axe6_atlas" },
				"east": { "uv": [ 15.25, 12, 15, 14.25 ], "texture": "#axe6_atlas" }
			}
		},
		{
			"__comment": "Voxels",
			"from": [ 7.4894, 10.2128, 8.5106 ],
			"to": [ 7.829825, 12.9362, 8.851026 ],
			"faces": {
				"down": { "uv": [ 14.5, 5.75, 14.75, 6 ], "texture": "#axe6_atlas" },
				"up": { "uv": [ 14.25, 6, 14.5, 5.75 ], "texture": "#axe6_atlas" },
				"north": { "uv": [ 5.5, 7, 5.25, 9 ], "texture": "#axe6_atlas" },
				"south": { "uv": [ 5.25, 9, 5.5, 11 ], "texture": "#axe6_atlas" },
				"west": { "uv": [ 5, 1, 5.25, 3 ], "texture": "#axe6_atlas" },
				"east": { "uv": [ 5.25, 3, 5, 5 ], "texture": "#axe6_atlas" }
			}
		},
		{
			"__comment": "Voxels",
			"from": [ 7.4894, 10.8936, 7.8298 ],
			"to": [ 8.510676, 11.91488, 8.170225 ],
			"faces": {
				"down": { "uv": [ 13.75, 8.75, 14.5, 9 ], "texture": "#axe6_atlas" },
				"up": { "uv": [ 13, 8.75, 13.75, 8.5 ], "texture": "#axe6_atlas" },
				"north": { "uv": [ 7, 11, 6.25, 11.75 ], "texture": "#axe6_atlas" },
				"south": { "uv": [ 7, 11, 7.75, 11.75 ], "texture": "#axe6_atlas" },
				"west": { "uv": [ 7.75, 5.5, 8, 6.25 ], "texture": "#axe6_atlas" },
				"east": { "uv": [ 8, 6.25, 7.75, 7 ], "texture": "#axe6_atlas" }
			}
		},
		{
			"__comment": "Voxels",
			"from": [ 7.4894, 11.234, 8.170199 ],
			"to": [ 7.829825, 13.27655, 8.510625 ],
			"faces": {
				"down": { "uv": [ 13.75, 5.75, 14, 6 ], "texture": "#axe6_atlas" },
				"up": { "uv": [ 13.5, 6, 13.75, 5.75 ], "texture": "#axe6_atlas" },
				"north": { "uv": [ 6.25, 5, 6, 6.5 ], "texture": "#axe6_atlas" },
				"south": { "uv": [ 6, 3.5, 6.25, 5 ], "texture": "#axe6_atlas" },
				"west": { "uv": [ 6, 2, 6.25, 3.5 ], "texture": "#axe6_atlas" },
				"east": { "uv": [ 6.25, 0.5, 6, 2 ], "texture": "#axe6_atlas" }
			}
		},
		{
			"__comment": "Voxels",
			"from": [ 7.4894, 11.5745, 7.4894 ],
			"to": [ 8.510676, 12.59578, 7.829825 ],
			"faces": {
				"down": { "uv": [ 13, 8.75, 13.75, 9 ], "texture": "#axe6_atlas" },
				"up": { "uv": [ 12.25, 8.75, 13, 8.5 ], "texture": "#axe6_atlas" },
				"north": { "uv": [ 9.25, 11, 8.5, 11.75 ], "texture": "#axe6_atlas" },
				"south": { "uv": [ 7.75, 11, 8.5, 11.75 ], "texture": "#axe6_atlas" },
				"west": { "uv": [ 7.75, 7, 8, 7.75 ], "texture": "#axe6_atlas" },
				"east": { "uv": [ 8, 7.75, 7.75, 8.5 ], "texture": "#axe6_atlas" }
			}
		},
		{
			"__comment": "Voxels",
			"from": [ 7.4894, 11.9149, 7.8298 ],
			"to": [ 7.829825, 12.93618, 8.170225 ],
			"faces": {
				"down": { "uv": [ 12.75, 5.75, 13, 6 ], "texture": "#axe6_atlas" },
				"up": { "uv": [ 12.5, 6, 12.75, 5.75 ], "texture": "#axe6_atlas" },
				"north": { "uv": [ 7.75, 6.25, 7.5, 7 ], "texture": "#axe6_atlas" },
				"south": { "uv": [ 7.5, 7, 7.75, 7.75 ], "texture": "#axe6_atlas" },
				"west": { "uv": [ 7.5, 7.75, 7.75, 8.5 ], "texture": "#axe6_atlas" },
				"east": { "uv": [ 8.5, 7.5, 8.25, 8.25 ], "texture": "#axe6_atlas" }
			}
		},
		{
			"__comment": "Voxels",
			"from": [ 7.4894, 12.2553, 8.8511 ],
			"to": [ 8.851102, 13.27658, 9.191525 ],
			"faces": {
				"down": { "uv": [ 6.25, 14.25, 7.25, 14.5 ], "texture": "#axe6_atlas" },
				"up": { "uv": [ 5.25, 14.5, 6.25, 14.25 ], "texture": "#axe6_atlas" },
				"north": { "uv": [ 8, 13.5, 7, 14.25 ], "texture": "#axe6_atlas" },
				"south": { "uv": [ 14.5, 14.25, 15.5, 15 ], "texture": "#axe6_atlas" },
				"west": { "uv": [ 7.75, 4.75, 8, 5.5 ], "texture": "#axe6_atlas" },
				"east": { "uv": [ 7.75, 4.75, 7.5, 5.5 ], "texture": "#axe6_atlas" }
			}
		},
		{
			"__comment": "Voxels",
			"from": [ 7.4894, 13.2766, 8.8511 ],
			"to": [ 8.510676, 13.95745, 9.191525 ],
			"faces": {
				"down": { "uv": [ 12.75, 11, 13.5, 11.25 ], "texture": "#axe6_atlas" },
				"up": { "uv": [ 9.5, 12, 10.25, 11.75 ], "texture": "#axe6_atlas" },
				"north": { "uv": [ 7, 11.75, 6.25, 12.25 ], "texture": "#axe6_atlas" },
				"south": { "uv": [ 1.25, 0, 2, 0.5 ], "texture": "#axe6_atlas" },
				"west": { "uv": [ 9.25, 4.5, 9.5, 5 ], "texture": "#axe6_atlas" },
				"east": { "uv": [ 9.5, 4, 9.25, 4.5 ], "texture": "#axe6_atlas" }
			}
		},
		{
			"__comment": "Voxels",
			"from": [ 7.4894, 13.2766, 9.1915 ],
			"to": [ 7.829825, 14.97873, 9.872351 ],
			"faces": {
				"down": { "uv": [ 9.25, 3.5, 9.5, 4 ], "texture": "#axe6_atlas" },
				"up": { "uv": [ 9.25, 0.5, 9.5, 0 ], "texture": "#axe6_atlas" },
				"north": { "uv": [ 15.75, 9.75, 15.5, 11 ], "texture": "#axe6_atlas" },
				"south": { "uv": [ 6.5, 5.75, 6.75, 7 ], "texture": "#axe6_atlas" },
				"west": { "uv": [ 8, 12, 8.5, 13.25 ], "texture": "#axe6_atlas" },
				"east": { "uv": [ 11.25, 13, 10.75, 14.25 ], "texture": "#axe6_atlas" }
			}
		},
		{
			"__comment": "Voxels",
			"from": [ 7.8298, -1.3617, 9.531899 ],
			"to": [ 8.170225, -1.021274, 9.872325 ],
			"faces": {
				"down": { "uv": [ 12.25, 5.75, 12.5, 6 ], "texture": "#axe6_atlas" },
				"up": { "uv": [ 12, 6, 12.25, 5.75 ], "texture": "#axe6_atlas" },
				"north": { "uv": [ 12, 5.75, 11.75, 6 ], "texture": "#axe6_atlas" },
				"south": { "uv": [ 11.5, 5.75, 11.75, 6 ], "texture": "#axe6_atlas" },
				"west": { "uv": [ 15.75, 7.25, 16, 7.5 ], "texture": "#axe6_atlas" },
				"east": { "uv": [ 8.5, 0, 8.25, 0.25 ], "texture": "#axe6_atlas" }
			}
		},
		{
			"__comment": "Voxels",
			"from": [ 7.8298, -1.3617, 10.2128 ],
			"to": [ 8.170225, -1.021274, 10.55323 ],
			"faces": {
				"down": { "uv": [ 7.75, 0, 8, 0.25 ], "texture": "#axe6_atlas" },
				"up": { "uv": [ 7.5, 0.25, 7.75, 0 ], "texture": "#axe6_atlas" },
				"north": { "uv": [ 15.5, 11.75, 15.25, 12 ], "texture": "#axe6_atlas" },
				"south": { "uv": [ 15, 11.75, 15.25, 12 ], "texture": "#axe6_atlas" },
				"west": { "uv": [ 14.75, 11.75, 15, 12 ], "texture": "#axe6_atlas" },
				"east": { "uv": [ 14.75, 11.75, 14.5, 12 ], "texture": "#axe6_atlas" }
			}
		},
		{
			"__comment": "Voxels",
			"from": [ 7.8298, -1.0213, 8.8511 ],
			"to": [ 8.170225, -0.6808745, 9.191525 ],
			"faces": {
				"down": { "uv": [ 12.25, 4.5, 12.5, 4.75 ], "texture": "#axe6_atlas" },
				"up": { "uv": [ 12, 4.75, 12.25, 4.5 ], "texture": "#axe6_atlas" },
				"north": { "uv": [ 11.25, 0.25, 11, 0.5 ], "texture": "#axe6_atlas" },
				"south": { "uv": [ 11, 0.5, 11.25, 0.75 ], "texture": "#axe6_atlas" },
				"west": { "uv": [ 14.25, 4.75, 14.5, 5 ], "texture": "#axe6_atlas" },
				"east": { "uv": [ 14.25, 4.75, 14, 5 ], "texture": "#axe6_atlas" }
			}
		},
		{
			"__comment": "Voxels",
			"from": [ 7.8298, -1.0213, 10.5532 ],
			"to": [ 8.170225, -0.6808745, 10.89363 ],
			"faces": {
				"down": { "uv": [ 10.75, 3.5, 11, 3.75 ], "texture": "#axe6_atlas" },
				"up": { "uv": [ 10.75, 4, 11, 3.75 ], "texture": "#axe6_atlas" },
				"north": { "uv": [ 11, 4.5, 10.75, 4.75 ], "texture": "#axe6_atlas" },
				"south": { "uv": [ 10.75, 4.75, 11, 5 ], "texture": "#axe6_atlas" },
				"west": { "uv": [ 14.75, 5, 15, 5.25 ], "texture": "#axe6_atlas" },
				"east": { "uv": [ 14.75, 5, 14.5, 5.25 ], "texture": "#axe6_atlas" }
			}
		},
		{
			"__comment": "Voxels",
			"from": [ 7.8298, -0.6809, 8.5106 ],
			"to": [ 8.170225, -0.000048935, 8.851026 ],
			"faces": {
				"down": { "uv": [ 12.25, 5, 12.5, 5.25 ], "texture": "#axe6_atlas" },
				"up": { "uv": [ 12, 5.25, 12.25, 5 ], "texture": "#axe6_atlas" },
				"north": { "uv": [ 9.75, 5.75, 9.5, 6.25 ], "texture": "#axe6_atlas" },
				"south": { "uv": [ 9.5, 5.25, 9.75, 5.75 ], "texture": "#axe6_atlas" },
				"west": { "uv": [ 9.5, 4.75, 9.75, 5.25 ], "texture": "#axe6_atlas" },
				"east": { "uv": [ 9.75, 3.25, 9.5, 3.75 ], "texture": "#axe6_atlas" }
			}
		},
		{
			"__comment": "Voxels",
			"from": [ 7.8298, -0.3404, 10.8936 ],
			"to": [ 8.170225, 0.000025541, 11.23403 ],
			"faces": {
				"down": { "uv": [ 11.75, 5, 12, 5.25 ], "texture": "#axe6_atlas" },
				"up": { "uv": [ 11.5, 5.25, 11.75, 5 ], "texture": "#axe6_atlas" },
				"north": { "uv": [ 11.5, 5, 11.25, 5.25 ], "texture": "#axe6_atlas" },
				"south": { "uv": [ 11, 5, 11.25, 5.25 ], "texture": "#axe6_atlas" },
				"west": { "uv": [ 13.5, 5.25, 13.75, 5.5 ], "texture": "#axe6_atlas" },
				"east": { "uv": [ 13, 5.25, 12.75, 5.5 ], "texture": "#axe6_atlas" }
			}
		},
		{
			"__comment": "Voxels",
			"from": [ 7.8298, 0, 10.5532 ],
			"to": [ 8.170225, 0.3404255, 10.89363 ],
			"faces": {
				"down": { "uv": [ 12.5, 5.25, 12.75, 5.5 ], "texture": "#axe6_atlas" },
				"up": { "uv": [ 12.25, 5.5, 12.5, 5.25 ], "texture": "#axe6_atlas" },
				"north": { "uv": [ 11.75, 5.25, 11.5, 5.5 ], "texture": "#axe6_atlas" },
				"south": { "uv": [ 11.25, 5.25, 11.5, 5.5 ], "texture": "#axe6_atlas" },
				"west": { "uv": [ 11, 5.25, 11.25, 5.5 ], "texture": "#axe6_atlas" },
				"east": { "uv": [ 11, 5.25, 10.75, 5.5 ], "texture": "#axe6_atlas" }
			}
		},
		{
			"__comment": "Voxels",
			"from": [ 7.8298, 0.3404, 8.8511 ],
			"to": [ 8.170225, 0.6808255, 9.191525 ],
			"faces": {
				"down": { "uv": [ 10.5, 5.25, 10.75, 5.5 ], "texture": "#axe6_atlas" },
				"up": { "uv": [ 10.25, 0.25, 10.5, 0 ], "texture": "#axe6_atlas" },
				"north": { "uv": [ 10.5, 0.25, 10.25, 0.5 ], "texture": "#axe6_atlas" },
				"south": { "uv": [ 10.25, 0.5, 10.5, 0.75 ], "texture": "#axe6_atlas" },
				"west": { "uv": [ 10.25, 0.75, 10.5, 1 ], "texture": "#axe6_atlas" },
				"east": { "uv": [ 10.5, 1, 10.25, 1.25 ], "texture": "#axe6_atlas" }
			}
		},
		{
			"__comment": "Voxels",
			"from": [ 7.8298, 1.0213, 9.531899 ],
			"to": [ 8.510651, 4.425555, 9.872325 ],
			"faces": {
				"down": { "uv": [ 11.5, 6.25, 12, 6.5 ], "texture": "#axe6_atlas" },
				"up": { "uv": [ 12, 6.5, 12.5, 6.25 ], "texture": "#axe6_atlas" },
				"north": { "uv": [ 4.25, 11.75, 3.75, 14.25 ], "texture": "#axe6_atlas" },
				"south": { "uv": [ 3.25, 11.75, 3.75, 14.25 ], "texture": "#axe6_atlas" },
				"west": { "uv": [ 12.25, 11.75, 12.5, 14.25 ], "texture": "#axe6_atlas" },
				"east": { "uv": [ 14.25, 11.75, 14, 14.25 ], "texture": "#axe6_atlas" }
			}
		},
		{
			"__comment": "Voxels",
			"from": [ 7.8298, 1.7021, 9.1915 ],
			"to": [ 8.170225, 3.404227, 9.531925 ],
			"faces": {
				"down": { "uv": [ 10.25, 2.75, 10.5, 3 ], "texture": "#axe6_atlas" },
				"up": { "uv": [ 10.25, 5.25, 10.5, 5 ], "texture": "#axe6_atlas" },
				"north": { "uv": [ 6.75, 4.5, 6.5, 5.75 ], "texture": "#axe6_atlas" },
				"south": { "uv": [ 6.5, 3.25, 6.75, 4.5 ], "texture": "#axe6_atlas" },
				"west": { "uv": [ 8.5, 12, 8.75, 13.25 ], "texture": "#axe6_atlas" },
				"east": { "uv": [ 10.25, 12, 10, 13.25 ], "texture": "#axe6_atlas" }
			}
		},
		{
			"__comment": "Voxels",
			"from": [ 7.8298, 2.7234, 10.5532 ],
			"to": [ 8.170225, 5.446804, 10.89363 ],
			"faces": {
				"down": { "uv": [ 15.5, 5.5, 15.75, 5.75 ], "texture": "#axe6_atlas" },
				"up": { "uv": [ 15.25, 5.75, 15.5, 5.5 ], "texture": "#axe6_atlas" },
				"north": { "uv": [ 5, 6, 4.75, 8 ], "texture": "#axe6_atlas" },
				"south": { "uv": [ 5.25, 1, 5.5, 3 ], "texture": "#axe6_atlas" },
				"west": { "uv": [ 4.5, 0.25, 4.75, 2.25 ], "texture": "#axe6_atlas" },
				"east": { "uv": [ 5, 1, 4.75, 3 ], "texture": "#axe6_atlas" }
			}
		},
		{
			"__comment": "Voxels",
			"from": [ 7.8298, 4.0851, 9.8723 ],
			"to": [ 8.510651, 5.446802, 10.21273 ],
			"faces": {
				"down": { "uv": [ 12.5, 6.25, 13, 6.5 ], "texture": "#axe6_atlas" },
				"up": { "uv": [ 11.75, 6.25, 12.25, 6 ], "texture": "#axe6_atlas" },
				"north": { "uv": [ 5.25, 5, 4.75, 6 ], "texture": "#axe6_atlas" },
				"south": { "uv": [ 4.75, 0, 5.25, 1 ], "texture": "#axe6_atlas" },
				"west": { "uv": [ 12.25, 9.5, 12.5, 10.5 ], "texture": "#axe6_atlas" },
				"east": { "uv": [ 7, 8, 6.75, 9 ], "texture": "#axe6_atlas" }
			}
		},
		{
			"__comment": "Voxels",
			"from": [ 7.8298, 4.4255, 9.531899 ],
			"to": [ 8.170225, 5.106351, 9.872325 ],
			"faces": {
				"down": { "uv": [ 15, 5.5, 15.25, 5.75 ], "texture": "#axe6_atlas" },
				"up": { "uv": [ 14.75, 5.75, 15, 5.5 ], "texture": "#axe6_atlas" },
				"north": { "uv": [ 10, 5.5, 9.75, 6 ], "texture": "#axe6_atlas" },
				"south": { "uv": [ 9.75, 5, 10, 5.5 ], "texture": "#axe6_atlas" },
				"west": { "uv": [ 9.75, 4.5, 10, 5 ], "texture": "#axe6_atlas" },
				"east": { "uv": [ 4.25, 0, 4, 0.5 ], "texture": "#axe6_atlas" }
			}
		},
		{
			"__comment": "Voxels",
			"from": [ 7.8298, 6.4681, 9.8723 ],
			"to": [ 8.510651, 14.29789, 10.21273 ],
			"faces": {
				"down": { "uv": [ 14, 14.25, 14.5, 14.5 ], "texture": "#axe6_atlas" },
				"up": { "uv": [ 2.75, 0.25, 3.25, 0 ], "texture": "#axe6_atlas" },
				"north": { "uv": [ 0.5, 0.25, 0, 6 ], "texture": "#axe6_atlas" },
				"south": { "uv": [ 0.75, 10.25, 1.25, 16 ], "texture": "#axe6_atlas" },
				"west": { "uv": [ 1.75, 7, 2, 12.75 ], "texture": "#axe6_atlas" },
				"east": { "uv": [ 0.75, 0.25, 0.5, 6 ], "texture": "#axe6_atlas" }
			}
		},
		{
			"__comment": "Voxels",
			"from": [ 7.8298, 6.8085, 10.2128 ],
			"to": [ 8.170225, 8.851053, 10.55323 ],
			"faces": {
				"down": { "uv": [ 14, 5.5, 14.25, 5.75 ], "texture": "#axe6_atlas" },
				"up": { "uv": [ 13.75, 5.75, 14, 5.5 ], "texture": "#axe6_atlas" },
				"north": { "uv": [ 8, 9.5, 7.75, 11 ], "texture": "#axe6_atlas" },
				"south": { "uv": [ 6.25, 9.5, 6.5, 11 ], "texture": "#axe6_atlas" },
				"west": { "uv": [ 8, 9.5, 8.25, 11 ], "texture": "#axe6_atlas" },
				"east": { "uv": [ 8.5, 9.5, 8.25, 11 ], "texture": "#axe6_atlas" }
			}
		},
		{
			"__comment": "Voxels",
			"from": [ 7.8298, 7.4894, 9.1915 ],
			"to": [ 8.170225, 8.170251, 9.531925 ],
			"faces": {
				"down": { "uv": [ 13.5, 5.5, 13.75, 5.75 ], "texture": "#axe6_atlas" },
				"up": { "uv": [ 10, 4.5, 10.25, 4.25 ], "texture": "#axe6_atlas" },
				"north": { "uv": [ 5.75, 0, 5.5, 0.5 ], "texture": "#axe6_atlas" },
				"south": { "uv": [ 6, 0, 6.25, 0.5 ], "texture": "#axe6_atlas" },
				"west": { "uv": [ 14.25, 9.5, 14.5, 10 ], "texture": "#axe6_atlas" },
				"east": { "uv": [ 16, 9, 15.75, 9.5 ], "texture": "#axe6_atlas" }
			}
		},
		{
			"__comment": "Voxels",
			"from": [ 7.8298, 7.8298, 6.8085 ],
			"to": [ 8.170225, 11.91491, 7.489351 ],
			"faces": {
				"down": { "uv": [ 8.25, 1.75, 8.5, 2.25 ], "texture": "#axe6_atlas" },
				"up": { "uv": [ 8.25, 1.75, 8.5, 1.25 ], "texture": "#axe6_atlas" },
				"north": { "uv": [ 4.25, 8.75, 4, 11.75 ], "texture": "#axe6_atlas" },
				"south": { "uv": [ 2.5, 2.75, 2.75, 5.75 ], "texture": "#axe6_atlas" },
				"west": { "uv": [ 2, 2.75, 2.5, 5.75 ], "texture": "#axe6_atlas" },
				"east": { "uv": [ 3.25, 8.25, 2.75, 11.25 ], "texture": "#axe6_atlas" }
			}
		},
		{
			"__comment": "Voxels",
			"from": [ 7.8298, 7.8298, 7.4894 ],
			"to": [ 8.170225, 11.57448, 7.829825 ],
			"faces": {
				"down": { "uv": [ 10, 5.5, 10.25, 5.75 ], "texture": "#axe6_atlas" },
				"up": { "uv": [ 14, 6, 14.25, 5.75 ], "texture": "#axe6_atlas" },
				"north": { "uv": [ 4.5, 9, 4.25, 11.75 ], "texture": "#axe6_atlas" },
				"south": { "uv": [ 4.25, 0.75, 4.5, 3.5 ], "texture": "#axe6_atlas" },
				"west": { "uv": [ 4.25, 6.25, 4.5, 9 ], "texture": "#axe6_atlas" },
				"east": { "uv": [ 4.25, 0.5, 4, 3.25 ], "texture": "#axe6_atlas" }
			}
		},
		{
			"__comment": "Voxels",
			"from": [ 7.8298, 7.8298, 7.8298 ],
			"to": [ 8.170225, 8.851076, 8.170225 ],
			"faces": {
				"down": { "uv": [ 13.25, 5.75, 13.5, 6 ], "texture": "#axe6_atlas" },
				"up": { "uv": [ 13, 6, 13.25, 5.75 ], "texture": "#axe6_atlas" },
				"north": { "uv": [ 8.5, 4.5, 8.25, 5.25 ], "texture": "#axe6_atlas" },
				"south": { "uv": [ 8.25, 3, 8.5, 3.75 ], "texture": "#axe6_atlas" },
				"west": { "uv": [ 7.75, 4, 8, 4.75 ], "texture": "#axe6_atlas" },
				"east": { "uv": [ 8, 3.25, 7.75, 4 ], "texture": "#axe6_atlas" }
			}
		},
		{
			"__comment": "Voxels",
			"from": [ 7.8298, 8.170199, 5.4468 ],
			"to": [ 8.170225, 10.8936, 5.787225 ],
			"faces": {
				"down": { "uv": [ 15.25, 9.5, 15.5, 9.75 ], "texture": "#axe6_atlas" },
				"up": { "uv": [ 15, 9.75, 15.25, 9.5 ], "texture": "#axe6_atlas" },
				"north": { "uv": [ 5.5, 3, 5.25, 5 ], "texture": "#axe6_atlas" },
				"south": { "uv": [ 5.25, 5, 5.5, 7 ], "texture": "#axe6_atlas" },
				"west": { "uv": [ 4.75, 3, 5, 5 ], "texture": "#axe6_atlas" },
				"east": { "uv": [ 5.25, 6, 5, 8 ], "texture": "#axe6_atlas" }
			}
		},
		{
			"__comment": "Voxels",
			"from": [ 7.8298, 8.170199, 5.7872 ],
			"to": [ 8.170225, 10.55318, 6.808476 ],
			"faces": {
				"down": { "uv": [ 7.75, 1, 8, 1.75 ], "texture": "#axe6_atlas" },
				"up": { "uv": [ 7.75, 1, 8, 0.25 ], "texture": "#axe6_atlas" },
				"north": { "uv": [ 5.75, 7.5, 5.5, 9.25 ], "texture": "#axe6_atlas" },
				"south": { "uv": [ 5.75, 9.25, 6, 11 ], "texture": "#axe6_atlas" },
				"west": { "uv": [ 2, 1, 2.75, 2.75 ], "texture": "#axe6_atlas" },
				"east": { "uv": [ 8, 14.25, 7.25, 16 ], "texture": "#axe6_atlas" }
			}
		},
		{
			"__comment": "Voxels",
			"from": [ 7.8298, 8.5106, 4.766 ],
			"to": [ 8.170225, 10.89358, 5.446851 ],
			"faces": {
				"down": { "uv": [ 8.25, 0.75, 8.5, 1.25 ], "texture": "#axe6_atlas" },
				"up": { "uv": [ 8.25, 0.75, 8.5, 0.25 ], "texture": "#axe6_atlas" },
				"north": { "uv": [ 6, 7.5, 5.75, 9.25 ], "texture": "#axe6_atlas" },
				"south": { "uv": [ 5.75, 5.75, 6, 7.5 ], "texture": "#axe6_atlas" },
				"west": { "uv": [ 13, 14.25, 13.5, 16 ], "texture": "#axe6_atlas" },
				"east": { "uv": [ 14, 14.25, 13.5, 16 ], "texture": "#axe6_atlas" }
			}
		},
		{
			"__comment": "Voxels",
			"from": [ 7.8298, 8.5106, 8.8511 ],
			"to": [ 8.170225, 9.531877, 9.191525 ],
			"faces": {
				"down": { "uv": [ 4.5, 0, 4.75, 0.25 ], "texture": "#axe6_atlas" },
				"up": { "uv": [ 3.75, 0.25, 4, 0 ], "texture": "#axe6_atlas" },
				"north": { "uv": [ 8.25, 6, 8, 6.75 ], "texture": "#axe6_atlas" },
				"south": { "uv": [ 8.25, 2.25, 8.5, 3 ], "texture": "#axe6_atlas" },
				"west": { "uv": [ 8, 4.5, 8.25, 5.25 ], "texture": "#axe6_atlas" },
				"east": { "uv": [ 8.25, 3.75, 8, 4.5 ], "texture": "#axe6_atlas" }
			}
		},
		{
			"__comment": "Voxels",
			"from": [ 7.8298, 8.8511, 4.4255 ],
			"to": [ 8.170225, 10.89365, 4.765925 ],
			"faces": {
				"down": { "uv": [ 13.75, 4.75, 14, 5 ], "texture": "#axe6_atlas" },
				"up": { "uv": [ 13.5, 5, 13.75, 4.75 ], "texture": "#axe6_atlas" },
				"north": { "uv": [ 9.75, 9.5, 9.5, 11 ], "texture": "#axe6_atlas" },
				"south": { "uv": [ 9.75, 9.5, 10, 11 ], "texture": "#axe6_atlas" },
				"west": { "uv": [ 10, 9.5, 10.25, 11 ], "texture": "#axe6_atlas" },
				"east": { "uv": [ 6, 2.5, 5.75, 4 ], "texture": "#axe6_atlas" }
			}
		},
		{
			"__comment": "Voxels",
			"from": [ 7.8298, 9.1915, 4.0851 ],
			"to": [ 8.170225, 11.23405, 4.425525 ],
			"faces": {
				"down": { "uv": [ 13.25, 4.75, 13.5, 5 ], "texture": "#axe6_atlas" },
				"up": { "uv": [ 13, 5, 13.25, 4.75 ], "texture": "#axe6_atlas" },
				"north": { "uv": [ 6, 1, 5.75, 2.5 ], "texture": "#axe6_atlas" },
				"south": { "uv": [ 6, 9.5, 6.25, 11 ], "texture": "#axe6_atlas" },
				"west": { "uv": [ 6, 8, 6.25, 9.5 ], "texture": "#axe6_atlas" },
				"east": { "uv": [ 6.25, 6.5, 6, 8 ], "texture": "#axe6_atlas" }
			}
		},
		{
			"__comment": "Voxels",
			"from": [ 7.8298, 9.531899, 3.7447 ],
			"to": [ 8.170225, 11.23403, 4.085125 ],
			"faces": {
				"down": { "uv": [ 10.75, 2.5, 11, 2.75 ], "texture": "#axe6_atlas" },
				"up": { "uv": [ 10.75, 3, 11, 2.75 ], "texture": "#axe6_atlas" },
				"north": { "uv": [ 16, 9.75, 15.75, 11 ], "texture": "#axe6_atlas" },
				"south": { "uv": [ 6.25, 5.75, 6.5, 7 ], "texture": "#axe6_atlas" },
				"west": { "uv": [ 6.25, 4.5, 6.5, 5.75 ], "texture": "#axe6_atlas" },
				"east": { "uv": [ 6.75, 7, 6.5, 8.25 ], "texture": "#axe6_atlas" }
			}
		},
		{
			"__comment": "Voxels",
			"from": [ 7.8298, 9.8723, 3.4043 ],
			"to": [ 8.170225, 11.234, 3.744725 ],
			"faces": {
				"down": { "uv": [ 15.75, 5, 16, 5.25 ], "texture": "#axe6_atlas" },
				"up": { "uv": [ 15.5, 5.25, 15.75, 5 ], "texture": "#axe6_atlas" },
				"north": { "uv": [ 6.75, 2.25, 6.5, 3.25 ], "texture": "#axe6_atlas" },
				"south": { "uv": [ 5.25, 0, 5.5, 1 ], "texture": "#axe6_atlas" },
				"west": { "uv": [ 6.5, 0.25, 6.75, 1.25 ], "texture": "#axe6_atlas" },
				"east": { "uv": [ 7, 7, 6.75, 8 ], "texture": "#axe6_atlas" }
			}
		},
		{
			"__comment": "Voxels",
			"from": [ 7.8298, 9.8723, 7.8298 ],
			"to": [ 8.510651, 10.89358, 8.170225 ],
			"faces": {
				"down": { "uv": [ 3.25, 0, 3.75, 0.25 ], "texture": "#axe6_atlas" },
				"up": { "uv": [ 4.25, 12, 4.75, 11.75 ], "texture": "#axe6_atlas" },
				"north": { "uv": [ 16, 14.25, 15.5, 15 ], "texture": "#axe6_atlas" },
				"south": { "uv": [ 10.75, 11, 11.25, 11.75 ], "texture": "#axe6_atlas" },
				"west": { "uv": [ 7.75, 1.75, 8, 2.5 ], "texture": "#axe6_atlas" },
				"east": { "uv": [ 8, 2.5, 7.75, 3.25 ], "texture": "#axe6_atlas" }
			}
		},
		{
			"__comment": "Voxels",
			"from": [ 7.8298, 9.8723, 9.531899 ],
			"to": [ 8.851076, 14.29783, 9.872325 ],
			"faces": {
				"down": { "uv": [ 15.25, 8.5, 16, 8.75 ], "texture": "#axe6_atlas" },
				"up": { "uv": [ 8, 12, 8.75, 11.75 ], "texture": "#axe6_atlas" },
				"north": { "uv": [ 2.75, 12.75, 2, 16 ], "texture": "#axe6_atlas" },
				"south": { "uv": [ 1.25, 12.75, 2, 16 ], "texture": "#axe6_atlas" },
				"west": { "uv": [ 1.75, 3.75, 2, 7 ], "texture": "#axe6_atlas" },
				"east": { "uv": [ 4, 8.5, 3.75, 11.75 ], "texture": "#axe6_atlas" }
			}
		},
		{
			"__comment": "Voxels",
			"from": [ 7.8298, 10.5532, 3.0638 ],
			"to": [ 8.170225, 11.23405, 3.404225 ],
			"faces": {
				"down": { "uv": [ 12.75, 4.5, 13, 4.75 ], "texture": "#axe6_atlas" },
				"up": { "uv": [ 12.5, 4.75, 12.75, 4.5 ], "texture": "#axe6_atlas" },
				"north": { "uv": [ 8.75, 6.75, 8.5, 7.25 ], "texture": "#axe6_atlas" },
				"south": { "uv": [ 8.5, 6.25, 8.75, 6.75 ], "texture": "#axe6_atlas" },
				"west": { "uv": [ 8.5, 5.75, 8.75, 6.25 ], "texture": "#axe6_atlas" },
				"east": { "uv": [ 8.75, 5.25, 8.5, 5.75 ], "texture": "#axe6_atlas" }
			}
		},
		{
			"__comment": "Voxels",
			"from": [ 7.8298, 10.5532, 6.1277 ],
			"to": [ 8.170225, 10.89363, 6.808551 ],
			"faces": {
				"down": { "uv": [ 8.5, 4.75, 8.75, 5.25 ], "texture": "#axe6_atlas" },
				"up": { "uv": [ 8.5, 4.75, 8.75, 4.25 ], "texture": "#axe6_atlas" },
				"north": { "uv": [ 13, 4.75, 12.75, 5 ], "texture": "#axe6_atlas" },
				"south": { "uv": [ 12.5, 4.75, 12.75, 5 ], "texture": "#axe6_atlas" },
				"west": { "uv": [ 4.75, 11.75, 5.25, 12 ], "texture": "#axe6_atlas" },
				"east": { "uv": [ 5.75, 11.75, 5.25, 12 ], "texture": "#axe6_atlas" }
			}
		},
		{
			"__comment": "Voxels",
			"from": [ 7.8298, 10.5532, 8.5106 ],
			"to": [ 8.510651, 12.93618, 8.851026 ],
			"faces": {
				"down": { "uv": [ 5.75, 11.75, 6.25, 12 ], "texture": "#axe6_atlas" },
				"up": { "uv": [ 7, 12, 7.5, 11.75 ], "texture": "#axe6_atlas" },
				"north": { "uv": [ 13, 14.25, 12.5, 16 ], "texture": "#axe6_atlas" },
				"south": { "uv": [ 12, 14.25, 12.5, 16 ], "texture": "#axe6_atlas" },
				"west": { "uv": [ 5.75, 4, 6, 5.75 ], "texture": "#axe6_atlas" },
				"east": { "uv": [ 5.75, 9.25, 5.5, 11 ], "texture": "#axe6_atlas" }
			}
		},
		{
			"__comment": "Voxels",
			"from": [ 7.8298, 10.8936, 2.7234 ],
			"to": [ 8.170225, 11.23403, 3.063825 ],
			"faces": {
				"down": { "uv": [ 12.75, 5, 13, 5.25 ], "texture": "#axe6_atlas" },
				"up": { "uv": [ 12.5, 5.25, 12.75, 5 ], "texture": "#axe6_atlas" },
				"north": { "uv": [ 10.5, 5.25, 10.25, 5.5 ], "texture": "#axe6_atlas" },
				"south": { "uv": [ 15.75, 5.5, 16, 5.75 ], "texture": "#axe6_atlas" },
				"west": { "uv": [ 10.25, 5.75, 10.5, 6 ], "texture": "#axe6_atlas" },
				"east": { "uv": [ 10.25, 5.75, 10, 6 ], "texture": "#axe6_atlas" }
			}
		},
		{
			"__comment": "Voxels",
			"from": [ 7.8298, 10.8936, 10.5532 ],
			"to": [ 8.170225, 12.93615, 11.57448 ],
			"faces": {
				"down": { "uv": [ 7.5, 1, 7.75, 1.75 ], "texture": "#axe6_atlas" },
				"up": { "uv": [ 7.5, 1, 7.75, 0.25 ], "texture": "#axe6_atlas" },
				"north": { "uv": [ 7.5, 9.5, 7.25, 11 ], "texture": "#axe6_atlas" },
				"south": { "uv": [ 7.5, 9.5, 7.75, 11 ], "texture": "#axe6_atlas" },
				"west": { "uv": [ 8.75, 14.5, 9.5, 16 ], "texture": "#axe6_atlas" },
				"east": { "uv": [ 8.75, 14.5, 8, 16 ], "texture": "#axe6_atlas" }
			}
		},
		{
			"__comment": "Voxels",
			"from": [ 7.8298, 11.234, 9.1915 ],
			"to": [ 8.851076, 13.27655, 9.531925 ],
			"faces": {
				"down": { "uv": [ 11.25, 8, 12, 8.25 ], "texture": "#axe6_atlas" },
				"up": { "uv": [ 8.5, 8.25, 9.25, 8 ], "texture": "#axe6_atlas" },
				"north": { "uv": [ 11, 14.5, 10.25, 16 ], "texture": "#axe6_atlas" },
				"south": { "uv": [ 9.5, 14.5, 10.25, 16 ], "texture": "#axe6_atlas" },
				"west": { "uv": [ 6.5, 9.5, 6.75, 11 ], "texture": "#axe6_atlas" },
				"east": { "uv": [ 13.25, 9.5, 13, 11 ], "texture": "#axe6_atlas" }
			}
		},
		{
			"__comment": "Voxels",
			"from": [ 7.8298, 11.234, 11.5745 ],
			"to": [ 8.170225, 12.93613, 11.91493 ],
			"faces": {
				"down": { "uv": [ 14.25, 5.5, 14.5, 5.75 ], "texture": "#axe6_atlas" },
				"up": { "uv": [ 14.5, 5.75, 14.75, 5.5 ], "texture": "#axe6_atlas" },
				"north": { "uv": [ 15, 9.75, 14.75, 11 ], "texture": "#axe6_atlas" },
				"south": { "uv": [ 15.25, 9.75, 15.5, 11 ], "texture": "#axe6_atlas" },
				"west": { "uv": [ 6.25, 8.25, 6.5, 9.5 ], "texture": "#axe6_atlas" },
				"east": { "uv": [ 15.25, 9.75, 15, 11 ], "texture": "#axe6_atlas" }
			}
		},
		{
			"__comment": "Voxels",
			"from": [ 7.8298, 11.234, 11.9149 ],
			"to": [ 8.170225, 12.5957, 12.25533 ],
			"faces": {
				"down": { "uv": [ 15, 5, 15.25, 5.25 ], "texture": "#axe6_atlas" },
				"up": { "uv": [ 15.25, 5.25, 15.5, 5 ], "texture": "#axe6_atlas" },
				"north": { "uv": [ 7, 5, 6.75, 6 ], "texture": "#axe6_atlas" },
				"south": { "uv": [ 6.75, 6, 7, 7 ], "texture": "#axe6_atlas" },
				"west": { "uv": [ 6.75, 1, 7, 2 ], "texture": "#axe6_atlas" },
				"east": { "uv": [ 7, 2, 6.75, 3 ], "texture": "#axe6_atlas" }
			}
		},
		{
			"__comment": "Voxels",
			"from": [ 7.8298, 11.234, 12.2553 ],
			"to": [ 8.170225, 11.91485, 12.59573 ],
			"faces": {
				"down": { "uv": [ 9, 0, 9.25, 0.25 ], "texture": "#axe6_atlas" },
				"up": { "uv": [ 15.75, 6.75, 16, 6.5 ], "texture": "#axe6_atlas" },
				"north": { "uv": [ 8.75, 3.25, 8.5, 3.75 ], "texture": "#axe6_atlas" },
				"south": { "uv": [ 8.5, 2.75, 8.75, 3.25 ], "texture": "#axe6_atlas" },
				"west": { "uv": [ 8.5, 2.25, 8.75, 2.75 ], "texture": "#axe6_atlas" },
				"east": { "uv": [ 8.75, 1.75, 8.5, 2.25 ], "texture": "#axe6_atlas" }
			}
		},
		{
			"__comment": "Voxels",
			"from": [ 7.8298, 11.234, 12.5957 ],
			"to": [ 8.170225, 11.57442, 13.27655 ],
			"faces": {
				"down": { "uv": [ 8.5, 1.25, 8.75, 1.75 ], "texture": "#axe6_atlas" },
				"up": { "uv": [ 8.5, 1.25, 8.75, 0.75 ], "texture": "#axe6_atlas" },
				"north": { "uv": [ 10.5, 2.5, 10.25, 2.75 ], "texture": "#axe6_atlas" },
				"south": { "uv": [ 10.25, 2.25, 10.5, 2.5 ], "texture": "#axe6_atlas" },
				"west": { "uv": [ 7.5, 11.75, 8, 12 ], "texture": "#axe6_atlas" },
				"east": { "uv": [ 9.5, 11.75, 9, 12 ], "texture": "#axe6_atlas" }
			}
		},
		{
			"__comment": "Voxels",
			"from": [ 7.8298, 11.9149, 7.1489 ],
			"to": [ 8.510651, 14.97873, 7.489326 ],
			"faces": {
				"down": { "uv": [ 10.75, 11.75, 11.25, 12 ], "texture": "#axe6_atlas" },
				"up": { "uv": [ 15.5, 12, 16, 11.75 ], "texture": "#axe6_atlas" },
				"north": { "uv": [ 5.25, 12, 4.75, 14.25 ], "texture": "#axe6_atlas" },
				"south": { "uv": [ 4.25, 12, 4.75, 14.25 ], "texture": "#axe6_atlas" },
				"west": { "uv": [ 15.25, 12, 15.5, 14.25 ], "texture": "#axe6_atlas" },
				"east": { "uv": [ 14.75, 12, 14.5, 14.25 ], "texture": "#axe6_atlas" }
			}
		},
		{
			"__comment": "Voxels",
			"from": [ 7.8298, 12.2553, 6.4681 ],
			"to": [ 8.170225, 16.34041, 7.148951 ],
			"faces": {
				"down": { "uv": [ 8.5, 0.25, 8.75, 0.75 ], "texture": "#axe6_atlas" },
				"up": { "uv": [ 8.75, 7.25, 9, 6.75 ], "texture": "#axe6_atlas" },
				"north": { "uv": [ 4, 2.5, 3.75, 5.5 ], "texture": "#axe6_atlas" },
				"south": { "uv": [ 3.75, 5.5, 4, 8.5 ], "texture": "#axe6_atlas" },
				"west": { "uv": [ 2.75, 11.25, 3.25, 14.25 ], "texture": "#axe6_atlas" },
				"east": { "uv": [ 3.25, 5.25, 2.75, 8.25 ], "texture": "#axe6_atlas" }
			}
		},
		{
			"__comment": "Voxels",
			"from": [ 7.8298, 12.2553, 7.8298 ],
			"to": [ 8.510651, 15.31913, 8.170225 ],
			"faces": {
				"down": { "uv": [ 15.5, 11, 16, 11.25 ], "texture": "#axe6_atlas" },
				"up": { "uv": [ 15.5, 9.75, 16, 9.5 ], "texture": "#axe6_atlas" },
				"north": { "uv": [ 6.25, 12, 5.75, 14.25 ], "texture": "#axe6_atlas" },
				"south": { "uv": [ 5.25, 12, 5.75, 14.25 ], "texture": "#axe6_atlas" },
				"west": { "uv": [ 4.5, 2.25, 4.75, 4.5 ], "texture": "#axe6_atlas" },
				"east": { "uv": [ 15.75, 12, 15.5, 14.25 ], "texture": "#axe6_atlas" }
			}
		},
		{
			"__comment": "Voxels",
			"from": [ 7.8298, 12.5957, 3.7447 ],
			"to": [ 8.170225, 13.27655, 4.085125 ],
			"faces": {
				"down": { "uv": [ 8.5, 0, 8.75, 0.25 ], "texture": "#axe6_atlas" },
				"up": { "uv": [ 8.75, 0.25, 9, 0 ], "texture": "#axe6_atlas" },
				"north": { "uv": [ 9, 6.25, 8.75, 6.75 ], "texture": "#axe6_atlas" },
				"south": { "uv": [ 8.75, 5.75, 9, 6.25 ], "texture": "#axe6_atlas" },
				"west": { "uv": [ 8.75, 5.25, 9, 5.75 ], "texture": "#axe6_atlas" },
				"east": { "uv": [ 9, 4.75, 8.75, 5.25 ], "texture": "#axe6_atlas" }
			}
		},
		{
			"__comment": "Voxels",
			"from": [ 7.8298, 12.5957, 4.4255 ],
			"to": [ 8.170225, 14.63825, 4.765925 ],
			"faces": {
				"down": { "uv": [ 10.5, 5.75, 10.75, 6 ], "texture": "#axe6_atlas" },
				"up": { "uv": [ 10.75, 6, 11, 5.75 ], "texture": "#axe6_atlas" },
				"north": { "uv": [ 9.5, 9.5, 9.25, 11 ], "texture": "#axe6_atlas" },
				"south": { "uv": [ 9, 9.5, 9.25, 11 ], "texture": "#axe6_atlas" },
				"west": { "uv": [ 8.75, 9.5, 9, 11 ], "texture": "#axe6_atlas" },
				"east": { "uv": [ 8.75, 9.5, 8.5, 11 ], "texture": "#axe6_atlas" }
			}
		},
		{
			"__comment": "Voxels",
			"from": [ 7.8298, 12.5957, 6.1277 ],
			"to": [ 8.170225, 15.99995, 6.468125 ],
			"faces": {
				"down": { "uv": [ 10, 5.25, 10.25, 5.5 ], "texture": "#axe6_atlas" },
				"up": { "uv": [ 10, 4.75, 10.25, 4.5 ], "texture": "#axe6_atlas" },
				"north": { "uv": [ 13.25, 11.75, 13, 14.25 ], "texture": "#axe6_atlas" },
				"south": { "uv": [ 13.25, 11.75, 13.5, 14.25 ], "texture": "#axe6_atlas" },
				"west": { "uv": [ 10.25, 11.75, 10.5, 14.25 ], "texture": "#axe6_atlas" },
				"east": { "uv": [ 9, 11.75, 8.75, 14.25 ], "texture": "#axe6_atlas" }
			}
		},
		{
			"__comment": "Voxels",
			"from": [ 7.8298, 12.5957, 7.4894 ],
			"to": [ 8.510651, 14.97868, 7.829825 ],
			"faces": {
				"down": { "uv": [ 15.5, 8.25, 16, 8.5 ], "texture": "#axe6_atlas" },
				"up": { "uv": [ 10.75, 7.5, 11.25, 7.25 ], "texture": "#axe6_atlas" },
				"north": { "uv": [ 12, 14.25, 11.5, 16 ], "texture": "#axe6_atlas" },
				"south": { "uv": [ 11, 14.25, 11.5, 16 ], "texture": "#axe6_atlas" },
				"west": { "uv": [ 5.5, 5.75, 5.75, 7.5 ], "texture": "#axe6_atlas" },
				"east": { "uv": [ 5.75, 4, 5.5, 5.75 ], "texture": "#axe6_atlas" }
			}
		},
		{
			"__comment": "Voxels",
			"from": [ 7.8298, 12.5957, 8.170199 ],
			"to": [ 8.510651, 13.27655, 8.510625 ],
			"faces": {
				"down": { "uv": [ 11.25, 7.25, 11.75, 7.5 ], "texture": "#axe6_atlas" },
				"up": { "uv": [ 11.75, 7.5, 12.25, 7.25 ], "texture": "#axe6_atlas" },
				"north": { "uv": [ 10.75, 8.5, 10.25, 9 ], "texture": "#axe6_atlas" },
				"south": { "uv": [ 9.75, 8.5, 10.25, 9 ], "texture": "#axe6_atlas" },
				"west": { "uv": [ 8.75, 4.25, 9, 4.75 ], "texture": "#axe6_atlas" },
				"east": { "uv": [ 9, 3.75, 8.75, 4.25 ], "texture": "#axe6_atlas" }
			}
		},
		{
			"__comment": "Voxels",
			"from": [ 7.8298, 12.9362, 4.0851 ],
			"to": [ 8.170225, 13.95748, 4.425525 ],
			"faces": {
				"down": { "uv": [ 10.25, 2, 10.5, 2.25 ], "texture": "#axe6_atlas" },
				"up": { "uv": [ 10.25, 1.5, 10.5, 1.25 ], "texture": "#axe6_atlas" },
				"north": { "uv": [ 7.75, 1.75, 7.5, 2.5 ], "texture": "#axe6_atlas" },
				"south": { "uv": [ 7.5, 2.5, 7.75, 3.25 ], "texture": "#axe6_atlas" },
				"west": { "uv": [ 7.5, 3.25, 7.75, 4 ], "texture": "#axe6_atlas" },
				"east": { "uv": [ 7.75, 4, 7.5, 4.75 ], "texture": "#axe6_atlas" }
			}
		},
		{
			"__comment": "Voxels",
			"from": [ 7.8298, 12.9362, 4.766 ],
			"to": [ 8.170225, 14.97875, 6.127702 ],
			"faces": {
				"down": { "uv": [ 7, 3, 7.25, 4 ], "texture": "#axe6_atlas" },
				"up": { "uv": [ 7, 5, 7.25, 4 ], "texture": "#axe6_atlas" },
				"north": { "uv": [ 7.25, 9.5, 7, 11 ], "texture": "#axe6_atlas" },
				"south": { "uv": [ 6.75, 9.5, 7, 11 ], "texture": "#axe6_atlas" },
				"west": { "uv": [ 5.25, 14.5, 6.25, 16 ], "texture": "#axe6_atlas" },
				"east": { "uv": [ 7.25, 14.5, 6.25, 16 ], "texture": "#axe6_atlas" }
			}
		},
		{
			"__comment": "Voxels",
			"from": [ 7.8298, 12.9362, 8.5106 ],
			"to": [ 8.170225, 14.2979, 8.851026 ],
			"faces": {
				"down": { "uv": [ 11.75, 5.25, 12, 5.5 ], "texture": "#axe6_atlas" },
				"up": { "uv": [ 12, 5.5, 12.25, 5.25 ], "texture": "#axe6_atlas" },
				"north": { "uv": [ 7.25, 7, 7, 8 ], "texture": "#axe6_atlas" },
				"south": { "uv": [ 7, 8, 7.25, 9 ], "texture": "#axe6_atlas" },
				"west": { "uv": [ 6.75, 0, 7, 1 ], "texture": "#axe6_atlas" },
				"east": { "uv": [ 6.75, 1.25, 6.5, 2.25 ], "texture": "#axe6_atlas" }
			}
		},
		{
			"__comment": "Voxels",
			"from": [ 7.8298, 12.9362, 10.2128 ],
			"to": [ 8.170225, 13.27663, 10.55323 ],
			"faces": {
				"down": { "uv": [ 13.75, 5.25, 14, 5.5 ], "texture": "#axe6_atlas" },
				"up": { "uv": [ 14, 5.5, 14.25, 5.25 ], "texture": "#axe6_atlas" },
				"north": { "uv": [ 14.5, 5.25, 14.25, 5.5 ], "texture": "#axe6_atlas" },
				"south": { "uv": [ 10.5, 4.5, 10.75, 4.75 ], "texture": "#axe6_atlas" },
				"west": { "uv": [ 10.5, 4.25, 10.75, 4.5 ], "texture": "#axe6_atlas" },
				"east": { "uv": [ 10.75, 4, 10.5, 4.25 ], "texture": "#axe6_atlas" }
			}
		},
		{
			"__comment": "Voxels",
			"from": [ 7.8298, 13.2766, 8.170199 ],
			"to": [ 8.170225, 13.61703, 8.510625 ],
			"faces": {
				"down": { "uv": [ 10.5, 1.5, 10.75, 1.75 ], "texture": "#axe6_atlas" },
				"up": { "uv": [ 10.5, 1.5, 10.75, 1.25 ], "texture": "#axe6_atlas" },
				"north": { "uv": [ 10.75, 1, 10.5, 1.25 ], "texture": "#axe6_atlas" },
				"south": { "uv": [ 10.5, 0.75, 10.75, 1 ], "texture": "#axe6_atlas" },
				"west": { "uv": [ 10.5, 0, 10.75, 0.25 ], "texture": "#axe6_atlas" },
				"east": { "uv": [ 11, 5, 10.75, 5.25 ], "texture": "#axe6_atlas" }
			}
		},
		{
			"__comment": "Voxels",
			"from": [ 7.8298, 13.617, 9.1915 ],
			"to": [ 8.851076, 14.63828, 9.531925 ],
			"faces": {
				"down": { "uv": [ 14.75, 11, 15.5, 11.25 ], "texture": "#axe6_atlas" },
				"up": { "uv": [ 13.5, 11.25, 14.25, 11 ], "texture": "#axe6_atlas" },
				"north": { "uv": [ 6.25, 11, 5.5, 11.75 ], "texture": "#axe6_atlas" },
				"south": { "uv": [ 4.75, 11, 5.5, 11.75 ], "texture": "#axe6_atlas" },
				"west": { "uv": [ 7.25, 0.25, 7.5, 1 ], "texture": "#axe6_atlas" },
				"east": { "uv": [ 7.5, 1, 7.25, 1.75 ], "texture": "#axe6_atlas" }
			}
		},
		{
			"__comment": "Voxels",
			"from": [ 7.8298, 13.9574, 8.8511 ],
			"to": [ 8.510651, 14.63825, 9.191525 ],
			"faces": {
				"down": { "uv": [ 12.25, 7.25, 12.75, 7.5 ], "texture": "#axe6_atlas" },
				"up": { "uv": [ 12.75, 7.5, 13.25, 7.25 ], "texture": "#axe6_atlas" },
				"north": { "uv": [ 12.25, 9, 11.75, 9.5 ], "texture": "#axe6_atlas" },
				"south": { "uv": [ 11.25, 9, 11.75, 9.5 ], "texture": "#axe6_atlas" },
				"west": { "uv": [ 8.75, 3.25, 9, 3.75 ], "texture": "#axe6_atlas" },
				"east": { "uv": [ 9, 2.75, 8.75, 3.25 ], "texture": "#axe6_atlas" }
			}
		},
		{
			"__comment": "Voxels",
			"from": [ 7.8298, 14.2979, 9.531899 ],
			"to": [ 8.510651, 15.31918, 9.872325 ],
			"faces": {
				"down": { "uv": [ 13.25, 7.25, 13.75, 7.5 ], "texture": "#axe6_atlas" },
				"up": { "uv": [ 13.75, 7.5, 14.25, 7.25 ], "texture": "#axe6_atlas" },
				"north": { "uv": [ 12.25, 11, 11.75, 11.75 ], "texture": "#axe6_atlas" },
				"south": { "uv": [ 11.25, 11, 11.75, 11.75 ], "texture": "#axe6_atlas" },
				"west": { "uv": [ 7.25, 1.75, 7.5, 2.5 ], "texture": "#axe6_atlas" },
				"east": { "uv": [ 8.5, 3.75, 8.25, 4.5 ], "texture": "#axe6_atlas" }
			}
		},
		{
			"__comment": "Voxels",
			"from": [ 7.8298, 14.2979, 9.8723 ],
			"to": [ 8.170225, 14.97875, 10.21273 ],
			"faces": {
				"down": { "uv": [ 10.75, 3.25, 11, 3.5 ], "texture": "#axe6_atlas" },
				"up": { "uv": [ 10.75, 3.25, 11, 3 ], "texture": "#axe6_atlas" },
				"north": { "uv": [ 9, 2.25, 8.75, 2.75 ], "texture": "#axe6_atlas" },
				"south": { "uv": [ 8.75, 1.75, 9, 2.25 ], "texture": "#axe6_atlas" },
				"west": { "uv": [ 8.75, 1.25, 9, 1.75 ], "texture": "#axe6_atlas" },
				"east": { "uv": [ 9, 0.75, 8.75, 1.25 ], "texture": "#axe6_atlas" }
			}
		},
		{
			"__comment": "Voxels",
			"from": [ 7.8298, 14.6383, 8.8511 ],
			"to": [ 8.170225, 15.31915, 9.531951 ],
			"faces": {
				"down": { "uv": [ 8.75, 0.25, 9, 0.75 ], "texture": "#axe6_atlas" },
				"up": { "uv": [ 9, 7.25, 9.25, 6.75 ], "texture": "#axe6_atlas" },
				"north": { "uv": [ 9.5, 6.75, 9.25, 7.25 ], "texture": "#axe6_atlas" },
				"south": { "uv": [ 9.5, 6.75, 9.75, 7.25 ], "texture": "#axe6_atlas" },
				"west": { "uv": [ 0.75, 0, 1.25, 0.5 ], "texture": "#axe6_atlas" },
				"east": { "uv": [ 12.25, 8.5, 11.75, 9 ], "texture": "#axe6_atlas" }
			}
		},
		{
			"__comment": "Voxels",
			"from": [ 7.8298, 14.9787, 5.1064 ],
			"to": [ 8.170225, 15.31913, 6.127676 ],
			"faces": {
				"down": { "uv": [ 15.75, 7.5, 16, 8.25 ], "texture": "#axe6_atlas" },
				"up": { "uv": [ 12, 8.25, 12.25, 7.5 ], "texture": "#axe6_atlas" },
				"north": { "uv": [ 11.25, 0, 11, 0.25 ], "texture": "#axe6_atlas" },
				"south": { "uv": [ 11.25, 4.5, 11.5, 4.75 ], "texture": "#axe6_atlas" },
				"west": { "uv": [ 11.25, 7.5, 12, 7.75 ], "texture": "#axe6_atlas" },
				"east": { "uv": [ 12, 7.75, 11.25, 8 ], "texture": "#axe6_atlas" }
			}
		},
		{
			"__comment": "Voxels",
			"from": [ 7.8298, 14.9787, 7.1489 ],
			"to": [ 8.170225, 16.68083, 7.829751 ],
			"faces": {
				"down": { "uv": [ 9.75, 6.75, 10, 7.25 ], "texture": "#axe6_atlas" },
				"up": { "uv": [ 10, 7.25, 10.25, 6.75 ], "texture": "#axe6_atlas" },
				"north": { "uv": [ 6.5, 7, 6.25, 8.25 ], "texture": "#axe6_atlas" },
				"south": { "uv": [ 14.5, 9.75, 14.75, 11 ], "texture": "#axe6_atlas" },
				"west": { "uv": [ 9, 12, 9.5, 13.25 ], "texture": "#axe6_atlas" },
				"east": { "uv": [ 10, 12, 9.5, 13.25 ], "texture": "#axe6_atlas" }
			}
		},
		{
			"__comment": "Voxels",
			"from": [ 7.8298, 15.3191, 5.4468 ],
			"to": [ 8.170225, 15.65952, 6.127651 ],
			"faces": {
				"down": { "uv": [ 10.25, 6.75, 10.5, 7.25 ], "texture": "#axe6_atlas" },
				"up": { "uv": [ 10.5, 7.25, 10.75, 6.75 ], "texture": "#axe6_atlas" },
				"north": { "uv": [ 14.75, 9.5, 14.5, 9.75 ], "texture": "#axe6_atlas" },
				"south": { "uv": [ 14.75, 9.5, 15, 9.75 ], "texture": "#axe6_atlas" },
				"west": { "uv": [ 14.25, 7.25, 14.75, 7.5 ], "texture": "#axe6_atlas" },
				"east": { "uv": [ 15.25, 7.25, 14.75, 7.5 ], "texture": "#axe6_atlas" }
			}
		},
		{
			"__comment": "Voxels",
			"from": [ 7.8298, 15.3191, 7.8298 ],
			"to": [ 8.170225, 16.34038, 8.170225 ],
			"faces": {
				"down": { "uv": [ 6.5, 0, 6.75, 0.25 ], "texture": "#axe6_atlas" },
				"up": { "uv": [ 7.25, 0.25, 7.5, 0 ], "texture": "#axe6_atlas" },
				"north": { "uv": [ 8.25, 0.75, 8, 1.5 ], "texture": "#axe6_atlas" },
				"south": { "uv": [ 8, 1.5, 8.25, 2.25 ], "texture": "#axe6_atlas" },
				"west": { "uv": [ 8.25, 6.75, 8.5, 7.5 ], "texture": "#axe6_atlas" },
				"east": { "uv": [ 14.75, 7.5, 14.5, 8.25 ], "texture": "#axe6_atlas" }
			}
		},
		{
			"__comment": "Voxels",
			"from": [ 7.8298, 15.3191, 9.1915 ],
			"to": [ 8.510651, 15.65952, 9.531925 ],
			"faces": {
				"down": { "uv": [ 15.25, 7.25, 15.75, 7.5 ], "texture": "#axe6_atlas" },
				"up": { "uv": [ 10.75, 7.25, 11.25, 7 ], "texture": "#axe6_atlas" },
				"north": { "uv": [ 11.25, 6.75, 10.75, 7 ], "texture": "#axe6_atlas" },
				"south": { "uv": [ 11.25, 7, 11.75, 7.25 ], "texture": "#axe6_atlas" },
				"west": { "uv": [ 9.5, 0, 9.75, 0.25 ], "texture": "#axe6_atlas" },
				"east": { "uv": [ 12.5, 6, 12.25, 6.25 ], "texture": "#axe6_atlas" }
			}
		},
		{
			"__comment": "Voxels",
			"from": [ 7.8298, 15.3191, 9.531899 ],
			"to": [ 8.170225, 15.65952, 9.872325 ],
			"faces": {
				"down": { "uv": [ 12.5, 6, 12.75, 6.25 ], "texture": "#axe6_atlas" },
				"up": { "uv": [ 12.75, 6.25, 13, 6 ], "texture": "#axe6_atlas" },
				"north": { "uv": [ 13.25, 6, 13, 6.25 ], "texture": "#axe6_atlas" },
				"south": { "uv": [ 13.25, 6, 13.5, 6.25 ], "texture": "#axe6_atlas" },
				"west": { "uv": [ 13.5, 6, 13.75, 6.25 ], "texture": "#axe6_atlas" },
				"east": { "uv": [ 14, 6, 13.75, 6.25 ], "texture": "#axe6_atlas" }
			}
		},
		{
			"__comment": "Voxels",
			"from": [ 7.8298, 15.6596, 5.7872 ],
			"to": [ 8.170225, 16.00002, 6.127625 ],
			"faces": {
				"down": { "uv": [ 14, 6, 14.25, 6.25 ], "texture": "#axe6_atlas" },
				"up": { "uv": [ 14.25, 6.25, 14.5, 6 ], "texture": "#axe6_atlas" },
				"north": { "uv": [ 14.75, 6, 14.5, 6.25 ], "texture": "#axe6_atlas" },
				"south": { "uv": [ 14.75, 6, 15, 6.25 ], "texture": "#axe6_atlas" },
				"west": { "uv": [ 15, 6, 15.25, 6.25 ], "texture": "#axe6_atlas" },
				"east": { "uv": [ 15.5, 6, 15.25, 6.25 ], "texture": "#axe6_atlas" }
			}
		},
		{
			"__comment": "Voxels",
			"from": [ 7.8298, 16.3404, 6.8085 ],
			"to": [ 8.170225, 16.68082, 7.148925 ],
			"faces": {
				"down": { "uv": [ 15.5, 6, 15.75, 6.25 ], "texture": "#axe6_atlas" },
				"up": { "uv": [ 15.75, 6.25, 16, 6 ], "texture": "#axe6_atlas" },
				"north": { "uv": [ 10, 2.25, 9.75, 2.5 ], "texture": "#axe6_atlas" },
				"south": { "uv": [ 9.75, 2, 10, 2.25 ], "texture": "#axe6_atlas" },
				"west": { "uv": [ 9.75, 1.75, 10, 2 ], "texture": "#axe6_atlas" },
				"east": { "uv": [ 10, 1.5, 9.75, 1.75 ], "texture": "#axe6_atlas" }
			}
		},
		{
			"__comment": "Voxels",
			"from": [ 7.8298, 16.6809, 7.4894 ],
			"to": [ 8.170225, 17.02132, 7.829825 ],
			"faces": {
				"down": { "uv": [ 9.75, 1.25, 10, 1.5 ], "texture": "#axe6_atlas" },
				"up": { "uv": [ 9.75, 1.25, 10, 1 ], "texture": "#axe6_atlas" },
				"north": { "uv": [ 10, 0.75, 9.75, 1 ], "texture": "#axe6_atlas" },
				"south": { "uv": [ 9.75, 0.5, 10, 0.75 ], "texture": "#axe6_atlas" },
				"west": { "uv": [ 9.75, 0.25, 10, 0.5 ], "texture": "#axe6_atlas" },
				"east": { "uv": [ 10, 0, 9.75, 0.25 ], "texture": "#axe6_atlas" }
			}
		},
		{
			"__comment": "Voxels",
			"from": [ 8.170199, -1.0213, 9.8723 ],
			"to": [ 8.85105, -0.6808745, 10.21273 ],
			"faces": {
				"down": { "uv": [ 11.25, 6.75, 11.75, 7 ], "texture": "#axe6_atlas" },
				"up": { "uv": [ 11.75, 7.25, 12.25, 7 ], "texture": "#axe6_atlas" },
				"north": { "uv": [ 12.25, 6.75, 11.75, 7 ], "texture": "#axe6_atlas" },
				"south": { "uv": [ 12.25, 7, 12.75, 7.25 ], "texture": "#axe6_atlas" },
				"west": { "uv": [ 11, 5.75, 11.25, 6 ], "texture": "#axe6_atlas" },
				"east": { "uv": [ 11.5, 5.75, 11.25, 6 ], "texture": "#axe6_atlas" }
			}
		},
		{
			"__comment": "Voxels",
			"from": [ 8.170199, -0.6809, 9.1915 ],
			"to": [ 8.85105, -0.000048935, 9.872351 ],
			"faces": {
				"down": { "uv": [ 14.75, 9, 15.25, 9.5 ], "texture": "#axe6_atlas" },
				"up": { "uv": [ 14.25, 9.5, 14.75, 9 ], "texture": "#axe6_atlas" },
				"north": { "uv": [ 13.25, 9, 12.75, 9.5 ], "texture": "#axe6_atlas" },
				"south": { "uv": [ 12.25, 9, 12.75, 9.5 ], "texture": "#axe6_atlas" },
				"west": { "uv": [ 7.25, 8.5, 7.75, 9 ], "texture": "#axe6_atlas" },
				"east": { "uv": [ 8.75, 8.5, 8.25, 9 ], "texture": "#axe6_atlas" }
			}
		},
		{
			"__comment": "Voxels",
			"from": [ 8.170199, -0.6809, 10.2128 ],
			"to": [ 8.85105, -0.000048935, 10.55323 ],
			"faces": {
				"down": { "uv": [ 12.25, 6.75, 12.75, 7 ], "texture": "#axe6_atlas" },
				"up": { "uv": [ 12.75, 7.25, 13.25, 7 ], "texture": "#axe6_atlas" },
				"north": { "uv": [ 11.25, 8.5, 10.75, 9 ], "texture": "#axe6_atlas" },
				"south": { "uv": [ 11.25, 8.5, 11.75, 9 ], "texture": "#axe6_atlas" },
				"west": { "uv": [ 13.25, 6.75, 13.5, 7.25 ], "texture": "#axe6_atlas" },
				"east": { "uv": [ 8.75, 3.75, 8.5, 4.25 ], "texture": "#axe6_atlas" }
			}
		},
		{
			"__comment": "Voxels",
			"from": [ 8.170199, 0, 9.531899 ],
			"to": [ 8.85105, 0.680851, 10.21275 ],
			"faces": {
				"down": { "uv": [ 9.75, 9, 10.25, 9.5 ], "texture": "#axe6_atlas" },
				"up": { "uv": [ 10.25, 9.5, 10.75, 9 ], "texture": "#axe6_atlas" },
				"north": { "uv": [ 11.25, 9, 10.75, 9.5 ], "texture": "#axe6_atlas" },
				"south": { "uv": [ 13.25, 9, 13.75, 9.5 ], "texture": "#axe6_atlas" },
				"west": { "uv": [ 13.75, 9, 14.25, 9.5 ], "texture": "#axe6_atlas" },
				"east": { "uv": [ 15.75, 9, 15.25, 9.5 ], "texture": "#axe6_atlas" }
			}
		},
		{
			"__comment": "Voxels",
			"from": [ 8.170199, 0.6809, 9.531899 ],
			"to": [ 8.510625, 1.021325, 10.21275 ],
			"faces": {
				"down": { "uv": [ 13.5, 6.75, 13.75, 7.25 ], "texture": "#axe6_atlas" },
				"up": { "uv": [ 13.75, 7.25, 14, 6.75 ], "texture": "#axe6_atlas" },
				"north": { "uv": [ 10.25, 5, 10, 5.25 ], "texture": "#axe6_atlas" },
				"south": { "uv": [ 10, 4.75, 10.25, 5 ], "texture": "#axe6_atlas" },
				"west": { "uv": [ 12.75, 6.75, 13.25, 7 ], "texture": "#axe6_atlas" },
				"east": { "uv": [ 14.5, 7, 14, 7.25 ], "texture": "#axe6_atlas" }
			}
		},
		{
			"__comment": "Voxels",
			"from": [ 8.170199, 1.0213, 9.8723 ],
			"to": [ 8.510625, 4.08513, 10.21273 ],
			"faces": {
				"down": { "uv": [ 10, 4, 10.25, 4.25 ], "texture": "#axe6_atlas" },
				"up": { "uv": [ 10, 4, 10.25, 3.75 ], "texture": "#axe6_atlas" },
				"north": { "uv": [ 16, 12, 15.75, 14.25 ], "texture": "#axe6_atlas" },
				"south": { "uv": [ 4.5, 4.5, 4.75, 6.75 ], "texture": "#axe6_atlas" },
				"west": { "uv": [ 3.75, 0.25, 4, 2.5 ], "texture": "#axe6_atlas" },
				"east": { "uv": [ 4.75, 6.75, 4.5, 9 ], "texture": "#axe6_atlas" }
			}
		},
		{
			"__comment": "Voxels",
			"from": [ 8.170199, 5.4468, 9.8723 ],
			"to": [ 8.510625, 6.468076, 10.21273 ],
			"faces": {
				"down": { "uv": [ 10, 2.5, 10.25, 2.75 ], "texture": "#axe6_atlas" },
				"up": { "uv": [ 10, 2.5, 10.25, 2.25 ], "texture": "#axe6_atlas" },
				"north": { "uv": [ 8.25, 7.5, 8, 8.25 ], "texture": "#axe6_atlas" },
				"south": { "uv": [ 8, 6.75, 8.25, 7.5 ], "texture": "#axe6_atlas" },
				"west": { "uv": [ 9.75, 7.5, 10, 8.25 ], "texture": "#axe6_atlas" },
				"east": { "uv": [ 10.25, 7.5, 10, 8.25 ], "texture": "#axe6_atlas" }
			}
		},
		{
			"__comment": "Voxels",
			"from": [ 8.170199, 8.5106, 7.1489 ],
			"to": [ 8.510625, 11.91486, 7.489326 ],
			"faces": {
				"down": { "uv": [ 10, 1, 10.25, 1.25 ], "texture": "#axe6_atlas" },
				"up": { "uv": [ 10, 1, 10.25, 0.75 ], "texture": "#axe6_atlas" },
				"north": { "uv": [ 12, 11.75, 11.75, 14.25 ], "texture": "#axe6_atlas" },
				"south": { "uv": [ 12, 11.75, 12.25, 14.25 ], "texture": "#axe6_atlas" },
				"west": { "uv": [ 12.5, 11.75, 12.75, 14.25 ], "texture": "#axe6_atlas" },
				"east": { "uv": [ 13, 11.75, 12.75, 14.25 ], "texture": "#axe6_atlas" }
			}
		},
		{
			"__comment": "Voxels",
			"from": [ 8.170199, 8.5106, 7.4894 ],
			"to": [ 8.510625, 8.851026, 7.829825 ],
			"faces": {
				"down": { "uv": [ 10.5, 5.5, 10.75, 5.75 ], "texture": "#axe6_atlas" },
				"up": { "uv": [ 10.75, 5.75, 11, 5.5 ], "texture": "#axe6_atlas" },
				"north": { "uv": [ 11.25, 5.5, 11, 5.75 ], "texture": "#axe6_atlas" },
				"south": { "uv": [ 11.25, 5.5, 11.5, 5.75 ], "texture": "#axe6_atlas" },
				"west": { "uv": [ 11.5, 5.5, 11.75, 5.75 ], "texture": "#axe6_atlas" },
				"east": { "uv": [ 12, 5.5, 11.75, 5.75 ], "texture": "#axe6_atlas" }
			}
		},
		{
			"__comment": "Voxels",
			"from": [ 8.170199, 8.5106, 9.531899 ],
			"to": [ 8.510625, 9.531877, 9.872325 ],
			"faces": {
				"down": { "uv": [ 12, 5.5, 12.25, 5.75 ], "texture": "#axe6_atlas" },
				"up": { "uv": [ 12.25, 5.75, 12.5, 5.5 ], "texture": "#axe6_atlas" },
				"north": { "uv": [ 6.5, 0, 6.25, 0.75 ], "texture": "#axe6_atlas" },
				"south": { "uv": [ 4.25, 0, 4.5, 0.75 ], "texture": "#axe6_atlas" },
				"west": { "uv": [ 1.75, 3, 2, 3.75 ], "texture": "#axe6_atlas" },
				"east": { "uv": [ 7.75, 5.5, 7.5, 6.25 ], "texture": "#axe6_atlas" }
			}
		},
		{
			"__comment": "Voxels",
			"from": [ 8.170199, 8.8511, 6.4681 ],
			"to": [ 8.510625, 10.89365, 7.148951 ],
			"faces": {
				"down": { "uv": [ 14.5, 6.75, 14.75, 7.25 ], "texture": "#axe6_atlas" },
				"up": { "uv": [ 14.75, 7.25, 15, 6.75 ], "texture": "#axe6_atlas" },
				"north": { "uv": [ 10.5, 9.5, 10.25, 11 ], "texture": "#axe6_atlas" },
				"south": { "uv": [ 10.5, 9.5, 10.75, 11 ], "texture": "#axe6_atlas" },
				"west": { "uv": [ 7, 12, 7.5, 13.5 ], "texture": "#axe6_atlas" },
				"east": { "uv": [ 14.5, 14.5, 14, 16 ], "texture": "#axe6_atlas" }
			}
		},
		{
			"__comment": "Voxels",
			"from": [ 8.170199, 9.1915, 5.7872 ],
			"to": [ 8.510625, 10.5532, 6.468051 ],
			"faces": {
				"down": { "uv": [ 9, 6.25, 9.25, 6.75 ], "texture": "#axe6_atlas" },
				"up": { "uv": [ 9, 6.25, 9.25, 5.75 ], "texture": "#axe6_atlas" },
				"north": { "uv": [ 7.25, 0, 7, 1 ], "texture": "#axe6_atlas" },
				"south": { "uv": [ 7.25, 7.5, 7.5, 8.5 ], "texture": "#axe6_atlas" },
				"west": { "uv": [ 4.75, 10, 5.25, 11 ], "texture": "#axe6_atlas" },
				"east": { "uv": [ 5.25, 9, 4.75, 10 ], "texture": "#axe6_atlas" }
			}
		},
		{
			"__comment": "Voxels",
			"from": [ 8.170199, 9.1915, 8.8511 ],
			"to": [ 8.510625, 9.531925, 9.191525 ],
			"faces": {
				"down": { "uv": [ 10.25, 4.75, 10.5, 5 ], "texture": "#axe6_atlas" },
				"up": { "uv": [ 10.25, 4.75, 10.5, 4.5 ], "texture": "#axe6_atlas" },
				"north": { "uv": [ 10.5, 4.25, 10.25, 4.5 ], "texture": "#axe6_atlas" },
				"south": { "uv": [ 10.25, 4, 10.5, 4.25 ], "texture": "#axe6_atlas" },
				"west": { "uv": [ 10.25, 3.75, 10.5, 4 ], "texture": "#axe6_atlas" },
				"east": { "uv": [ 10.5, 3.5, 10.25, 3.75 ], "texture": "#axe6_atlas" }
			}
		},
		{
			"__comment": "Voxels",
			"from": [ 8.170199, 9.531899, 5.4468 ],
			"to": [ 8.510625, 10.55318, 5.787225 ],
			"faces": {
				"down": { "uv": [ 10.25, 3.25, 10.5, 3.5 ], "texture": "#axe6_atlas" },
				"up": { "uv": [ 10.25, 3.25, 10.5, 3 ], "texture": "#axe6_atlas" },
				"north": { "uv": [ 10.5, 7.5, 10.25, 8.25 ], "texture": "#axe6_atlas" },
				"south": { "uv": [ 10.5, 7.5, 10.75, 8.25 ], "texture": "#axe6_atlas" },
				"west": { "uv": [ 10.75, 7.5, 11, 8.25 ], "texture": "#axe6_atlas" },
				"east": { "uv": [ 11.25, 7.5, 11, 8.25 ], "texture": "#axe6_atlas" }
			}
		},
		{
			"__comment": "Voxels",
			"from": [ 8.170199, 9.531899, 7.4894 ],
			"to": [ 8.510625, 11.57445, 7.829825 ],
			"faces": {
				"down": { "uv": [ 10.25, 1.75, 10.5, 2 ], "texture": "#axe6_atlas" },
				"up": { "uv": [ 10.25, 1.75, 10.5, 1.5 ], "texture": "#axe6_atlas" },
				"north": { "uv": [ 11, 9.5, 10.75, 11 ], "texture": "#axe6_atlas" },
				"south": { "uv": [ 11, 9.5, 11.25, 11 ], "texture": "#axe6_atlas" },
				"west": { "uv": [ 11.25, 9.5, 11.5, 11 ], "texture": "#axe6_atlas" },
				"east": { "uv": [ 11.75, 9.5, 11.5, 11 ], "texture": "#axe6_atlas" }
			}
		},
		{
			"__comment": "Voxels",
			"from": [ 8.170199, 9.8723, 4.766 ],
			"to": [ 8.510625, 10.55315, 5.446851 ],
			"faces": {
				"down": { "uv": [ 9, 3.25, 9.25, 3.75 ], "texture": "#axe6_atlas" },
				"up": { "uv": [ 9, 3.25, 9.25, 2.75 ], "texture": "#axe6_atlas" },
				"north": { "uv": [ 9.25, 2.25, 9, 2.75 ], "texture": "#axe6_atlas" },
				"south": { "uv": [ 9, 1.75, 9.25, 2.25 ], "texture": "#axe6_atlas" },
				"west": { "uv": [ 8.75, 8.5, 9.25, 9 ], "texture": "#axe6_atlas" },
				"east": { "uv": [ 9.75, 8.5, 9.25, 9 ], "texture": "#axe6_atlas" }
			}
		},
		{
			"__comment": "Voxels",
			"from": [ 8.170199, 9.8723, 9.1915 ],
			"to": [ 8.85105, 11.234, 9.531925 ],
			"faces": {
				"down": { "uv": [ 13.75, 6.5, 14.25, 6.75 ], "texture": "#axe6_atlas" },
				"up": { "uv": [ 14.25, 6.75, 14.75, 6.5 ], "texture": "#axe6_atlas" },
				"north": { "uv": [ 5.25, 8, 4.75, 9 ], "texture": "#axe6_atlas" },
				"south": { "uv": [ 10.75, 12, 11.25, 13 ], "texture": "#axe6_atlas" },
				"west": { "uv": [ 7.25, 6.5, 7.5, 7.5 ], "texture": "#axe6_atlas" },
				"east": { "uv": [ 7.5, 5.5, 7.25, 6.5 ], "texture": "#axe6_atlas" }
			}
		},
		{
			"__comment": "Voxels",
			"from": [ 8.170199, 10.2128, 4.4255 ],
			"to": [ 8.510625, 10.89365, 4.765925 ],
			"faces": {
				"down": { "uv": [ 13, 5.25, 13.25, 5.5 ], "texture": "#axe6_atlas" },
				"up": { "uv": [ 13.25, 5.5, 13.5, 5.25 ], "texture": "#axe6_atlas" },
				"north": { "uv": [ 9.25, 0.25, 9, 0.75 ], "texture": "#axe6_atlas" },
				"south": { "uv": [ 9.25, 6, 9.5, 6.5 ], "texture": "#axe6_atlas" },
				"west": { "uv": [ 9.25, 5.5, 9.5, 6 ], "texture": "#axe6_atlas" },
				"east": { "uv": [ 9.5, 5, 9.25, 5.5 ], "texture": "#axe6_atlas" }
			}
		},
		{
			"__comment": "Voxels",
			"from": [ 8.170199, 10.2128, 8.5106 ],
			"to": [ 8.510625, 10.55323, 8.851026 ],
			"faces": {
				"down": { "uv": [ 14.5, 5.25, 14.75, 5.5 ], "texture": "#axe6_atlas" },
				"up": { "uv": [ 14.75, 5.5, 15, 5.25 ], "texture": "#axe6_atlas" },
				"north": { "uv": [ 15.25, 5.25, 15, 5.5 ], "texture": "#axe6_atlas" },
				"south": { "uv": [ 15.25, 5.25, 15.5, 5.5 ], "texture": "#axe6_atlas" },
				"west": { "uv": [ 15.5, 5.25, 15.75, 5.5 ], "texture": "#axe6_atlas" },
				"east": { "uv": [ 16, 5.25, 15.75, 5.5 ], "texture": "#axe6_atlas" }
			}
		},
		{
			"__comment": "Voxels",
			"from": [ 8.170199, 11.234, 8.170199 ],
			"to": [ 8.510625, 12.5957, 8.510625 ],
			"faces": {
				"down": { "uv": [ 10.5, 5, 10.75, 5.25 ], "texture": "#axe6_atlas" },
				"up": { "uv": [ 10.5, 5, 10.75, 4.75 ], "texture": "#axe6_atlas" },
				"north": { "uv": [ 7.5, 4.5, 7.25, 5.5 ], "texture": "#axe6_atlas" },
				"south": { "uv": [ 7.25, 3.5, 7.5, 4.5 ], "texture": "#axe6_atlas" },
				"west": { "uv": [ 7.25, 2.5, 7.5, 3.5 ], "texture": "#axe6_atlas" },
				"east": { "uv": [ 6, 0, 5.75, 1 ], "texture": "#axe6_atlas" }
			}
		},
		{
			"__comment": "Voxels",
			"from": [ 8.170199, 11.9149, 7.8298 ],
			"to": [ 8.510625, 12.25533, 8.170225 ],
			"faces": {
				"down": { "uv": [ 10.5, 3.5, 10.75, 3.75 ], "texture": "#axe6_atlas" },
				"up": { "uv": [ 10.5, 3.5, 10.75, 3.25 ], "texture": "#axe6_atlas" },
				"north": { "uv": [ 10.75, 3, 10.5, 3.25 ], "texture": "#axe6_atlas" },
				"south": { "uv": [ 10.5, 2.75, 10.75, 3 ], "texture": "#axe6_atlas" },
				"west": { "uv": [ 10.5, 2.5, 10.75, 2.75 ], "texture": "#axe6_atlas" },
				"east": { "uv": [ 10.75, 2.25, 10.5, 2.5 ], "texture": "#axe6_atlas" }
			}
		},
		{
			"__comment": "Voxels",
			"from": [ 8.170199, 11.9149, 10.5532 ],
			"to": [ 8.510625, 12.93618, 10.89363 ],
			"faces": {
				"down": { "uv": [ 10.5, 2, 10.75, 2.25 ], "texture": "#axe6_atlas" },
				"up": { "uv": [ 10.5, 2, 10.75, 1.75 ], "texture": "#axe6_atlas" },
				"north": { "uv": [ 15, 7.5, 14.75, 8.25 ], "texture": "#axe6_atlas" },
				"south": { "uv": [ 15, 7.5, 15.25, 8.25 ], "texture": "#axe6_atlas" },
				"west": { "uv": [ 15.25, 7.5, 15.5, 8.25 ], "texture": "#axe6_atlas" },
				"east": { "uv": [ 15.75, 7.5, 15.5, 8.25 ], "texture": "#axe6_atlas" }
			}
		},
		{
			"__comment": "Voxels",
			"from": [ 8.170199, 12.2553, 10.8936 ],
			"to": [ 8.510625, 12.93615, 11.23403 ],
			"faces": {
				"down": { "uv": [ 10.5, 0.5, 10.75, 0.75 ], "texture": "#axe6_atlas" },
				"up": { "uv": [ 10.5, 0.5, 10.75, 0.25 ], "texture": "#axe6_atlas" },
				"north": { "uv": [ 9.5, 3, 9.25, 3.5 ], "texture": "#axe6_atlas" },
				"south": { "uv": [ 9.25, 2.5, 9.5, 3 ], "texture": "#axe6_atlas" },
				"west": { "uv": [ 9.25, 2, 9.5, 2.5 ], "texture": "#axe6_atlas" },
				"east": { "uv": [ 9.5, 1.5, 9.25, 2 ], "texture": "#axe6_atlas" }
			}
		},
		{
			"__comment": "Voxels",
			"from": [ 8.170199, 12.5957, 6.4681 ],
			"to": [ 8.510625, 14.63825, 7.148951 ],
			"faces": {
				"down": { "uv": [ 9.25, 1, 9.5, 1.5 ], "texture": "#axe6_atlas" },
				"up": { "uv": [ 9.25, 1, 9.5, 0.5 ], "texture": "#axe6_atlas" },
				"north": { "uv": [ 12, 9.5, 11.75, 11 ], "texture": "#axe6_atlas" },
				"south": { "uv": [ 12, 9.5, 12.25, 11 ], "texture": "#axe6_atlas" },
				"west": { "uv": [ 7.5, 12, 8, 13.5 ], "texture": "#axe6_atlas" },
				"east": { "uv": [ 3.75, 0.25, 3.25, 1.75 ], "texture": "#axe6_atlas" }
			}
		},
		{
			"__comment": "Voxels",
			"from": [ 8.170199, 12.5957, 11.234 ],
			"to": [ 8.510625, 12.93612, 11.57442 ],
			"faces": {
				"down": { "uv": [ 13, 5, 13.25, 5.25 ], "texture": "#axe6_atlas" },
				"up": { "uv": [ 13.25, 5.25, 13.5, 5 ], "texture": "#axe6_atlas" },
				"north": { "uv": [ 13.75, 5, 13.5, 5.25 ], "texture": "#axe6_atlas" },
				"south": { "uv": [ 13.75, 5, 14, 5.25 ], "texture": "#axe6_atlas" },
				"west": { "uv": [ 14, 5, 14.25, 5.25 ], "texture": "#axe6_atlas" },
				"east": { "uv": [ 14.5, 5, 14.25, 5.25 ], "texture": "#axe6_atlas" }
			}
		},
		{
			"__comment": "Voxels",
			"from": [ 8.170199, 12.9362, 5.7872 ],
			"to": [ 8.510625, 13.95748, 6.468051 ],
			"faces": {
				"down": { "uv": [ 9.5, 4.25, 9.75, 4.75 ], "texture": "#axe6_atlas" },
				"up": { "uv": [ 9.5, 4.25, 9.75, 3.75 ], "texture": "#axe6_atlas" },
				"north": { "uv": [ 8.5, 6, 8.25, 6.75 ], "texture": "#axe6_atlas" },
				"south": { "uv": [ 8.25, 5.25, 8.5, 6 ], "texture": "#axe6_atlas" },
				"west": { "uv": [ 12.25, 11, 12.75, 11.75 ], "texture": "#axe6_atlas" },
				"east": { "uv": [ 14.75, 11, 14.25, 11.75 ], "texture": "#axe6_atlas" }
			}
		},
		{
			"__comment": "Voxels",
			"from": [ 8.170199, 13.2766, 5.1064 ],
			"to": [ 8.510625, 13.61703, 5.787251 ],
			"faces": {
				"down": { "uv": [ 9.5, 2.75, 9.75, 3.25 ], "texture": "#axe6_atlas" },
				"up": { "uv": [ 9.5, 2.75, 9.75, 2.25 ], "texture": "#axe6_atlas" },
				"north": { "uv": [ 11, 4.25, 10.75, 4.5 ], "texture": "#axe6_atlas" },
				"south": { "uv": [ 10.75, 4, 11, 4.25 ], "texture": "#axe6_atlas" },
				"west": { "uv": [ 13, 6.25, 13.5, 6.5 ], "texture": "#axe6_atlas" },
				"east": { "uv": [ 14, 6.25, 13.5, 6.5 ], "texture": "#axe6_atlas" }
			}
		},
		{
			"__comment": "Voxels",
			"from": [ 8.170199, 13.2766, 9.1915 ],
			"to": [ 8.85105, 13.61703, 9.531925 ],
			"faces": {
				"down": { "uv": [ 14, 6.25, 14.5, 6.5 ], "texture": "#axe6_atlas" },
				"up": { "uv": [ 14.5, 6.5, 15, 6.25 ], "texture": "#axe6_atlas" },
				"north": { "uv": [ 15.5, 6.25, 15, 6.5 ], "texture": "#axe6_atlas" },
				"south": { "uv": [ 15.5, 6.25, 16, 6.5 ], "texture": "#axe6_atlas" },
				"west": { "uv": [ 10.75, 2.25, 11, 2.5 ], "texture": "#axe6_atlas" },
				"east": { "uv": [ 11, 2, 10.75, 2.25 ], "texture": "#axe6_atlas" }
			}
		},
		{
			"__comment": "Voxels",
			"from": [ 8.170199, 13.617, 5.4468 ],
			"to": [ 8.510625, 13.95743, 5.787225 ],
			"faces": {
				"down": { "uv": [ 10.75, 1.75, 11, 2 ], "texture": "#axe6_atlas" },
				"up": { "uv": [ 10.75, 1.75, 11, 1.5 ], "texture": "#axe6_atlas" },
				"north": { "uv": [ 11, 1.25, 10.75, 1.5 ], "texture": "#axe6_atlas" },
				"south": { "uv": [ 10.75, 1, 11, 1.25 ], "texture": "#axe6_atlas" },
				"west": { "uv": [ 10.75, 0.75, 11, 1 ], "texture": "#axe6_atlas" },
				"east": { "uv": [ 11, 0.5, 10.75, 0.75 ], "texture": "#axe6_atlas" }
			}
		},
		{
			"__comment": "Voxels",
			"from": [ 8.170199, 13.9574, 6.1277 ],
			"to": [ 8.510625, 14.29782, 6.468125 ],
			"faces": {
				"down": { "uv": [ 10.75, 0.25, 11, 0.5 ], "texture": "#axe6_atlas" },
				"up": { "uv": [ 10.75, 0.25, 11, 0 ], "texture": "#axe6_atlas" },
				"north": { "uv": [ 11.25, 4.75, 11, 5 ], "texture": "#axe6_atlas" },
				"south": { "uv": [ 11.25, 4.75, 11.5, 5 ], "texture": "#axe6_atlas" },
				"west": { "uv": [ 11.5, 4.75, 11.75, 5 ], "texture": "#axe6_atlas" },
				"east": { "uv": [ 12, 4.75, 11.75, 5 ], "texture": "#axe6_atlas" }
			}
		},
		{
			"__comment": "Voxels",
			"from": [ 8.170199, 14.6383, 9.1915 ],
			"to": [ 8.510625, 15.31915, 9.531925 ],
			"faces": {
				"down": { "uv": [ 12, 4.75, 12.25, 5 ], "texture": "#axe6_atlas" },
				"up": { "uv": [ 12.25, 5, 12.5, 4.75 ], "texture": "#axe6_atlas" },
				"north": { "uv": [ 9.75, 1.75, 9.5, 2.25 ], "texture": "#axe6_atlas" },
				"south": { "uv": [ 9.5, 1.25, 9.75, 1.75 ], "texture": "#axe6_atlas" },
				"west": { "uv": [ 9.5, 0.75, 9.75, 1.25 ], "texture": "#axe6_atlas" },
				"east": { "uv": [ 9.75, 0.25, 9.5, 0.75 ], "texture": "#axe6_atlas" }
			}
		},
		{
			"__comment": "Voxels",
			"from": [ 8.5106, -0.6809, 9.8723 ],
			"to": [ 9.191451, -0.3404745, 10.21273 ],
			"faces": {
				"down": { "uv": [ 9.75, 6, 10.25, 6.25 ], "texture": "#axe6_atlas" },
				"up": { "uv": [ 10.25, 6.25, 10.75, 6 ], "texture": "#axe6_atlas" },
				"north": { "uv": [ 11.25, 6, 10.75, 6.25 ], "texture": "#axe6_atlas" },
				"south": { "uv": [ 11.25, 6, 11.75, 6.25 ], "texture": "#axe6_atlas" },
				"west": { "uv": [ 14.5, 4.75, 14.75, 5 ], "texture": "#axe6_atlas" },
				"east": { "uv": [ 15, 4.75, 14.75, 5 ], "texture": "#axe6_atlas" }
			}
		},
		{
			"__comment": "Voxels",
			"from": [ 8.5106, -0.3404, 9.8723 ],
			"to": [ 8.851026, 0.000025541, 10.21273 ],
			"faces": {
				"down": { "uv": [ 15, 4.75, 15.25, 5 ], "texture": "#axe6_atlas" },
				"up": { "uv": [ 15.25, 5, 15.5, 4.75 ], "texture": "#axe6_atlas" },
				"north": { "uv": [ 15.75, 4.75, 15.5, 5 ], "texture": "#axe6_atlas" },
				"south": { "uv": [ 15.75, 4.75, 16, 5 ], "texture": "#axe6_atlas" },
				"west": { "uv": [ 11, 4.5, 11.25, 4.75 ], "texture": "#axe6_atlas" },
				"east": { "uv": [ 11.25, 4.25, 11, 4.5 ], "texture": "#axe6_atlas" }
			}
		},
		{
			"__comment": "Voxels",
			"from": [ 8.5106, 0.6809, 9.8723 ],
			"to": [ 8.851026, 1.021325, 10.21273 ],
			"faces": {
				"down": { "uv": [ 11, 4, 11.25, 4.25 ], "texture": "#axe6_atlas" },
				"up": { "uv": [ 11, 4, 11.25, 3.75 ], "texture": "#axe6_atlas" },
				"north": { "uv": [ 11.25, 3.5, 11, 3.75 ], "texture": "#axe6_atlas" },
				"south": { "uv": [ 11, 3.25, 11.25, 3.5 ], "texture": "#axe6_atlas" },
				"west": { "uv": [ 11, 3, 11.25, 3.25 ], "texture": "#axe6_atlas" },
				"east": { "uv": [ 11.25, 2.75, 11, 3 ], "texture": "#axe6_atlas" }
			}
		},
		{
			"__comment": "Voxels",
			"from": [ 8.5106, 9.1915, 9.531899 ],
			"to": [ 8.851026, 9.531925, 9.872325 ],
			"faces": {
				"down": { "uv": [ 11, 2.5, 11.25, 2.75 ], "texture": "#axe6_atlas" },
				"up": { "uv": [ 11, 2.5, 11.25, 2.25 ], "texture": "#axe6_atlas" },
				"north": { "uv": [ 11.25, 2, 11, 2.25 ], "texture": "#axe6_atlas" },
				"south": { "uv": [ 11, 1.75, 11.25, 2 ], "texture": "#axe6_atlas" },
				"west": { "uv": [ 11, 1.5, 11.25, 1.75 ], "texture": "#axe6_atlas" },
				"east": { "uv": [ 11.25, 1.25, 11, 1.5 ], "texture": "#axe6_atlas" }
			}
		},
		{
			"__comment": "Voxels",
			"from": [ 8.5106, 9.8723, 9.8723 ],
			"to": [ 8.851026, 13.27656, 10.21273 ],
			"faces": {
				"down": { "uv": [ 11, 1, 11.25, 1.25 ], "texture": "#axe6_atlas" },
				"up": { "uv": [ 11, 1, 11.25, 0.75 ], "texture": "#axe6_atlas" },
				"north": { "uv": [ 11.75, 11.75, 11.5, 14.25 ], "texture": "#axe6_atlas" },
				"south": { "uv": [ 11.25, 11.75, 11.5, 14.25 ], "texture": "#axe6_atlas" },
				"west": { "uv": [ 10.5, 11.75, 10.75, 14.25 ], "texture": "#axe6_atlas" },
				"east": { "uv": [ 13.75, 11.75, 13.5, 14.25 ], "texture": "#axe6_atlas" }
			}
		},
		{
			"__comment": "Voxels",
			"from": [ 8.8511, 12.5957, 9.1915 ],
			"to": [ 9.191525, 13.27655, 9.531925 ],
			"faces": {
				"down": { "uv": [ 11.5, 4.5, 11.75, 4.75 ], "texture": "#axe6_atlas" },
				"up": { "uv": [ 11.75, 4.75, 12, 4.5 ], "texture": "#axe6_atlas" },
				"north": { "uv": [ 10, 4, 9.75, 4.5 ], "texture": "#axe6_atlas" },
				"south": { "uv": [ 9.75, 3.5, 10, 4 ], "texture": "#axe6_atlas" },
				"west": { "uv": [ 9.75, 3, 10, 3.5 ], "texture": "#axe6_atlas" },
				"east": { "uv": [ 10, 2.5, 9.75, 3 ], "texture": "#axe6_atlas" }
			}
		}
	],
	"display": {
		"thirdperson_righthand": {
			"rotation":  [ 10, 0, 0 ],
			"translation":  [ 0, 1, 0 ]
		},
		"thirdperson_lefthand": {
			"rotation":  [ 10, 0, 0 ],
			"translation":  [ 0, 1, 0 ]
		},
		"firstperson_righthand": {
			"translation":  [ 0, 3, 0 ]
		},
		"firstperson_lefthand": {
			"translation":  [ 0, 3, 0 ]
		},
		"gui": {
			"rotation":  [ 0, -90, 0 ],
			"scale":  [ 0.6, 0.6, 0.6 ]
		},
		"ground": {
			"translation":  [ 0, 10, 0 ]
		}
	}
}