{
	"__comment": "Designed by Xiaoxiafeng with Cubik Studio - https://cubik.studio",
	"textures": {
		"particle": "trademodel/e_particle",
		"texture": "trademodel/e_texture",
		"rsg": "trademodel/rsg"
	},
	"elements": [ 	 
		{
			"__comment": "Voxels",
			"from": [ 3, 1, 5 ],
			"to": [ 5, 5, 6 ],
			"faces": {
				"down": { "uv": [ 5, 10.75, 5.5, 11 ], "texture": "#rsg" },
				"up": { "uv": [ 5.75, 11.25, 6.25, 11 ], "texture": "#rsg" },
				"north": { "uv": [ 1, 2.5, 0.5, 3.5 ], "texture": "#rsg" },
				"south": { "uv": [ 0, 1.5, 0.5, 2.5 ], "texture": "#rsg" },
				"west": { "uv": [ 1.25, 0, 1.5, 1 ], "texture": "#rsg" },
				"east": { "uv": [ 1.75, 0, 1.5, 1 ], "texture": "#rsg" }
			}
		},
		{
			"__comment": "Voxels",
			"from": [ 3, 1, 6 ],
			"to": [ 5, 3, 7 ],
			"faces": {
				"down": { "uv": [ 6.25, 11, 6.75, 11.25 ], "texture": "#rsg" },
				"up": { "uv": [ 6.75, 11.25, 7.25, 11 ], "texture": "#rsg" },
				"north": { "uv": [ 16, 14.25, 15.5, 14.75 ], "texture": "#rsg" },
				"south": { "uv": [ 1.75, 13, 2.25, 13.5 ], "texture": "#rsg" },
				"west": { "uv": [ 4.5, 1, 4.75, 1.5 ], "texture": "#rsg" },
				"east": { "uv": [ 5, 10.5, 4.75, 11 ], "texture": "#rsg" }
			}
		},
		{
			"__comment": "Voxels",
			"from": [ 3, 1, 7 ],
			"to": [ 5, 2, 11 ],
			"faces": {
				"down": { "uv": [ 13, 15, 13.5, 16 ], "texture": "#rsg" },
				"up": { "uv": [ 13.5, 16, 14, 15 ], "texture": "#rsg" },
				"north": { "uv": [ 10.75, 11, 10.25, 11.25 ], "texture": "#rsg" },
				"south": { "uv": [ 10.75, 11, 11.25, 11.25 ], "texture": "#rsg" },
				"west": { "uv": [ 12, 13.5, 13, 13.75 ], "texture": "#rsg" },
				"east": { "uv": [ 14, 13.5, 13, 13.75 ], "texture": "#rsg" }
			}
		},
		{
			"__comment": "Voxels",
			"from": [ 3, 2, 7 ],
			"to": [ 4, 5, 10 ],
			"faces": {
				"down": { "uv": [ 3.75, 8, 4, 8.75 ], "texture": "#rsg" },
				"up": { "uv": [ 3.5, 8.25, 3.75, 7.5 ], "texture": "#rsg" },
				"north": { "uv": [ 3.75, 8.25, 3.5, 9 ], "texture": "#rsg" },
				"south": { "uv": [ 3.5, 9, 3.75, 9.75 ], "texture": "#rsg" },
				"west": { "uv": [ 0, 5.5, 0.75, 6.25 ], "texture": "#rsg" },
				"east": { "uv": [ 0.75, 4.75, 0, 5.5 ], "texture": "#rsg" }
			}
		},
		{
			"__comment": "Voxels",
			"from": [ 3, 2, 10 ],
			"to": [ 5, 4, 11 ],
			"faces": {
				"down": { "uv": [ 11.25, 11, 11.75, 11.25 ], "texture": "#rsg" },
				"up": { "uv": [ 13.75, 11.25, 14.25, 11 ], "texture": "#rsg" },
				"north": { "uv": [ 2.25, 12.5, 1.75, 13 ], "texture": "#rsg" },
				"south": { "uv": [ 1.75, 12, 2.25, 12.5 ], "texture": "#rsg" },
				"west": { "uv": [ 4.75, 9, 5, 9.5 ], "texture": "#rsg" },
				"east": { "uv": [ 5, 8.5, 4.75, 9 ], "texture": "#rsg" }
			}
		},
		{
			"__comment": "Voxels",
			"from": [ 3, 3, 6 ],
			"to": [ 4, 5, 7 ],
			"faces": {
				"down": { "uv": [ 5.25, 6.5, 5.5, 6.75 ], "texture": "#rsg" },
				"up": { "uv": [ 5.25, 7, 5.5, 6.75 ], "texture": "#rsg" },
				"north": { "uv": [ 5, 8, 4.75, 8.5 ], "texture": "#rsg" },
				"south": { "uv": [ 4.75, 7.5, 5, 8 ], "texture": "#rsg" },
				"west": { "uv": [ 4.75, 7, 5, 7.5 ], "texture": "#rsg" },
				"east": { "uv": [ 5, 6.5, 4.75, 7 ], "texture": "#rsg" }
			}
		},
		{
			"__comment": "Voxels",
			"from": [ 3, 14, 4 ],
			"to": [ 6, 15, 5 ],
			"faces": {
				"down": { "uv": [ 6.5, 12, 7.25, 12.25 ], "texture": "#rsg" },
				"up": { "uv": [ 5, 12.25, 5.75, 12 ], "texture": "#rsg" },
				"north": { "uv": [ 5, 12, 4.25, 12.25 ], "texture": "#rsg" },
				"south": { "uv": [ 3.5, 12, 4.25, 12.25 ], "texture": "#rsg" },
				"west": { "uv": [ 5.25, 7, 5.5, 7.25 ], "texture": "#rsg" },
				"east": { "uv": [ 5.5, 7.25, 5.25, 7.5 ], "texture": "#rsg" }
			}
		},
		{
			"__comment": "Voxels",
			"from": [ 4, -1, 6 ],
			"to": [ 7, 0, 7 ],
			"faces": {
				"down": { "uv": [ 2.75, 0, 3.5, 0.25 ], "texture": "#rsg" },
				"up": { "uv": [ 2.75, 1.5, 3.5, 1.25 ], "texture": "#rsg" },
				"north": { "uv": [ 16, 14, 15.25, 14.25 ], "texture": "#rsg" },
				"south": { "uv": [ 2.75, 1.5, 3.5, 1.75 ], "texture": "#rsg" },
				"west": { "uv": [ 5.25, 9.5, 5.5, 9.75 ], "texture": "#rsg" },
				"east": { "uv": [ 5.5, 9.75, 5.25, 10 ], "texture": "#rsg" }
			}
		},
		{
			"__comment": "Voxels",
			"from": [ 4, -1, 7 ],
			"to": [ 6, 0, 10 ],
			"faces": {
				"down": { "uv": [ 1.25, 2.25, 1.75, 3 ], "texture": "#rsg" },
				"up": { "uv": [ 1.25, 3.75, 1.75, 3 ], "texture": "#rsg" },
				"north": { "uv": [ 14.75, 11, 14.25, 11.25 ], "texture": "#rsg" },
				"south": { "uv": [ 14.75, 11, 15.25, 11.25 ], "texture": "#rsg" },
				"west": { "uv": [ 2.75, 2.75, 3.5, 3 ], "texture": "#rsg" },
				"east": { "uv": [ 3.5, 3.5, 2.75, 3.75 ], "texture": "#rsg" }
			}
		},
		{
			"__comment": "Voxels",
			"from": [ 4, 0, 5 ],
			"to": [ 7, 1, 6 ],
			"faces": {
				"down": { "uv": [ 2.75, 11, 3.5, 11.25 ], "texture": "#rsg" },
				"up": { "uv": [ 2.75, 12.25, 3.5, 12 ], "texture": "#rsg" },
				"north": { "uv": [ 15.75, 12.25, 15, 12.5 ], "texture": "#rsg" },
				"south": { "uv": [ 8.25, 12.25, 9, 12.5 ], "texture": "#rsg" },
				"west": { "uv": [ 15.75, 10.5, 16, 10.75 ], "texture": "#rsg" },
				"east": { "uv": [ 15.75, 10.5, 15.5, 10.75 ], "texture": "#rsg" }
			}
		},
		{
			"__comment": "Voxels",
			"from": [ 4, 0, 6 ],
			"to": [ 5, 1, 11 ],
			"faces": {
				"down": { "uv": [ 1.25, 1, 1.5, 2.25 ], "texture": "#rsg" },
				"up": { "uv": [ 1.5, 2.25, 1.75, 1 ], "texture": "#rsg" },
				"north": { "uv": [ 15, 10.5, 14.75, 10.75 ], "texture": "#rsg" },
				"south": { "uv": [ 14.5, 10.5, 14.75, 10.75 ], "texture": "#rsg" },
				"west": { "uv": [ 5.5, 13.5, 6.75, 13.75 ], "texture": "#rsg" },
				"east": { "uv": [ 15.5, 13.75, 14.25, 14 ], "texture": "#rsg" }
			}
		},
		{
			"__comment": "Voxels",
			"from": [ 4, 1, 4 ],
			"to": [ 12, 2, 5 ],
			"faces": {
				"down": { "uv": [ 11, 15.75, 13, 16 ], "texture": "#rsg" },
				"up": { "uv": [ 14, 15.75, 16, 15.5 ], "texture": "#rsg" },
				"north": { "uv": [ 16, 15.25, 14, 15.5 ], "texture": "#rsg" },
				"south": { "uv": [ 14, 15, 16, 15.25 ], "texture": "#rsg" },
				"west": { "uv": [ 14.25, 10.5, 14.5, 10.75 ], "texture": "#rsg" },
				"east": { "uv": [ 14.25, 10.5, 14, 10.75 ], "texture": "#rsg" }
			}
		},
		{
			"__comment": "Voxels",
			"from": [ 4, 1, 11 ],
			"to": [ 12, 2, 12 ],
			"faces": {
				"down": { "uv": [ 1, 14.75, 3, 15 ], "texture": "#rsg" },
				"up": { "uv": [ 14, 16, 16, 15.75 ], "texture": "#rsg" },
				"north": { "uv": [ 5, 14.75, 3, 15 ], "texture": "#rsg" },
				"south": { "uv": [ 5, 14.75, 7, 15 ], "texture": "#rsg" },
				"west": { "uv": [ 12.75, 10.5, 13, 10.75 ], "texture": "#rsg" },
				"east": { "uv": [ 12.75, 10.5, 12.5, 10.75 ], "texture": "#rsg" }
			}
		},
		{
			"__comment": "Voxels",
			"from": [ 4, 2, 4 ],
			"to": [ 7, 5, 5 ],
			"faces": {
				"down": { "uv": [ 7.5, 12.25, 8.25, 12.5 ], "texture": "#rsg" },
				"up": { "uv": [ 6.75, 12.5, 7.5, 12.25 ], "texture": "#rsg" },
				"north": { "uv": [ 0.75, 4, 0, 4.75 ], "texture": "#rsg" },
				"south": { "uv": [ 0, 6.25, 0.75, 7 ], "texture": "#rsg" },
				"west": { "uv": [ 0.75, 5.5, 1, 6.25 ], "texture": "#rsg" },
				"east": { "uv": [ 1, 6.25, 0.75, 7 ], "texture": "#rsg" }
			}
		},
		{
			"__comment": "Voxels",
			"from": [ 4, 2, 11 ],
			"to": [ 7, 4, 12 ],
			"faces": {
				"down": { "uv": [ 15.25, 13, 16, 13.25 ], "texture": "#rsg" },
				"up": { "uv": [ 15.25, 13.5, 16, 13.25 ], "texture": "#rsg" },
				"north": { "uv": [ 14.25, 14.25, 13.5, 14.75 ], "texture": "#rsg" },
				"south": { "uv": [ 14.25, 14.25, 15, 14.75 ], "texture": "#rsg" },
				"west": { "uv": [ 4.75, 6, 5, 6.5 ], "texture": "#rsg" },
				"east": { "uv": [ 5, 5.5, 4.75, 6 ], "texture": "#rsg" }
			}
		},
		{
			"__comment": "Voxels",
			"from": [ 4, 4, 6 ],
			"to": [ 5, 11, 10 ],
			"faces": {
				"down": { "uv": [ 1.75, 6, 2, 7 ], "texture": "#rsg" },
				"up": { "uv": [ 2, 7, 2.25, 6 ], "texture": "#rsg" },
				"north": { "uv": [ 1.25, 10.75, 1, 12.5 ], "texture": "#rsg" },
				"south": { "uv": [ 1, 12.5, 1.25, 14.25 ], "texture": "#rsg" },
				"west": { "uv": [ 0, 12.5, 1, 14.25 ], "texture": "#rsg" },
				"east": { "uv": [ 1, 14.25, 0, 16 ], "texture": "#rsg" }
			}
		},
		{
			"__comment": "Voxels",
			"from": [ 4, 4, 10 ],
			"to": [ 6, 6, 11 ],
			"faces": {
				"down": { "uv": [ 15.25, 11, 15.75, 11.25 ], "texture": "#rsg" },
				"up": { "uv": [ 15.5, 12.25, 16, 12 ], "texture": "#rsg" },
				"north": { "uv": [ 2.25, 5, 1.75, 5.5 ], "texture": "#rsg" },
				"south": { "uv": [ 1.75, 4.5, 2.25, 5 ], "texture": "#rsg" },
				"west": { "uv": [ 4.75, 5, 5, 5.5 ], "texture": "#rsg" },
				"east": { "uv": [ 5, 4.5, 4.75, 5 ], "texture": "#rsg" }
			}
		},
		{
			"__comment": "Voxels",
			"from": [ 4, 5, 5 ],
			"to": [ 7, 6, 6 ],
			"faces": {
				"down": { "uv": [ 13.25, 12, 14, 12.25 ], "texture": "#rsg" },
				"up": { "uv": [ 8, 12.25, 8.75, 12 ], "texture": "#rsg" },
				"north": { "uv": [ 8, 12, 7.25, 12.25 ], "texture": "#rsg" },
				"south": { "uv": [ 2.75, 1, 3.5, 1.25 ], "texture": "#rsg" },
				"west": { "uv": [ 8.75, 10.5, 9, 10.75 ], "texture": "#rsg" },
				"east": { "uv": [ 8.75, 10.5, 8.5, 10.75 ], "texture": "#rsg" }
			}
		},
		{
			"__comment": "Voxels",
			"from": [ 4, 8, 5 ],
			"to": [ 6, 10, 6 ],
			"faces": {
				"down": { "uv": [ 5.5, 10.75, 6, 11 ], "texture": "#rsg" },
				"up": { "uv": [ 6, 11, 6.5, 10.75 ], "texture": "#rsg" },
				"north": { "uv": [ 2.25, 3.5, 1.75, 4 ], "texture": "#rsg" },
				"south": { "uv": [ 1.75, 3, 2.25, 3.5 ], "texture": "#rsg" },
				"west": { "uv": [ 4.75, 4, 5, 4.5 ], "texture": "#rsg" },
				"east": { "uv": [ 5, 3.5, 4.75, 4 ], "texture": "#rsg" }
			}
		},
		{
			"__comment": "Voxels",
			"from": [ 4, 11, 7 ],
			"to": [ 6, 12, 10 ],
			"faces": {
				"down": { "uv": [ 1.25, 13.5, 1.75, 14.25 ], "texture": "#rsg" },
				"up": { "uv": [ 1.25, 13.5, 1.75, 12.75 ], "texture": "#rsg" },
				"north": { "uv": [ 7, 10.75, 6.5, 11 ], "texture": "#rsg" },
				"south": { "uv": [ 7, 10.75, 7.5, 11 ], "texture": "#rsg" },
				"west": { "uv": [ 2.75, 2.25, 3.5, 2.5 ], "texture": "#rsg" },
				"east": { "uv": [ 3.5, 2.5, 2.75, 2.75 ], "texture": "#rsg" }
			}
		},
		{
			"__comment": "Voxels",
			"from": [ 4, 14, 5 ],
			"to": [ 7, 16, 6 ],
			"faces": {
				"down": { "uv": [ 2.75, 3, 3.5, 3.25 ], "texture": "#rsg" },
				"up": { "uv": [ 2.75, 4.75, 3.5, 4.5 ], "texture": "#rsg" },
				"north": { "uv": [ 3.75, 14.25, 3, 14.75 ], "texture": "#rsg" },
				"south": { "uv": [ 3.75, 14.25, 4.5, 14.75 ], "texture": "#rsg" },
				"west": { "uv": [ 4.75, 2, 5, 2.5 ], "texture": "#rsg" },
				"east": { "uv": [ 5, 1.5, 4.75, 2 ], "texture": "#rsg" }
			}
		},
		{
			"__comment": "Voxels",
			"from": [ 4, 15, 6 ],
			"to": [ 9, 16, 7 ],
			"faces": {
				"down": { "uv": [ 9.25, 13.75, 10.5, 14 ], "texture": "#rsg" },
				"up": { "uv": [ 3, 13.75, 4.25, 13.5 ], "texture": "#rsg" },
				"north": { "uv": [ 11.75, 13.75, 10.5, 14 ], "texture": "#rsg" },
				"south": { "uv": [ 11.75, 13.75, 13, 14 ], "texture": "#rsg" },
				"west": { "uv": [ 7.75, 10.5, 8, 10.75 ], "texture": "#rsg" },
				"east": { "uv": [ 7.75, 10.5, 7.5, 10.75 ], "texture": "#rsg" }
			}
		},
		{
			"__comment": "Voxels",
			"from": [ 4, 15, 7 ],
			"to": [ 5, 16, 8 ],
			"faces": {
				"down": { "uv": [ 6.75, 10.5, 7, 10.75 ], "texture": "#rsg" },
				"up": { "uv": [ 6.5, 10.75, 6.75, 10.5 ], "texture": "#rsg" },
				"north": { "uv": [ 5.25, 1.25, 5, 1.5 ], "texture": "#rsg" },
				"south": { "uv": [ 5, 1.5, 5.25, 1.75 ], "texture": "#rsg" },
				"west": { "uv": [ 5, 1.75, 5.25, 2 ], "texture": "#rsg" },
				"east": { "uv": [ 5.25, 2, 5, 2.25 ], "texture": "#rsg" }
			}
		},
		{
			"__comment": "Voxels",
			"from": [ 5, -2, 6 ],
			"to": [ 11, -1, 10 ],
			"faces": {
				"down": { "uv": [ 1, 15, 2.5, 16 ], "texture": "#rsg" },
				"up": { "uv": [ 2.5, 16, 4, 15 ], "texture": "#rsg" },
				"north": { "uv": [ 10, 14.75, 8.5, 15 ], "texture": "#rsg" },
				"south": { "uv": [ 10, 14.75, 11.5, 15 ], "texture": "#rsg" },
				"west": { "uv": [ 14.25, 13.25, 15.25, 13.5 ], "texture": "#rsg" },
				"east": { "uv": [ 3.25, 13, 2.25, 13.25 ], "texture": "#rsg" }
			}
		},
		{
			"__comment": "Voxels",
			"from": [ 5, -1, 5 ],
			"to": [ 11, 0, 6 ],
			"faces": {
				"down": { "uv": [ 13, 14.75, 14.5, 15 ], "texture": "#rsg" },
				"up": { "uv": [ 4.75, 14.25, 6.25, 14 ], "texture": "#rsg" },
				"north": { "uv": [ 16, 14.75, 14.5, 15 ], "texture": "#rsg" },
				"south": { "uv": [ 6.75, 14.5, 8.25, 14.75 ], "texture": "#rsg" },
				"west": { "uv": [ 5, 2.75, 5.25, 3 ], "texture": "#rsg" },
				"east": { "uv": [ 5.25, 3, 5, 3.25 ], "texture": "#rsg" }
			}
		},
		{
			"__comment": "Voxels",
			"from": [ 5, -1, 10 ],
			"to": [ 11, 0, 11 ],
			"faces": {
				"down": { "uv": [ 9.75, 14.5, 11.25, 14.75 ], "texture": "#rsg" },
				"up": { "uv": [ 3.25, 14.25, 4.75, 14 ], "texture": "#rsg" },
				"north": { "uv": [ 7.75, 14, 6.25, 14.25 ], "texture": "#rsg" },
				"south": { "uv": [ 7.75, 14, 9.25, 14.25 ], "texture": "#rsg" },
				"west": { "uv": [ 5, 3.25, 5.25, 3.5 ], "texture": "#rsg" },
				"east": { "uv": [ 5.25, 3.5, 5, 3.75 ], "texture": "#rsg" }
			}
		},
		{
			"__comment": "Voxels",
			"from": [ 5, 0, 4 ],
			"to": [ 11, 1, 5 ],
			"faces": {
				"down": { "uv": [ 10.75, 14, 12.25, 14.25 ], "texture": "#rsg" },
				"up": { "uv": [ 3.25, 14, 4.75, 13.75 ], "texture": "#rsg" },
				"north": { "uv": [ 6.25, 13.75, 4.75, 14 ], "texture": "#rsg" },
				"south": { "uv": [ 6.25, 13.75, 7.75, 14 ], "texture": "#rsg" },
				"west": { "uv": [ 5, 4.25, 5.25, 4.5 ], "texture": "#rsg" },
				"east": { "uv": [ 5.25, 4.5, 5, 4.75 ], "texture": "#rsg" }
			}
		},
		{
			"__comment": "Voxels",
			"from": [ 5, 0, 10 ],
			"to": [ 7, 1, 12 ],
			"faces": {
				"down": { "uv": [ 1.75, 1.5, 2.25, 2 ], "texture": "#rsg" },
				"up": { "uv": [ 1.75, 1.5, 2.25, 1 ], "texture": "#rsg" },
				"north": { "uv": [ 8, 10.75, 7.5, 11 ], "texture": "#rsg" },
				"south": { "uv": [ 15.5, 13.75, 16, 14 ], "texture": "#rsg" },
				"west": { "uv": [ 2.25, 0.25, 2.75, 0.5 ], "texture": "#rsg" },
				"east": { "uv": [ 2.75, 0, 2.25, 0.25 ], "texture": "#rsg" }
			}
		},
		{
			"__comment": "Voxels",
			"from": [ 5, 1, 10 ],
			"to": [ 6, 2, 11 ],
			"faces": {
				"down": { "uv": [ 5, 4.75, 5.25, 5 ], "texture": "#rsg" },
				"up": { "uv": [ 5, 5.25, 5.25, 5 ], "texture": "#rsg" },
				"north": { "uv": [ 5.25, 7.75, 5, 8 ], "texture": "#rsg" },
				"south": { "uv": [ 5, 8, 5.25, 8.25 ], "texture": "#rsg" },
				"west": { "uv": [ 14.25, 10.75, 14.5, 11 ], "texture": "#rsg" },
				"east": { "uv": [ 14.25, 10.75, 14, 11 ], "texture": "#rsg" }
			}
		},
		{
			"__comment": "Voxels",
			"from": [ 5, 3, 10 ],
			"to": [ 6, 4, 11 ],
			"faces": {
				"down": { "uv": [ 13.75, 10.75, 14, 11 ], "texture": "#rsg" },
				"up": { "uv": [ 13.5, 11, 13.75, 10.75 ], "texture": "#rsg" },
				"north": { "uv": [ 13, 10.75, 12.75, 11 ], "texture": "#rsg" },
				"south": { "uv": [ 12.5, 10.75, 12.75, 11 ], "texture": "#rsg" },
				"west": { "uv": [ 12.25, 10.75, 12.5, 11 ], "texture": "#rsg" },
				"east": { "uv": [ 12.25, 10.75, 12, 11 ], "texture": "#rsg" }
			}
		},
		{
			"__comment": "Voxels",
			"from": [ 5, 4, 5 ],
			"to": [ 6, 5, 6 ],
			"faces": {
				"down": { "uv": [ 9.75, 10.75, 10, 11 ], "texture": "#rsg" },
				"up": { "uv": [ 9.5, 11, 9.75, 10.75 ], "texture": "#rsg" },
				"north": { "uv": [ 9.5, 10.75, 9.25, 11 ], "texture": "#rsg" },
				"south": { "uv": [ 9, 10.75, 9.25, 11 ], "texture": "#rsg" },
				"west": { "uv": [ 15.75, 11.75, 16, 12 ], "texture": "#rsg" },
				"east": { "uv": [ 16, 12.25, 15.75, 12.5 ], "texture": "#rsg" }
			}
		},
		{
			"__comment": "Voxels",
			"from": [ 5, 4, 11 ],
			"to": [ 11, 6, 12 ],
			"faces": {
				"down": { "uv": [ 11.5, 14.75, 13, 15 ], "texture": "#rsg" },
				"up": { "uv": [ 7, 15, 8.5, 14.75 ], "texture": "#rsg" },
				"north": { "uv": [ 8.5, 15.5, 7, 16 ], "texture": "#rsg" },
				"south": { "uv": [ 7, 15, 8.5, 15.5 ], "texture": "#rsg" },
				"west": { "uv": [ 3.75, 7.5, 4, 8 ], "texture": "#rsg" },
				"east": { "uv": [ 4, 7, 3.75, 7.5 ], "texture": "#rsg" }
			}
		},
		{
			"__comment": "Voxels",
			"from": [ 5, 5, 4 ],
			"to": [ 11, 6, 5 ],
			"faces": {
				"down": { "uv": [ 5.5, 15, 7, 15.25 ], "texture": "#rsg" },
				"up": { "uv": [ 7.75, 14, 9.25, 13.75 ], "texture": "#rsg" },
				"north": { "uv": [ 15.25, 14, 13.75, 14.25 ], "texture": "#rsg" },
				"south": { "uv": [ 9.25, 14, 10.75, 14.25 ], "texture": "#rsg" },
				"west": { "uv": [ 15.75, 12.5, 16, 12.75 ], "texture": "#rsg" },
				"east": { "uv": [ 16, 12.75, 15.75, 13 ], "texture": "#rsg" }
			}
		},
		{
			"__comment": "Voxels",
			"from": [ 5, 5, 6 ],
			"to": [ 6, 12, 7 ],
			"faces": {
				"down": { "uv": [ 5.5, 9.25, 5.75, 9.5 ], "texture": "#rsg" },
				"up": { "uv": [ 5.5, 9.75, 5.75, 9.5 ], "texture": "#rsg" },
				"north": { "uv": [ 1.25, 7.25, 1, 9 ], "texture": "#rsg" },
				"south": { "uv": [ 1, 3.75, 1.25, 5.5 ], "texture": "#rsg" },
				"west": { "uv": [ 1, 9, 1.25, 10.75 ], "texture": "#rsg" },
				"east": { "uv": [ 1.25, 5.5, 1, 7.25 ], "texture": "#rsg" }
			}
		},
		{
			"__comment": "Voxels",
			"from": [ 5, 6, 5 ],
			"to": [ 7, 8, 6 ],
			"faces": {
				"down": { "uv": [ 8.25, 11.75, 8.75, 12 ], "texture": "#rsg" },
				"up": { "uv": [ 8.75, 12, 9.25, 11.75 ], "texture": "#rsg" },
				"north": { "uv": [ 2.75, 11.5, 2.25, 12 ], "texture": "#rsg" },
				"south": { "uv": [ 2.25, 11, 2.75, 11.5 ], "texture": "#rsg" },
				"west": { "uv": [ 3.75, 6.5, 4, 7 ], "texture": "#rsg" },
				"east": { "uv": [ 4, 6, 3.75, 6.5 ], "texture": "#rsg" }
			}
		},
		{
			"__comment": "Voxels",
			"from": [ 5, 6, 7 ],
			"to": [ 6, 8, 11 ],
			"faces": {
				"down": { "uv": [ 2.25, 10, 2.5, 11 ], "texture": "#rsg" },
				"up": { "uv": [ 2.5, 11, 2.75, 10 ], "texture": "#rsg" },
				"north": { "uv": [ 4, 5.5, 3.75, 6 ], "texture": "#rsg" },
				"south": { "uv": [ 3.75, 5, 4, 5.5 ], "texture": "#rsg" },
				"west": { "uv": [ 0, 0.5, 1, 1 ], "texture": "#rsg" },
				"east": { "uv": [ 1, 1, 0, 1.5 ], "texture": "#rsg" }
			}
		},
		{
			"__comment": "Voxels",
			"from": [ 5, 8, 4 ],
			"to": [ 11, 10, 5 ],
			"faces": {
				"down": { "uv": [ 4, 15, 5.5, 15.25 ], "texture": "#rsg" },
				"up": { "uv": [ 1.75, 14, 3.25, 13.75 ], "texture": "#rsg" },
				"north": { "uv": [ 10, 15.5, 8.5, 16 ], "texture": "#rsg" },
				"south": { "uv": [ 8.5, 15, 10, 15.5 ], "texture": "#rsg" },
				"west": { "uv": [ 3.75, 4.5, 4, 5 ], "texture": "#rsg" },
				"east": { "uv": [ 4, 4, 3.75, 4.5 ], "texture": "#rsg" }
			}
		},
		{
			"__comment": "Voxels",
			"from": [ 5, 8, 9 ],
			"to": [ 6, 11, 11 ],
			"faces": {
				"down": { "uv": [ 3.75, 3.5, 4, 4 ], "texture": "#rsg" },
				"up": { "uv": [ 3.75, 3.5, 4, 3 ], "texture": "#rsg" },
				"north": { "uv": [ 3.75, 11.25, 3.5, 12 ], "texture": "#rsg" },
				"south": { "uv": [ 3.5, 9.75, 3.75, 10.5 ], "texture": "#rsg" },
				"west": { "uv": [ 1.25, 3.75, 1.75, 4.5 ], "texture": "#rsg" },
				"east": { "uv": [ 1.75, 9, 1.25, 9.75 ], "texture": "#rsg" }
			}
		},
		{
			"__comment": "Voxels",
			"from": [ 5, 10, 5 ],
			"to": [ 7, 12, 6 ],
			"faces": {
				"down": { "uv": [ 9.25, 11.75, 9.75, 12 ], "texture": "#rsg" },
				"up": { "uv": [ 9.75, 12, 10.25, 11.75 ], "texture": "#rsg" },
				"north": { "uv": [ 2.75, 9.5, 2.25, 10 ], "texture": "#rsg" },
				"south": { "uv": [ 2.25, 9, 2.75, 9.5 ], "texture": "#rsg" },
				"west": { "uv": [ 3.75, 2.5, 4, 3 ], "texture": "#rsg" },
				"east": { "uv": [ 4, 2, 3.75, 2.5 ], "texture": "#rsg" }
			}
		},
		{
			"__comment": "Voxels",
			"from": [ 5, 10, 7 ],
			"to": [ 6, 11, 8 ],
			"faces": {
				"down": { "uv": [ 5.5, 9.75, 5.75, 10 ], "texture": "#rsg" },
				"up": { "uv": [ 5.5, 10.25, 5.75, 10 ], "texture": "#rsg" },
				"north": { "uv": [ 15, 10.25, 14.75, 10.5 ], "texture": "#rsg" },
				"south": { "uv": [ 14.5, 10.25, 14.75, 10.5 ], "texture": "#rsg" },
				"west": { "uv": [ 14.25, 10.25, 14.5, 10.5 ], "texture": "#rsg" },
				"east": { "uv": [ 14.25, 10.25, 14, 10.5 ], "texture": "#rsg" }
			}
		},
		{
			"__comment": "Voxels",
			"from": [ 5, 11, 10 ],
			"to": [ 11, 12, 11 ],
			"faces": {
				"down": { "uv": [ 1.75, 14, 3.25, 14.25 ], "texture": "#rsg" },
				"up": { "uv": [ 12, 14.5, 13.5, 14.25 ], "texture": "#rsg" },
				"north": { "uv": [ 13.5, 14.5, 12, 14.75 ], "texture": "#rsg" },
				"south": { "uv": [ 9.75, 14.25, 11.25, 14.5 ], "texture": "#rsg" },
				"west": { "uv": [ 12.75, 10.25, 13, 10.5 ], "texture": "#rsg" },
				"east": { "uv": [ 12.75, 10.25, 12.5, 10.5 ], "texture": "#rsg" }
			}
		},
		{
			"__comment": "Voxels",
			"from": [ 5, 12, 7 ],
			"to": [ 11, 13, 10 ],
			"faces": {
				"down": { "uv": [ 4, 15.25, 5.5, 16 ], "texture": "#rsg" },
				"up": { "uv": [ 5.5, 16, 7, 15.25 ], "texture": "#rsg" },
				"north": { "uv": [ 13.75, 14, 12.25, 14.25 ], "texture": "#rsg" },
				"south": { "uv": [ 6.75, 14.25, 8.25, 14.5 ], "texture": "#rsg" },
				"west": { "uv": [ 9, 12.25, 9.75, 12.5 ], "texture": "#rsg" },
				"east": { "uv": [ 10.5, 12.25, 9.75, 12.5 ], "texture": "#rsg" }
			}
		},
		{
			"__comment": "Voxels",
			"from": [ 5, 14, 6 ],
			"to": [ 9, 15, 7 ],
			"faces": {
				"down": { "uv": [ 12.25, 13, 13.25, 13.25 ], "texture": "#rsg" },
				"up": { "uv": [ 13.25, 13.25, 14.25, 13 ], "texture": "#rsg" },
				"north": { "uv": [ 15.25, 13, 14.25, 13.25 ], "texture": "#rsg" },
				"south": { "uv": [ 2.75, 12.75, 3.75, 13 ], "texture": "#rsg" },
				"west": { "uv": [ 10.25, 10.25, 10.5, 10.5 ], "texture": "#rsg" },
				"east": { "uv": [ 10.25, 10.25, 10, 10.5 ], "texture": "#rsg" }
			}
		},
		{
			"__comment": "Voxels",
			"from": [ 5, 15, 4 ],
			"to": [ 6, 16, 5 ],
			"faces": {
				"down": { "uv": [ 7.25, 10.25, 7.5, 10.5 ], "texture": "#rsg" },
				"up": { "uv": [ 7, 10.5, 7.25, 10.25 ], "texture": "#rsg" },
				"north": { "uv": [ 6.5, 10.25, 6.25, 10.5 ], "texture": "#rsg" },
				"south": { "uv": [ 6, 10.25, 6.25, 10.5 ], "texture": "#rsg" },
				"west": { "uv": [ 5.25, 0, 5.5, 0.25 ], "texture": "#rsg" },
				"east": { "uv": [ 5.5, 0.25, 5.25, 0.5 ], "texture": "#rsg" }
			}
		},
		{
			"__comment": "Voxels",
			"from": [ 6, -2, 5 ],
			"to": [ 10, -1, 6 ],
			"faces": {
				"down": { "uv": [ 3.75, 12.75, 4.75, 13 ], "texture": "#rsg" },
				"up": { "uv": [ 4.75, 13, 5.75, 12.75 ], "texture": "#rsg" },
				"north": { "uv": [ 6.75, 12.75, 5.75, 13 ], "texture": "#rsg" },
				"south": { "uv": [ 6.75, 12.75, 7.75, 13 ], "texture": "#rsg" },
				"west": { "uv": [ 5.25, 0.5, 5.5, 0.75 ], "texture": "#rsg" },
				"east": { "uv": [ 5.5, 0.75, 5.25, 1 ], "texture": "#rsg" }
			}
		},
		{
			"__comment": "Voxels",
			"from": [ 6, -2, 10 ],
			"to": [ 10, -1, 11 ],
			"faces": {
				"down": { "uv": [ 7.75, 12.75, 8.75, 13 ], "texture": "#rsg" },
				"up": { "uv": [ 8.75, 13, 9.75, 12.75 ], "texture": "#rsg" },
				"north": { "uv": [ 10.75, 12.75, 9.75, 13 ], "texture": "#rsg" },
				"south": { "uv": [ 10.75, 12.75, 11.75, 13 ], "texture": "#rsg" },
				"west": { "uv": [ 5.25, 1.5, 5.5, 1.75 ], "texture": "#rsg" },
				"east": { "uv": [ 5.5, 1.75, 5.25, 2 ], "texture": "#rsg" }
			}
		},
		{
			"__comment": "Voxels",
			"from": [ 6, -1, 4 ],
			"to": [ 10, 0, 5 ],
			"faces": {
				"down": { "uv": [ 11.75, 12.75, 12.75, 13 ], "texture": "#rsg" },
				"up": { "uv": [ 12.75, 13, 13.75, 12.75 ], "texture": "#rsg" },
				"north": { "uv": [ 14.75, 12.75, 13.75, 13 ], "texture": "#rsg" },
				"south": { "uv": [ 14.75, 12.75, 15.75, 13 ], "texture": "#rsg" },
				"west": { "uv": [ 5.25, 2, 5.5, 2.25 ], "texture": "#rsg" },
				"east": { "uv": [ 5.5, 2.25, 5.25, 2.5 ], "texture": "#rsg" }
			}
		},
		{
			"__comment": "Voxels",
			"from": [ 6, -1, 9 ],
			"to": [ 7, 0, 10 ],
			"faces": {
				"down": { "uv": [ 5.25, 3.5, 5.5, 3.75 ], "texture": "#rsg" },
				"up": { "uv": [ 5.25, 4, 5.5, 3.75 ], "texture": "#rsg" },
				"north": { "uv": [ 5.5, 4, 5.25, 4.25 ], "texture": "#rsg" },
				"south": { "uv": [ 5.25, 4.25, 5.5, 4.5 ], "texture": "#rsg" },
				"west": { "uv": [ 13.5, 10.5, 13.75, 10.75 ], "texture": "#rsg" },
				"east": { "uv": [ 13.5, 10.5, 13.25, 10.75 ], "texture": "#rsg" }
			}
		},
		{
			"__comment": "Voxels",
			"from": [ 6, -1, 11 ],
			"to": [ 10, 0, 12 ],
			"faces": {
				"down": { "uv": [ 4.75, 12.5, 5.75, 12.75 ], "texture": "#rsg" },
				"up": { "uv": [ 5.75, 12.75, 6.75, 12.5 ], "texture": "#rsg" },
				"north": { "uv": [ 7.75, 12.5, 6.75, 12.75 ], "texture": "#rsg" },
				"south": { "uv": [ 7.75, 12.5, 8.75, 12.75 ], "texture": "#rsg" },
				"west": { "uv": [ 13, 10.5, 13.25, 10.75 ], "texture": "#rsg" },
				"east": { "uv": [ 5.5, 8.75, 5.25, 9 ], "texture": "#rsg" }
			}
		},
		{
			"__comment": "Voxels",
			"from": [ 6, 1, 3 ],
			"to": [ 10, 5, 4 ],
			"faces": {
				"down": { "uv": [ 9.75, 12.5, 10.75, 12.75 ], "texture": "#rsg" },
				"up": { "uv": [ 10.75, 12.75, 11.75, 12.5 ], "texture": "#rsg" },
				"north": { "uv": [ 1, 8.5, 0, 9.5 ], "texture": "#rsg" },
				"south": { "uv": [ 0, 9.5, 1, 10.5 ], "texture": "#rsg" },
				"west": { "uv": [ 2.25, 8, 2.5, 9 ], "texture": "#rsg" },
				"east": { "uv": [ 2.75, 8, 2.5, 9 ], "texture": "#rsg" }
			}
		},
		{
			"__comment": "Voxels",
			"from": [ 6, 1, 12 ],
			"to": [ 10, 5, 13 ],
			"faces": {
				"down": { "uv": [ 11.75, 12.5, 12.75, 12.75 ], "texture": "#rsg" },
				"up": { "uv": [ 12.75, 12.75, 13.75, 12.5 ], "texture": "#rsg" },
				"north": { "uv": [ 1, 10.5, 0, 11.5 ], "texture": "#rsg" },
				"south": { "uv": [ 0, 11.5, 1, 12.5 ], "texture": "#rsg" },
				"west": { "uv": [ 2.25, 7, 2.5, 8 ], "texture": "#rsg" },
				"east": { "uv": [ 2.75, 7, 2.5, 8 ], "texture": "#rsg" }
			}
		},
		{
			"__comment": "Voxels",
			"from": [ 6, 5, 10 ],
			"to": [ 7, 11, 11 ],
			"faces": {
				"down": { "uv": [ 12.25, 10.5, 12.5, 10.75 ], "texture": "#rsg" },
				"up": { "uv": [ 11, 10.75, 11.25, 10.5 ], "texture": "#rsg" },
				"north": { "uv": [ 1.75, 6.75, 1.5, 8.25 ], "texture": "#rsg" },
				"south": { "uv": [ 1.25, 6.75, 1.5, 8.25 ], "texture": "#rsg" },
				"west": { "uv": [ 1, 0.75, 1.25, 2.25 ], "texture": "#rsg" },
				"east": { "uv": [ 1.25, 2.25, 1, 3.75 ], "texture": "#rsg" }
			}
		},
		{
			"__comment": "Voxels",
			"from": [ 6, 6, 4 ],
			"to": [ 10, 8, 5 ],
			"faces": {
				"down": { "uv": [ 14.75, 12.5, 15.75, 12.75 ], "texture": "#rsg" },
				"up": { "uv": [ 2.75, 12.5, 3.75, 12.25 ], "texture": "#rsg" },
				"north": { "uv": [ 13, 15.25, 12, 15.75 ], "texture": "#rsg" },
				"south": { "uv": [ 11, 15.25, 12, 15.75 ], "texture": "#rsg" },
				"west": { "uv": [ 3.75, 1.5, 4, 2 ], "texture": "#rsg" },
				"east": { "uv": [ 4, 1, 3.75, 1.5 ], "texture": "#rsg" }
			}
		},
		{
			"__comment": "Voxels",
			"from": [ 6, 6, 11 ],
			"to": [ 10, 7, 12 ],
			"faces": {
				"down": { "uv": [ 4.75, 12.25, 5.75, 12.5 ], "texture": "#rsg" },
				"up": { "uv": [ 5.75, 12.5, 6.75, 12.25 ], "texture": "#rsg" },
				"north": { "uv": [ 12, 15, 11, 15.25 ], "texture": "#rsg" },
				"south": { "uv": [ 12, 15, 13, 15.25 ], "texture": "#rsg" },
				"west": { "uv": [ 10.75, 10.5, 11, 10.75 ], "texture": "#rsg" },
				"east": { "uv": [ 5.25, 7.5, 5, 7.75 ], "texture": "#rsg" }
			}
		},
		{
			"__comment": "Voxels",
			"from": [ 6, 7, 9 ],
			"to": [ 7, 8, 10 ],
			"faces": {
				"down": { "uv": [ 15.75, 10.75, 16, 11 ], "texture": "#rsg" },
				"up": { "uv": [ 15.5, 11, 15.75, 10.75 ], "texture": "#rsg" },
				"north": { "uv": [ 15.5, 10.75, 15.25, 11 ], "texture": "#rsg" },
				"south": { "uv": [ 8.5, 10.75, 8.75, 11 ], "texture": "#rsg" },
				"west": { "uv": [ 8.25, 10.75, 8.5, 11 ], "texture": "#rsg" },
				"east": { "uv": [ 8.25, 10.75, 8, 11 ], "texture": "#rsg" }
			}
		},
		{
			"__comment": "Voxels",
			"from": [ 6, 8, 11 ],
			"to": [ 10, 11, 12 ],
			"faces": {
				"down": { "uv": [ 3.25, 13.25, 4.25, 13.5 ], "texture": "#rsg" },
				"up": { "uv": [ 4.25, 13.5, 5.25, 13.25 ], "texture": "#rsg" },
				"north": { "uv": [ 1, 7.75, 0, 8.5 ], "texture": "#rsg" },
				"south": { "uv": [ 0, 7, 1, 7.75 ], "texture": "#rsg" },
				"west": { "uv": [ 3.5, 10.5, 3.75, 11.25 ], "texture": "#rsg" },
				"east": { "uv": [ 1.25, 0, 1, 0.75 ], "texture": "#rsg" }
			}
		},
		{
			"__comment": "Voxels",
			"from": [ 6, 10, 4 ],
			"to": [ 10, 12, 5 ],
			"faces": {
				"down": { "uv": [ 6.25, 13.25, 7.25, 13.5 ], "texture": "#rsg" },
				"up": { "uv": [ 5.25, 13.5, 6.25, 13.25 ], "texture": "#rsg" },
				"north": { "uv": [ 11, 15, 10, 15.5 ], "texture": "#rsg" },
				"south": { "uv": [ 1, 14.25, 2, 14.75 ], "texture": "#rsg" },
				"west": { "uv": [ 3.75, 0.5, 4, 1 ], "texture": "#rsg" },
				"east": { "uv": [ 4, 0, 3.75, 0.5 ], "texture": "#rsg" }
			}
		},
		{
			"__comment": "Voxels",
			"from": [ 6, 11, 6 ],
			"to": [ 7, 13, 7 ],
			"faces": {
				"down": { "uv": [ 5.5, 7.25, 5.75, 7.5 ], "texture": "#rsg" },
				"up": { "uv": [ 5.5, 8.75, 5.75, 8.5 ], "texture": "#rsg" },
				"north": { "uv": [ 4.25, 11.25, 4, 11.75 ], "texture": "#rsg" },
				"south": { "uv": [ 4, 10.75, 4.25, 11.25 ], "texture": "#rsg" },
				"west": { "uv": [ 4, 10.25, 4.25, 10.75 ], "texture": "#rsg" },
				"east": { "uv": [ 4.25, 9.75, 4, 10.25 ], "texture": "#rsg" }
			}
		},
		{
			"__comment": "Voxels",
			"from": [ 6, 11, 9 ],
			"to": [ 7, 12, 10 ],
			"faces": {
				"down": { "uv": [ 13.25, 10.25, 13.5, 10.5 ], "texture": "#rsg" },
				"up": { "uv": [ 13, 10.5, 13.25, 10.25 ], "texture": "#rsg" },
				"north": { "uv": [ 10, 10.25, 9.75, 10.5 ], "texture": "#rsg" },
				"south": { "uv": [ 7.25, 10.5, 7.5, 10.75 ], "texture": "#rsg" },
				"west": { "uv": [ 6, 10.5, 6.25, 10.75 ], "texture": "#rsg" },
				"east": { "uv": [ 5.5, 10.5, 5.25, 10.75 ], "texture": "#rsg" }
			}
		},
		{
			"__comment": "Voxels",
			"from": [ 6, 12, 5 ],
			"to": [ 10, 13, 6 ],
			"faces": {
				"down": { "uv": [ 3.25, 13, 4.25, 13.25 ], "texture": "#rsg" },
				"up": { "uv": [ 5.25, 13.25, 6.25, 13 ], "texture": "#rsg" },
				"north": { "uv": [ 7.25, 13, 6.25, 13.25 ], "texture": "#rsg" },
				"south": { "uv": [ 7.25, 13, 8.25, 13.25 ], "texture": "#rsg" },
				"west": { "uv": [ 5, 0, 5.25, 0.25 ], "texture": "#rsg" },
				"east": { "uv": [ 5.25, 6.75, 5, 7 ], "texture": "#rsg" }
			}
		},
		{
			"__comment": "Voxels",
			"from": [ 6, 13, 7 ],
			"to": [ 10, 14, 9 ],
			"faces": {
				"down": { "uv": [ 10, 15.5, 11, 16 ], "texture": "#rsg" },
				"up": { "uv": [ 0, 0.5, 1, 0 ], "texture": "#rsg" },
				"north": { "uv": [ 9.25, 13, 8.25, 13.25 ], "texture": "#rsg" },
				"south": { "uv": [ 9.25, 13, 10.25, 13.25 ], "texture": "#rsg" },
				"west": { "uv": [ 10.25, 11.75, 10.75, 12 ], "texture": "#rsg" },
				"east": { "uv": [ 11.25, 11.75, 10.75, 12 ], "texture": "#rsg" }
			}
		},
		{
			"__comment": "Voxels",
			"from": [ 6, 14, 7 ],
			"to": [ 9, 15, 8 ],
			"faces": {
				"down": { "uv": [ 2.75, 0.25, 3.5, 0.5 ], "texture": "#rsg" },
				"up": { "uv": [ 5.75, 12.25, 6.5, 12 ], "texture": "#rsg" },
				"north": { "uv": [ 9.5, 12, 8.75, 12.25 ], "texture": "#rsg" },
				"south": { "uv": [ 9.5, 12, 10.25, 12.25 ], "texture": "#rsg" },
				"west": { "uv": [ 11, 10.75, 11.25, 11 ], "texture": "#rsg" },
				"east": { "uv": [ 11, 10.75, 10.75, 11 ], "texture": "#rsg" }
			}
		},
		{
			"__comment": "Voxels",
			"from": [ 7, -1, 3 ],
			"to": [ 9, 1, 4 ],
			"faces": {
				"down": { "uv": [ 11.25, 11.75, 11.75, 12 ], "texture": "#rsg" },
				"up": { "uv": [ 11.75, 12, 12.25, 11.75 ], "texture": "#rsg" },
				"north": { "uv": [ 2.25, 5.5, 1.75, 6 ], "texture": "#rsg" },
				"south": { "uv": [ 1.75, 4, 2.25, 4.5 ], "texture": "#rsg" },
				"west": { "uv": [ 4, 9.25, 4.25, 9.75 ], "texture": "#rsg" },
				"east": { "uv": [ 4.25, 8.75, 4, 9.25 ], "texture": "#rsg" }
			}
		},
		{
			"__comment": "Voxels",
			"from": [ 7, 0, 11 ],
			"to": [ 11, 1, 12 ],
			"faces": {
				"down": { "uv": [ 9.25, 13.25, 10.25, 13.5 ], "texture": "#rsg" },
				"up": { "uv": [ 10.25, 13.5, 11.25, 13.25 ], "texture": "#rsg" },
				"north": { "uv": [ 5.25, 13, 4.25, 13.25 ], "texture": "#rsg" },
				"south": { "uv": [ 10.25, 13, 11.25, 13.25 ], "texture": "#rsg" },
				"west": { "uv": [ 10.5, 10.75, 10.75, 11 ], "texture": "#rsg" },
				"east": { "uv": [ 9.25, 10.5, 9, 10.75 ], "texture": "#rsg" }
			}
		},
		{
			"__comment": "Voxels",
			"from": [ 7, 0, 12 ],
			"to": [ 9, 1, 13 ],
			"faces": {
				"down": { "uv": [ 12.25, 11.75, 12.75, 12 ], "texture": "#rsg" },
				"up": { "uv": [ 12.75, 12, 13.25, 11.75 ], "texture": "#rsg" },
				"north": { "uv": [ 13.75, 11.75, 13.25, 12 ], "texture": "#rsg" },
				"south": { "uv": [ 13.75, 11.75, 14.25, 12 ], "texture": "#rsg" },
				"west": { "uv": [ 8.25, 10.5, 8.5, 10.75 ], "texture": "#rsg" },
				"east": { "uv": [ 8.25, 10.5, 8, 10.75 ], "texture": "#rsg" }
			}
		},
		{
			"__comment": "Voxels",
			"from": [ 7, 4, 4 ],
			"to": [ 12, 5, 5 ],
			"faces": {
				"down": { "uv": [ 4.25, 13.5, 5.5, 13.75 ], "texture": "#rsg" },
				"up": { "uv": [ 1.75, 13.75, 3, 13.5 ], "texture": "#rsg" },
				"north": { "uv": [ 8, 13.5, 6.75, 13.75 ], "texture": "#rsg" },
				"south": { "uv": [ 13, 13.75, 14.25, 14 ], "texture": "#rsg" },
				"west": { "uv": [ 5, 6.5, 5.25, 6.75 ], "texture": "#rsg" },
				"east": { "uv": [ 5.25, 0.25, 5, 0.5 ], "texture": "#rsg" }
			}
		},
		{
			"__comment": "Voxels",
			"from": [ 7, 5, 3 ],
			"to": [ 9, 6, 4 ],
			"faces": {
				"down": { "uv": [ 14.75, 11.75, 15.25, 12 ], "texture": "#rsg" },
				"up": { "uv": [ 15.25, 12, 15.75, 11.75 ], "texture": "#rsg" },
				"north": { "uv": [ 4.75, 11.5, 4.25, 11.75 ], "texture": "#rsg" },
				"south": { "uv": [ 4.75, 11.5, 5.25, 11.75 ], "texture": "#rsg" },
				"west": { "uv": [ 5, 6.25, 5.25, 6.5 ], "texture": "#rsg" },
				"east": { "uv": [ 5.25, 6, 5, 6.25 ], "texture": "#rsg" }
			}
		},
		{
			"__comment": "Voxels",
			"from": [ 7, 5, 12 ],
			"to": [ 9, 6, 13 ],
			"faces": {
				"down": { "uv": [ 5.25, 11.5, 5.75, 11.75 ], "texture": "#rsg" },
				"up": { "uv": [ 5.75, 11.75, 6.25, 11.5 ], "texture": "#rsg" },
				"north": { "uv": [ 6.75, 11.5, 6.25, 11.75 ], "texture": "#rsg" },
				"south": { "uv": [ 6.75, 11.5, 7.25, 11.75 ], "texture": "#rsg" },
				"west": { "uv": [ 10.25, 10.5, 10.5, 10.75 ], "texture": "#rsg" },
				"east": { "uv": [ 10.5, 10.75, 10.25, 11 ], "texture": "#rsg" }
			}
		},
		{
			"__comment": "Voxels",
			"from": [ 7, 6, 10 ],
			"to": [ 11, 8, 11 ],
			"faces": {
				"down": { "uv": [ 3.75, 12.25, 4.75, 12.5 ], "texture": "#rsg" },
				"up": { "uv": [ 11.25, 13.25, 12.25, 13 ], "texture": "#rsg" },
				"north": { "uv": [ 3, 14.25, 2, 14.75 ], "texture": "#rsg" },
				"south": { "uv": [ 0, 3.5, 1, 4 ], "texture": "#rsg" },
				"west": { "uv": [ 4, 8.25, 4.25, 8.75 ], "texture": "#rsg" },
				"east": { "uv": [ 4.25, 7.75, 4, 8.25 ], "texture": "#rsg" }
			}
		},
		{
			"__comment": "Voxels",
			"from": [ 7, 7, 3 ],
			"to": [ 9, 11, 4 ],
			"faces": {
				"down": { "uv": [ 7.25, 11.5, 7.75, 11.75 ], "texture": "#rsg" },
				"up": { "uv": [ 7.75, 11.75, 8.25, 11.5 ], "texture": "#rsg" },
				"north": { "uv": [ 1, 1.5, 0.5, 2.5 ], "texture": "#rsg" },
				"south": { "uv": [ 0, 2.5, 0.5, 3.5 ], "texture": "#rsg" },
				"west": { "uv": [ 2, 0, 2.25, 1 ], "texture": "#rsg" },
				"east": { "uv": [ 2, 0, 1.75, 1 ], "texture": "#rsg" }
			}
		},
		{
			"__comment": "Voxels",
			"from": [ 7, 7, 11 ],
			"to": [ 9, 8, 12 ],
			"faces": {
				"down": { "uv": [ 8.25, 11.5, 8.75, 11.75 ], "texture": "#rsg" },
				"up": { "uv": [ 8.75, 11.75, 9.25, 11.5 ], "texture": "#rsg" },
				"north": { "uv": [ 9.75, 11.5, 9.25, 11.75 ], "texture": "#rsg" },
				"south": { "uv": [ 9.75, 11.5, 10.25, 11.75 ], "texture": "#rsg" },
				"west": { "uv": [ 10.5, 10.5, 10.75, 10.75 ], "texture": "#rsg" },
				"east": { "uv": [ 11.5, 10.5, 11.25, 10.75 ], "texture": "#rsg" }
			}
		},
		{
			"__comment": "Voxels",
			"from": [ 7, 8, 10 ],
			"to": [ 8, 9, 11 ],
			"faces": {
				"down": { "uv": [ 12, 10.5, 12.25, 10.75 ], "texture": "#rsg" },
				"up": { "uv": [ 5.25, 8.5, 5.5, 8.25 ], "texture": "#rsg" },
				"north": { "uv": [ 5.5, 8, 5.25, 8.25 ], "texture": "#rsg" },
				"south": { "uv": [ 5.25, 7.75, 5.5, 8 ], "texture": "#rsg" },
				"west": { "uv": [ 5.25, 7.5, 5.5, 7.75 ], "texture": "#rsg" },
				"east": { "uv": [ 9.75, 10.25, 9.5, 10.5 ], "texture": "#rsg" }
			}
		},
		{
			"__comment": "Voxels",
			"from": [ 7, 10, 10 ],
			"to": [ 11, 11, 11 ],
			"faces": {
				"down": { "uv": [ 13.25, 13.25, 14.25, 13.5 ], "texture": "#rsg" },
				"up": { "uv": [ 12.25, 13.5, 13.25, 13.25 ], "texture": "#rsg" },
				"north": { "uv": [ 12.25, 13.25, 11.25, 13.5 ], "texture": "#rsg" },
				"south": { "uv": [ 8.25, 13.25, 9.25, 13.5 ], "texture": "#rsg" },
				"west": { "uv": [ 5.5, 8.25, 5.75, 8.5 ], "texture": "#rsg" },
				"east": { "uv": [ 5.75, 7.5, 5.5, 7.75 ], "texture": "#rsg" }
			}
		},
		{
			"__comment": "Voxels",
			"from": [ 7, 11, 5 ],
			"to": [ 11, 12, 6 ],
			"faces": {
				"down": { "uv": [ 7.25, 13.25, 8.25, 13.5 ], "texture": "#rsg" },
				"up": { "uv": [ 2.25, 13.5, 3.25, 13.25 ], "texture": "#rsg" },
				"north": { "uv": [ 16, 13.5, 15, 13.75 ], "texture": "#rsg" },
				"south": { "uv": [ 14, 13.5, 15, 13.75 ], "texture": "#rsg" },
				"west": { "uv": [ 8.75, 10.75, 9, 11 ], "texture": "#rsg" },
				"east": { "uv": [ 10.25, 10.75, 10, 11 ], "texture": "#rsg" }
			}
		},
		{
			"__comment": "Voxels",
			"from": [ 7, 11, 11 ],
			"to": [ 9, 12, 12 ],
			"faces": {
				"down": { "uv": [ 10.25, 11.5, 10.75, 11.75 ], "texture": "#rsg" },
				"up": { "uv": [ 10.75, 11.75, 11.25, 11.5 ], "texture": "#rsg" },
				"north": { "uv": [ 11.75, 11.5, 11.25, 11.75 ], "texture": "#rsg" },
				"south": { "uv": [ 11.75, 11.5, 12.25, 11.75 ], "texture": "#rsg" },
				"west": { "uv": [ 11.25, 10.75, 11.5, 11 ], "texture": "#rsg" },
				"east": { "uv": [ 15.25, 10.75, 15, 11 ], "texture": "#rsg" }
			}
		},
		{
			"__comment": "Voxels",
			"from": [ 7, 12, 6 ],
			"to": [ 11, 13, 7 ],
			"faces": {
				"down": { "uv": [ 11, 13.5, 12, 13.75 ], "texture": "#rsg" },
				"up": { "uv": [ 10, 13.75, 11, 13.5 ], "texture": "#rsg" },
				"north": { "uv": [ 10, 13.5, 9, 13.75 ], "texture": "#rsg" },
				"south": { "uv": [ 8, 13.5, 9, 13.75 ], "texture": "#rsg" },
				"west": { "uv": [ 5, 7.25, 5.25, 7.5 ], "texture": "#rsg" },
				"east": { "uv": [ 5.25, 7, 5, 7.25 ], "texture": "#rsg" }
			}
		},
		{
			"__comment": "Voxels",
			"from": [ 7, 12, 10 ],
			"to": [ 9, 13, 11 ],
			"faces": {
				"down": { "uv": [ 12.25, 11.5, 12.75, 11.75 ], "texture": "#rsg" },
				"up": { "uv": [ 12.75, 11.75, 13.25, 11.5 ], "texture": "#rsg" },
				"north": { "uv": [ 13.75, 11.5, 13.25, 11.75 ], "texture": "#rsg" },
				"south": { "uv": [ 13.75, 11.5, 14.25, 11.75 ], "texture": "#rsg" },
				"west": { "uv": [ 5, 5.75, 5.25, 6 ], "texture": "#rsg" },
				"east": { "uv": [ 5.25, 0.5, 5, 0.75 ], "texture": "#rsg" }
			}
		},
		{
			"__comment": "Voxels",
			"from": [ 7, 13, 6 ],
			"to": [ 9, 14, 7 ],
			"faces": {
				"down": { "uv": [ 14.25, 11.5, 14.75, 11.75 ], "texture": "#rsg" },
				"up": { "uv": [ 14.75, 11.75, 15.25, 11.5 ], "texture": "#rsg" },
				"north": { "uv": [ 15.75, 11.5, 15.25, 11.75 ], "texture": "#rsg" },
				"south": { "uv": [ 4.25, 11.25, 4.75, 11.5 ], "texture": "#rsg" },
				"west": { "uv": [ 6.25, 10.5, 6.5, 10.75 ], "texture": "#rsg" },
				"east": { "uv": [ 7.25, 10.5, 7, 10.75 ], "texture": "#rsg" }
			}
		},
		{
			"__comment": "Voxels",
			"from": [ 7, 13, 9 ],
			"to": [ 9, 14, 10 ],
			"faces": {
				"down": { "uv": [ 4.75, 11.25, 5.25, 11.5 ], "texture": "#rsg" },
				"up": { "uv": [ 5.25, 11.5, 5.75, 11.25 ], "texture": "#rsg" },
				"north": { "uv": [ 6.25, 11.25, 5.75, 11.5 ], "texture": "#rsg" },
				"south": { "uv": [ 6.25, 11.25, 6.75, 11.5 ], "texture": "#rsg" },
				"west": { "uv": [ 9.25, 10.5, 9.5, 10.75 ], "texture": "#rsg" },
				"east": { "uv": [ 10.25, 10.5, 10, 10.75 ], "texture": "#rsg" }
			}
		},
		{
			"__comment": "Voxels",
			"from": [ 7, 15, 7 ],
			"to": [ 9, 17, 8 ],
			"faces": {
				"down": { "uv": [ 6.75, 11.25, 7.25, 11.5 ], "texture": "#rsg" },
				"up": { "uv": [ 7.25, 11.5, 7.75, 11.25 ], "texture": "#rsg" },
				"north": { "uv": [ 15.5, 14.25, 15, 14.75 ], "texture": "#rsg" },
				"south": { "uv": [ 2.25, 6.5, 2.75, 7 ], "texture": "#rsg" },
				"west": { "uv": [ 4, 7.25, 4.25, 7.75 ], "texture": "#rsg" },
				"east": { "uv": [ 4.25, 6.75, 4, 7.25 ], "texture": "#rsg" }
			}
		},
		{
			"__comment": "Voxels",
			"from": [ 7, 16, 6 ],
			"to": [ 11, 17, 7 ],
			"faces": {
				"down": { "uv": [ 13.75, 12.5, 14.75, 12.75 ], "texture": "#rsg" },
				"up": { "uv": [ 8.75, 12.75, 9.75, 12.5 ], "texture": "#rsg" },
				"north": { "uv": [ 4.75, 12.5, 3.75, 12.75 ], "texture": "#rsg" },
				"south": { "uv": [ 2.75, 12.5, 3.75, 12.75 ], "texture": "#rsg" },
				"west": { "uv": [ 13.75, 10.5, 14, 10.75 ], "texture": "#rsg" },
				"east": { "uv": [ 15.25, 10.5, 15, 10.75 ], "texture": "#rsg" }
			}
		},
		{
			"__comment": "Voxels",
			"from": [ 8, 14, 8 ],
			"to": [ 9, 15, 9 ],
			"faces": {
				"down": { "uv": [ 15.25, 10.5, 15.5, 10.75 ], "texture": "#rsg" },
				"up": { "uv": [ 5.25, 10.5, 5.5, 10.25 ], "texture": "#rsg" },
				"north": { "uv": [ 5.5, 10, 5.25, 10.25 ], "texture": "#rsg" },
				"south": { "uv": [ 5.25, 9.25, 5.5, 9.5 ], "texture": "#rsg" },
				"west": { "uv": [ 5.25, 9, 5.5, 9.25 ], "texture": "#rsg" },
				"east": { "uv": [ 5.5, 8.5, 5.25, 8.75 ], "texture": "#rsg" }
			}
		},
		{
			"__comment": "Voxels",
			"from": [ 8, 17, 6 ],
			"to": [ 10, 18, 7 ],
			"faces": {
				"down": { "uv": [ 7.75, 11.25, 8.25, 11.5 ], "texture": "#rsg" },
				"up": { "uv": [ 8.25, 11.5, 8.75, 11.25 ], "texture": "#rsg" },
				"north": { "uv": [ 9.25, 11.25, 8.75, 11.5 ], "texture": "#rsg" },
				"south": { "uv": [ 9.25, 11.25, 9.75, 11.5 ], "texture": "#rsg" },
				"west": { "uv": [ 5.25, 6.25, 5.5, 6.5 ], "texture": "#rsg" },
				"east": { "uv": [ 5.5, 6, 5.25, 6.25 ], "texture": "#rsg" }
			}
		},
		{
			"__comment": "Voxels",
			"from": [ 8, 17, 7 ],
			"to": [ 9, 18, 8 ],
			"faces": {
				"down": { "uv": [ 5.25, 5.75, 5.5, 6 ], "texture": "#rsg" },
				"up": { "uv": [ 5.25, 5.75, 5.5, 5.5 ], "texture": "#rsg" },
				"north": { "uv": [ 5.5, 5.25, 5.25, 5.5 ], "texture": "#rsg" },
				"south": { "uv": [ 5.25, 5, 5.5, 5.25 ], "texture": "#rsg" },
				"west": { "uv": [ 5.25, 4.75, 5.5, 5 ], "texture": "#rsg" },
				"east": { "uv": [ 5.5, 4.5, 5.25, 4.75 ], "texture": "#rsg" }
			}
		},
		{
			"__comment": "Voxels",
			"from": [ 9, -1, 6 ],
			"to": [ 12, 0, 7 ],
			"faces": {
				"down": { "uv": [ 2.75, 5.5, 3.5, 5.75 ], "texture": "#rsg" },
				"up": { "uv": [ 2.75, 6, 3.5, 5.75 ], "texture": "#rsg" },
				"north": { "uv": [ 3.5, 6, 2.75, 6.25 ], "texture": "#rsg" },
				"south": { "uv": [ 2.75, 6.25, 3.5, 6.5 ], "texture": "#rsg" },
				"west": { "uv": [ 5.25, 3.25, 5.5, 3.5 ], "texture": "#rsg" },
				"east": { "uv": [ 5.5, 3, 5.25, 3.25 ], "texture": "#rsg" }
			}
		},
		{
			"__comment": "Voxels",
			"from": [ 9, -1, 9 ],
			"to": [ 12, 0, 10 ],
			"faces": {
				"down": { "uv": [ 2.75, 6.5, 3.5, 6.75 ], "texture": "#rsg" },
				"up": { "uv": [ 2.75, 7, 3.5, 6.75 ], "texture": "#rsg" },
				"north": { "uv": [ 3.5, 8, 2.75, 8.25 ], "texture": "#rsg" },
				"south": { "uv": [ 2.75, 8.25, 3.5, 8.5 ], "texture": "#rsg" },
				"west": { "uv": [ 5.25, 1.25, 5.5, 1.5 ], "texture": "#rsg" },
				"east": { "uv": [ 5.5, 1, 5.25, 1.25 ], "texture": "#rsg" }
			}
		},
		{
			"__comment": "Voxels",
			"from": [ 9, 0, 10 ],
			"to": [ 12, 1, 11 ],
			"faces": {
				"down": { "uv": [ 2.75, 9.5, 3.5, 9.75 ], "texture": "#rsg" },
				"up": { "uv": [ 2.75, 10, 3.5, 9.75 ], "texture": "#rsg" },
				"north": { "uv": [ 8.25, 11.75, 7.5, 12 ], "texture": "#rsg" },
				"south": { "uv": [ 2.75, 11.25, 3.5, 11.5 ], "texture": "#rsg" },
				"west": { "uv": [ 5.5, 10.25, 5.75, 10.5 ], "texture": "#rsg" },
				"east": { "uv": [ 6, 10.25, 5.75, 10.5 ], "texture": "#rsg" }
			}
		},
		{
			"__comment": "Voxels",
			"from": [ 9, 2, 4 ],
			"to": [ 12, 4, 5 ],
			"faces": {
				"down": { "uv": [ 2.75, 11.5, 3.5, 11.75 ], "texture": "#rsg" },
				"up": { "uv": [ 2.75, 12, 3.5, 11.75 ], "texture": "#rsg" },
				"north": { "uv": [ 6.75, 14.25, 6, 14.75 ], "texture": "#rsg" },
				"south": { "uv": [ 9, 14.25, 9.75, 14.75 ], "texture": "#rsg" },
				"west": { "uv": [ 4, 6.25, 4.25, 6.75 ], "texture": "#rsg" },
				"east": { "uv": [ 4.25, 5.75, 4, 6.25 ], "texture": "#rsg" }
			}
		},
		{
			"__comment": "Voxels",
			"from": [ 9, 2, 11 ],
			"to": [ 12, 4, 12 ],
			"faces": {
				"down": { "uv": [ 14.25, 12.25, 15, 12.5 ], "texture": "#rsg" },
				"up": { "uv": [ 13.5, 12.5, 14.25, 12.25 ], "texture": "#rsg" },
				"north": { "uv": [ 9, 14.25, 8.25, 14.75 ], "texture": "#rsg" },
				"south": { "uv": [ 11.25, 14.25, 12, 14.75 ], "texture": "#rsg" },
				"west": { "uv": [ 4, 5.25, 4.25, 5.75 ], "texture": "#rsg" },
				"east": { "uv": [ 4.25, 4.75, 4, 5.25 ], "texture": "#rsg" }
			}
		},
		{
			"__comment": "Voxels",
			"from": [ 9, 5, 5 ],
			"to": [ 12, 6, 6 ],
			"faces": {
				"down": { "uv": [ 6.75, 11.75, 7.5, 12 ], "texture": "#rsg" },
				"up": { "uv": [ 6, 12, 6.75, 11.75 ], "texture": "#rsg" },
				"north": { "uv": [ 6, 11.75, 5.25, 12 ], "texture": "#rsg" },
				"south": { "uv": [ 4.5, 11.75, 5.25, 12 ], "texture": "#rsg" },
				"west": { "uv": [ 15.5, 10.25, 15.75, 10.5 ], "texture": "#rsg" },
				"east": { "uv": [ 16, 10.25, 15.75, 10.5 ], "texture": "#rsg" }
			}
		},
		{
			"__comment": "Voxels",
			"from": [ 9, 5, 10 ],
			"to": [ 12, 6, 11 ],
			"faces": {
				"down": { "uv": [ 3.75, 11.75, 4.5, 12 ], "texture": "#rsg" },
				"up": { "uv": [ 14.75, 12.25, 15.5, 12 ], "texture": "#rsg" },
				"north": { "uv": [ 3.5, 9, 2.75, 9.25 ], "texture": "#rsg" },
				"south": { "uv": [ 2.75, 9.25, 3.5, 9.5 ], "texture": "#rsg" },
				"west": { "uv": [ 5.5, 9, 5.75, 9.25 ], "texture": "#rsg" },
				"east": { "uv": [ 5.75, 8.75, 5.5, 9 ], "texture": "#rsg" }
			}
		},
		{
			"__comment": "Voxels",
			"from": [ 9, 6, 5 ],
			"to": [ 11, 7, 6 ],
			"faces": {
				"down": { "uv": [ 9.75, 11.25, 10.25, 11.5 ], "texture": "#rsg" },
				"up": { "uv": [ 10.25, 11.5, 10.75, 11.25 ], "texture": "#rsg" },
				"north": { "uv": [ 11.25, 11.25, 10.75, 11.5 ], "texture": "#rsg" },
				"south": { "uv": [ 11.25, 11.25, 11.75, 11.5 ], "texture": "#rsg" },
				"west": { "uv": [ 5.5, 7, 5.75, 7.25 ], "texture": "#rsg" },
				"east": { "uv": [ 5.75, 6.75, 5.5, 7 ], "texture": "#rsg" }
			}
		},
		{
			"__comment": "Voxels",
			"from": [ 9, 7, 9 ],
			"to": [ 12, 8, 10 ],
			"faces": {
				"down": { "uv": [ 2.75, 10, 3.5, 10.25 ], "texture": "#rsg" },
				"up": { "uv": [ 2.75, 10.5, 3.5, 10.25 ], "texture": "#rsg" },
				"north": { "uv": [ 3.5, 3.25, 2.75, 3.5 ], "texture": "#rsg" },
				"south": { "uv": [ 2.75, 3.75, 3.5, 4 ], "texture": "#rsg" },
				"west": { "uv": [ 4, 0, 4.25, 0.25 ], "texture": "#rsg" },
				"east": { "uv": [ 16, 11.5, 15.75, 11.75 ], "texture": "#rsg" }
			}
		},
		{
			"__comment": "Voxels",
			"from": [ 9, 8, 3 ],
			"to": [ 10, 10, 4 ],
			"faces": {
				"down": { "uv": [ 15.75, 11.25, 16, 11.5 ], "texture": "#rsg" },
				"up": { "uv": [ 15.75, 11.25, 16, 11 ], "texture": "#rsg" },
				"north": { "uv": [ 4.25, 4.25, 4, 4.75 ], "texture": "#rsg" },
				"south": { "uv": [ 4, 3.75, 4.25, 4.25 ], "texture": "#rsg" },
				"west": { "uv": [ 4, 3.25, 4.25, 3.75 ], "texture": "#rsg" },
				"east": { "uv": [ 4.25, 2.75, 4, 3.25 ], "texture": "#rsg" }
			}
		},
		{
			"__comment": "Voxels",
			"from": [ 9, 8, 10 ],
			"to": [ 12, 10, 11 ],
			"faces": {
				"down": { "uv": [ 2.75, 4, 3.5, 4.25 ], "texture": "#rsg" },
				"up": { "uv": [ 2.75, 4.5, 3.5, 4.25 ], "texture": "#rsg" },
				"north": { "uv": [ 5.25, 14.25, 4.5, 14.75 ], "texture": "#rsg" },
				"south": { "uv": [ 5.25, 14.25, 6, 14.75 ], "texture": "#rsg" },
				"west": { "uv": [ 4, 2.25, 4.25, 2.75 ], "texture": "#rsg" },
				"east": { "uv": [ 4.25, 1.75, 4, 2.25 ], "texture": "#rsg" }
			}
		},
		{
			"__comment": "Voxels",
			"from": [ 9, 10, 5 ],
			"to": [ 11, 11, 6 ],
			"faces": {
				"down": { "uv": [ 11.75, 11.25, 12.25, 11.5 ], "texture": "#rsg" },
				"up": { "uv": [ 12.25, 11.5, 12.75, 11.25 ], "texture": "#rsg" },
				"north": { "uv": [ 13.25, 11.25, 12.75, 11.5 ], "texture": "#rsg" },
				"south": { "uv": [ 13.25, 11.25, 13.75, 11.5 ], "texture": "#rsg" },
				"west": { "uv": [ 11.5, 10.75, 11.75, 11 ], "texture": "#rsg" },
				"east": { "uv": [ 12, 10.75, 11.75, 11 ], "texture": "#rsg" }
			}
		},
		{
			"__comment": "Voxels",
			"from": [ 9, 11, 6 ],
			"to": [ 12, 12, 7 ],
			"faces": {
				"down": { "uv": [ 2.75, 10.75, 3.5, 11 ], "texture": "#rsg" },
				"up": { "uv": [ 11.25, 12.5, 12, 12.25 ], "texture": "#rsg" },
				"north": { "uv": [ 11.25, 12.25, 10.5, 12.5 ], "texture": "#rsg" },
				"south": { "uv": [ 2.75, 0.75, 3.5, 1 ], "texture": "#rsg" },
				"west": { "uv": [ 13, 10.75, 13.25, 11 ], "texture": "#rsg" },
				"east": { "uv": [ 13.5, 10.75, 13.25, 11 ], "texture": "#rsg" }
			}
		},
		{
			"__comment": "Voxels",
			"from": [ 9, 11, 9 ],
			"to": [ 12, 12, 10 ],
			"faces": {
				"down": { "uv": [ 2.75, 5.25, 3.5, 5.5 ], "texture": "#rsg" },
				"up": { "uv": [ 2.75, 5.25, 3.5, 5 ], "texture": "#rsg" },
				"north": { "uv": [ 3.5, 0.5, 2.75, 0.75 ], "texture": "#rsg" },
				"south": { "uv": [ 10.25, 12, 11, 12.25 ], "texture": "#rsg" },
				"west": { "uv": [ 14.5, 10.75, 14.75, 11 ], "texture": "#rsg" },
				"east": { "uv": [ 15, 10.75, 14.75, 11 ], "texture": "#rsg" }
			}
		},
		{
			"__comment": "Voxels",
			"from": [ 9, 16, 7 ],
			"to": [ 11, 17, 8 ],
			"faces": {
				"down": { "uv": [ 13.75, 11.25, 14.25, 11.5 ], "texture": "#rsg" },
				"up": { "uv": [ 14.25, 11.5, 14.75, 11.25 ], "texture": "#rsg" },
				"north": { "uv": [ 15.25, 11.25, 14.75, 11.5 ], "texture": "#rsg" },
				"south": { "uv": [ 15.25, 11.25, 15.75, 11.5 ], "texture": "#rsg" },
				"west": { "uv": [ 5, 10, 5.25, 10.25 ], "texture": "#rsg" },
				"east": { "uv": [ 5.25, 9.75, 5, 10 ], "texture": "#rsg" }
			}
		},
		{
			"__comment": "Voxels",
			"from": [ 9, 17, 5 ],
			"to": [ 10, 18, 6 ],
			"faces": {
				"down": { "uv": [ 5, 9.5, 5.25, 9.75 ], "texture": "#rsg" },
				"up": { "uv": [ 5, 9.5, 5.25, 9.25 ], "texture": "#rsg" },
				"north": { "uv": [ 5.25, 9, 5, 9.25 ], "texture": "#rsg" },
				"south": { "uv": [ 5, 8.75, 5.25, 9 ], "texture": "#rsg" },
				"west": { "uv": [ 5, 8.5, 5.25, 8.75 ], "texture": "#rsg" },
				"east": { "uv": [ 5.25, 8.25, 5, 8.5 ], "texture": "#rsg" }
			}
		},
		{
			"__comment": "Voxels",
			"from": [ 10, -1, 7 ],
			"to": [ 12, 0, 9 ],
			"faces": {
				"down": { "uv": [ 2.25, 12, 2.75, 12.5 ], "texture": "#rsg" },
				"up": { "uv": [ 2.25, 13, 2.75, 12.5 ], "texture": "#rsg" },
				"north": { "uv": [ 4.75, 11, 4.25, 11.25 ], "texture": "#rsg" },
				"south": { "uv": [ 4.25, 10.75, 4.75, 11 ], "texture": "#rsg" },
				"west": { "uv": [ 4.25, 10.5, 4.75, 10.75 ], "texture": "#rsg" },
				"east": { "uv": [ 4.75, 10.25, 4.25, 10.5 ], "texture": "#rsg" }
			}
		},
		{
			"__comment": "Voxels",
			"from": [ 10, 0, 5 ],
			"to": [ 12, 1, 6 ],
			"faces": {
				"down": { "uv": [ 4.25, 10, 4.75, 10.25 ], "texture": "#rsg" },
				"up": { "uv": [ 4.25, 10, 4.75, 9.75 ], "texture": "#rsg" },
				"north": { "uv": [ 4.75, 9.5, 4.25, 9.75 ], "texture": "#rsg" },
				"south": { "uv": [ 4.25, 9.25, 4.75, 9.5 ], "texture": "#rsg" },
				"west": { "uv": [ 5, 5.5, 5.25, 5.75 ], "texture": "#rsg" },
				"east": { "uv": [ 5.25, 5.25, 5, 5.5 ], "texture": "#rsg" }
			}
		},
		{
			"__comment": "Voxels",
			"from": [ 10, 1, 10 ],
			"to": [ 13, 2, 11 ],
			"faces": {
				"down": { "uv": [ 11, 12, 11.75, 12.25 ], "texture": "#rsg" },
				"up": { "uv": [ 14, 12.25, 14.75, 12 ], "texture": "#rsg" },
				"north": { "uv": [ 12.75, 12.25, 12, 12.5 ], "texture": "#rsg" },
				"south": { "uv": [ 12.75, 12.25, 13.5, 12.5 ], "texture": "#rsg" },
				"west": { "uv": [ 5, 4, 5.25, 4.25 ], "texture": "#rsg" },
				"east": { "uv": [ 5.25, 3.75, 5, 4 ], "texture": "#rsg" }
			}
		},
		{
			"__comment": "Voxels",
			"from": [ 10, 3, 10 ],
			"to": [ 13, 4, 11 ],
			"faces": {
				"down": { "uv": [ 2.75, 10.5, 3.5, 10.75 ], "texture": "#rsg" },
				"up": { "uv": [ 2.75, 9, 3.5, 8.75 ], "texture": "#rsg" },
				"north": { "uv": [ 3.5, 8.5, 2.75, 8.75 ], "texture": "#rsg" },
				"south": { "uv": [ 2.75, 7.75, 3.5, 8 ], "texture": "#rsg" },
				"west": { "uv": [ 5, 2.5, 5.25, 2.75 ], "texture": "#rsg" },
				"east": { "uv": [ 5.25, 2.25, 5, 2.5 ], "texture": "#rsg" }
			}
		},
		{
			"__comment": "Voxels",
			"from": [ 10, 4, 5 ],
			"to": [ 13, 5, 6 ],
			"faces": {
				"down": { "uv": [ 2.75, 7.5, 3.5, 7.75 ], "texture": "#rsg" },
				"up": { "uv": [ 2.75, 7.5, 3.5, 7.25 ], "texture": "#rsg" },
				"north": { "uv": [ 3.5, 7, 2.75, 7.25 ], "texture": "#rsg" },
				"south": { "uv": [ 2.75, 4.75, 3.5, 5 ], "texture": "#rsg" },
				"west": { "uv": [ 5, 1, 5.25, 1.25 ], "texture": "#rsg" },
				"east": { "uv": [ 5.25, 0.75, 5, 1 ], "texture": "#rsg" }
			}
		},
		{
			"__comment": "Voxels",
			"from": [ 10, 4, 10 ],
			"to": [ 12, 5, 11 ],
			"faces": {
				"down": { "uv": [ 4.25, 9, 4.75, 9.25 ], "texture": "#rsg" },
				"up": { "uv": [ 4.25, 9, 4.75, 8.75 ], "texture": "#rsg" },
				"north": { "uv": [ 4.75, 8.5, 4.25, 8.75 ], "texture": "#rsg" },
				"south": { "uv": [ 4.25, 8.25, 4.75, 8.5 ], "texture": "#rsg" },
				"west": { "uv": [ 5.5, 10.5, 5.75, 10.75 ], "texture": "#rsg" },
				"east": { "uv": [ 6, 10.5, 5.75, 10.75 ], "texture": "#rsg" }
			}
		},
		{
			"__comment": "Voxels",
			"from": [ 10, 6, 6 ],
			"to": [ 12, 8, 7 ],
			"faces": {
				"down": { "uv": [ 4.25, 8, 4.75, 8.25 ], "texture": "#rsg" },
				"up": { "uv": [ 4.25, 8, 4.75, 7.75 ], "texture": "#rsg" },
				"north": { "uv": [ 2.25, 2, 1.75, 2.5 ], "texture": "#rsg" },
				"south": { "uv": [ 1.75, 2.5, 2.25, 3 ], "texture": "#rsg" },
				"west": { "uv": [ 4, 1.25, 4.25, 1.75 ], "texture": "#rsg" },
				"east": { "uv": [ 4.25, 0.75, 4, 1.25 ], "texture": "#rsg" }
			}
		},
		{
			"__comment": "Voxels",
			"from": [ 10, 6, 7 ],
			"to": [ 12, 7, 10 ],
			"faces": {
				"down": { "uv": [ 1.25, 8.25, 1.75, 9 ], "texture": "#rsg" },
				"up": { "uv": [ 1.25, 12.75, 1.75, 12 ], "texture": "#rsg" },
				"north": { "uv": [ 4.75, 7.5, 4.25, 7.75 ], "texture": "#rsg" },
				"south": { "uv": [ 4.25, 7.25, 4.75, 7.5 ], "texture": "#rsg" },
				"west": { "uv": [ 2.75, 2, 3.5, 2.25 ], "texture": "#rsg" },
				"east": { "uv": [ 3.5, 1.75, 2.75, 2 ], "texture": "#rsg" }
			}
		},
		{
			"__comment": "Voxels",
			"from": [ 10, 7, 4 ],
			"to": [ 11, 8, 6 ],
			"faces": {
				"down": { "uv": [ 4, 0.25, 4.25, 0.75 ], "texture": "#rsg" },
				"up": { "uv": [ 4.25, 7.25, 4.5, 6.75 ], "texture": "#rsg" },
				"north": { "uv": [ 9.75, 10.5, 9.5, 10.75 ], "texture": "#rsg" },
				"south": { "uv": [ 9.75, 10.5, 10, 10.75 ], "texture": "#rsg" },
				"west": { "uv": [ 4.25, 6.5, 4.75, 6.75 ], "texture": "#rsg" },
				"east": { "uv": [ 4.75, 6.25, 4.25, 6.5 ], "texture": "#rsg" }
			}
		},
		{
			"__comment": "Voxels",
			"from": [ 10, 7, 8 ],
			"to": [ 12, 8, 9 ],
			"faces": {
				"down": { "uv": [ 4.25, 6, 4.75, 6.25 ], "texture": "#rsg" },
				"up": { "uv": [ 4.25, 6, 4.75, 5.75 ], "texture": "#rsg" },
				"north": { "uv": [ 4.75, 5.5, 4.25, 5.75 ], "texture": "#rsg" },
				"south": { "uv": [ 4.25, 5.25, 4.75, 5.5 ], "texture": "#rsg" },
				"west": { "uv": [ 11.5, 10.5, 11.75, 10.75 ], "texture": "#rsg" },
				"east": { "uv": [ 12, 10.5, 11.75, 10.75 ], "texture": "#rsg" }
			}
		},
		{
			"__comment": "Voxels",
			"from": [ 10, 8, 5 ],
			"to": [ 12, 10, 6 ],
			"faces": {
				"down": { "uv": [ 4.25, 5, 4.75, 5.25 ], "texture": "#rsg" },
				"up": { "uv": [ 4.25, 5, 4.75, 4.75 ], "texture": "#rsg" },
				"north": { "uv": [ 2.25, 7, 1.75, 7.5 ], "texture": "#rsg" },
				"south": { "uv": [ 1.75, 7.5, 2.25, 8 ], "texture": "#rsg" },
				"west": { "uv": [ 4.5, 6.75, 4.75, 7.25 ], "texture": "#rsg" },
				"east": { "uv": [ 4.5, 4.25, 4.25, 4.75 ], "texture": "#rsg" }
			}
		},
		{
			"__comment": "Voxels",
			"from": [ 10, 8, 9 ],
			"to": [ 12, 11, 10 ],
			"faces": {
				"down": { "uv": [ 4.25, 4, 4.75, 4.25 ], "texture": "#rsg" },
				"up": { "uv": [ 4.25, 4, 4.75, 3.75 ], "texture": "#rsg" },
				"north": { "uv": [ 1.75, 5.25, 1.25, 6 ], "texture": "#rsg" },
				"south": { "uv": [ 1.25, 6, 1.75, 6.75 ], "texture": "#rsg" },
				"west": { "uv": [ 0.75, 4.75, 1, 5.5 ], "texture": "#rsg" },
				"east": { "uv": [ 1, 4, 0.75, 4.75 ], "texture": "#rsg" }
			}
		},
		{
			"__comment": "Voxels",
			"from": [ 10, 9, 6 ],
			"to": [ 12, 11, 7 ],
			"faces": {
				"down": { "uv": [ 4.25, 3.5, 4.75, 3.75 ], "texture": "#rsg" },
				"up": { "uv": [ 4.25, 3.5, 4.75, 3.25 ], "texture": "#rsg" },
				"north": { "uv": [ 2.25, 8, 1.75, 8.5 ], "texture": "#rsg" },
				"south": { "uv": [ 1.75, 8.5, 2.25, 9 ], "texture": "#rsg" },
				"west": { "uv": [ 4.5, 4.25, 4.75, 4.75 ], "texture": "#rsg" },
				"east": { "uv": [ 4.5, 2.75, 4.25, 3.25 ], "texture": "#rsg" }
			}
		},
		{
			"__comment": "Voxels",
			"from": [ 10, 11, 7 ],
			"to": [ 12, 12, 9 ],
			"faces": {
				"down": { "uv": [ 1.75, 9, 2.25, 9.5 ], "texture": "#rsg" },
				"up": { "uv": [ 1.75, 10, 2.25, 9.5 ], "texture": "#rsg" },
				"north": { "uv": [ 4.75, 2.5, 4.25, 2.75 ], "texture": "#rsg" },
				"south": { "uv": [ 4.25, 2.25, 4.75, 2.5 ], "texture": "#rsg" },
				"west": { "uv": [ 14.25, 11.75, 14.75, 12 ], "texture": "#rsg" },
				"east": { "uv": [ 4.75, 2, 4.25, 2.25 ], "texture": "#rsg" }
			}
		},
		{
			"__comment": "Voxels",
			"from": [ 11, 0, 6 ],
			"to": [ 12, 2, 8 ],
			"faces": {
				"down": { "uv": [ 4.5, 2.75, 4.75, 3.25 ], "texture": "#rsg" },
				"up": { "uv": [ 4.25, 2, 4.5, 1.5 ], "texture": "#rsg" },
				"north": { "uv": [ 4.75, 1.5, 4.5, 2 ], "texture": "#rsg" },
				"south": { "uv": [ 4.25, 1, 4.5, 1.5 ], "texture": "#rsg" },
				"west": { "uv": [ 1.75, 10, 2.25, 10.5 ], "texture": "#rsg" },
				"east": { "uv": [ 2.25, 10.5, 1.75, 11 ], "texture": "#rsg" }
			}
		},
		{
			"__comment": "Voxels",
			"from": [ 11, 0, 8 ],
			"to": [ 13, 1, 10 ],
			"faces": {
				"down": { "uv": [ 1.75, 11, 2.25, 11.5 ], "texture": "#rsg" },
				"up": { "uv": [ 1.75, 12, 2.25, 11.5 ], "texture": "#rsg" },
				"north": { "uv": [ 4.75, 0.75, 4.25, 1 ], "texture": "#rsg" },
				"south": { "uv": [ 4.25, 0.5, 4.75, 0.75 ], "texture": "#rsg" },
				"west": { "uv": [ 4.25, 0.25, 4.75, 0.5 ], "texture": "#rsg" },
				"east": { "uv": [ 4.75, 0, 4.25, 0.25 ], "texture": "#rsg" }
			}
		},
		{
			"__comment": "Voxels",
			"from": [ 11, 1, 5 ],
			"to": [ 13, 4, 6 ],
			"faces": {
				"down": { "uv": [ 4.75, 11, 5.25, 11.25 ], "texture": "#rsg" },
				"up": { "uv": [ 5.25, 11.25, 5.75, 11 ], "texture": "#rsg" },
				"north": { "uv": [ 1.75, 9.75, 1.25, 10.5 ], "texture": "#rsg" },
				"south": { "uv": [ 1.25, 10.5, 1.75, 11.25 ], "texture": "#rsg" },
				"west": { "uv": [ 3.5, 6.75, 3.75, 7.5 ], "texture": "#rsg" },
				"east": { "uv": [ 3.75, 6, 3.5, 6.75 ], "texture": "#rsg" }
			}
		},
		{
			"__comment": "Voxels",
			"from": [ 11, 2, 10 ],
			"to": [ 13, 3, 11 ],
			"faces": {
				"down": { "uv": [ 7.25, 11, 7.75, 11.25 ], "texture": "#rsg" },
				"up": { "uv": [ 7.75, 11.25, 8.25, 11 ], "texture": "#rsg" },
				"north": { "uv": [ 8.75, 11, 8.25, 11.25 ], "texture": "#rsg" },
				"south": { "uv": [ 8.75, 11, 9.25, 11.25 ], "texture": "#rsg" },
				"west": { "uv": [ 5.25, 2.75, 5.5, 3 ], "texture": "#rsg" },
				"east": { "uv": [ 5.5, 2.5, 5.25, 2.75 ], "texture": "#rsg" }
			}
		},
		{
			"__comment": "Voxels",
			"from": [ 11, 4, 6 ],
			"to": [ 13, 6, 7 ],
			"faces": {
				"down": { "uv": [ 9.25, 11, 9.75, 11.25 ], "texture": "#rsg" },
				"up": { "uv": [ 9.75, 11.25, 10.25, 11 ], "texture": "#rsg" },
				"north": { "uv": [ 2.75, 6, 2.25, 6.5 ], "texture": "#rsg" },
				"south": { "uv": [ 2.25, 5.5, 2.75, 6 ], "texture": "#rsg" },
				"west": { "uv": [ 4.75, 10, 5, 10.5 ], "texture": "#rsg" },
				"east": { "uv": [ 5, 9.5, 4.75, 10 ], "texture": "#rsg" }
			}
		},
		{
			"__comment": "Voxels",
			"from": [ 11, 4, 7 ],
			"to": [ 13, 5, 9 ],
			"faces": {
				"down": { "uv": [ 2.25, 5, 2.75, 5.5 ], "texture": "#rsg" },
				"up": { "uv": [ 2.25, 5, 2.75, 4.5 ], "texture": "#rsg" },
				"north": { "uv": [ 12.25, 11, 11.75, 11.25 ], "texture": "#rsg" },
				"south": { "uv": [ 12.25, 11, 12.75, 11.25 ], "texture": "#rsg" },
				"west": { "uv": [ 12.75, 11, 13.25, 11.25 ], "texture": "#rsg" },
				"east": { "uv": [ 13.75, 11, 13.25, 11.25 ], "texture": "#rsg" }
			}
		},
		{
			"__comment": "Voxels",
			"from": [ 11, 5, 7 ],
			"to": [ 12, 6, 10 ],
			"faces": {
				"down": { "uv": [ 3.5, 5.25, 3.75, 6 ], "texture": "#rsg" },
				"up": { "uv": [ 3.5, 5.25, 3.75, 4.5 ], "texture": "#rsg" },
				"north": { "uv": [ 6.75, 10.25, 6.5, 10.5 ], "texture": "#rsg" },
				"south": { "uv": [ 6.75, 10.25, 7, 10.5 ], "texture": "#rsg" },
				"west": { "uv": [ 11.75, 12, 12.5, 12.25 ], "texture": "#rsg" },
				"east": { "uv": [ 13.25, 12, 12.5, 12.25 ], "texture": "#rsg" }
			}
		},
		{
			"__comment": "Voxels",
			"from": [ 11, 7, 5 ],
			"to": [ 12, 8, 6 ],
			"faces": {
				"down": { "uv": [ 7.5, 10.25, 7.75, 10.5 ], "texture": "#rsg" },
				"up": { "uv": [ 7.75, 10.5, 8, 10.25 ], "texture": "#rsg" },
				"north": { "uv": [ 8.25, 10.25, 8, 10.5 ], "texture": "#rsg" },
				"south": { "uv": [ 8.25, 10.25, 8.5, 10.5 ], "texture": "#rsg" },
				"west": { "uv": [ 8.5, 10.25, 8.75, 10.5 ], "texture": "#rsg" },
				"east": { "uv": [ 9, 10.25, 8.75, 10.5 ], "texture": "#rsg" }
			}
		},
		{
			"__comment": "Voxels",
			"from": [ 11, 7, 7 ],
			"to": [ 12, 11, 8 ],
			"faces": {
				"down": { "uv": [ 9, 10.25, 9.25, 10.5 ], "texture": "#rsg" },
				"up": { "uv": [ 9.25, 10.5, 9.5, 10.25 ], "texture": "#rsg" },
				"north": { "uv": [ 2.5, 3.5, 2.25, 4.5 ], "texture": "#rsg" },
				"south": { "uv": [ 2.5, 3.5, 2.75, 4.5 ], "texture": "#rsg" },
				"west": { "uv": [ 2.25, 2.5, 2.5, 3.5 ], "texture": "#rsg" },
				"east": { "uv": [ 2.75, 2.5, 2.5, 3.5 ], "texture": "#rsg" }
			}
		},
		{
			"__comment": "Voxels",
			"from": [ 11, 8, 6 ],
			"to": [ 12, 9, 7 ],
			"faces": {
				"down": { "uv": [ 10.5, 10.25, 10.75, 10.5 ], "texture": "#rsg" },
				"up": { "uv": [ 10.75, 10.5, 11, 10.25 ], "texture": "#rsg" },
				"north": { "uv": [ 11.25, 10.25, 11, 10.5 ], "texture": "#rsg" },
				"south": { "uv": [ 11.25, 10.25, 11.5, 10.5 ], "texture": "#rsg" },
				"west": { "uv": [ 11.5, 10.25, 11.75, 10.5 ], "texture": "#rsg" },
				"east": { "uv": [ 12, 10.25, 11.75, 10.5 ], "texture": "#rsg" }
			}
		},
		{
			"__comment": "Voxels",
			"from": [ 11, 8, 8 ],
			"to": [ 12, 11, 9 ],
			"faces": {
				"down": { "uv": [ 12, 10.25, 12.25, 10.5 ], "texture": "#rsg" },
				"up": { "uv": [ 12.25, 10.5, 12.5, 10.25 ], "texture": "#rsg" },
				"north": { "uv": [ 3.75, 3.75, 3.5, 4.5 ], "texture": "#rsg" },
				"south": { "uv": [ 3.5, 3, 3.75, 3.75 ], "texture": "#rsg" },
				"west": { "uv": [ 3.5, 2.25, 3.75, 3 ], "texture": "#rsg" },
				"east": { "uv": [ 3.75, 1.5, 3.5, 2.25 ], "texture": "#rsg" }
			}
		},
		{
			"__comment": "Voxels",
			"from": [ 12, 0, 7 ],
			"to": [ 13, 4, 8 ],
			"faces": {
				"down": { "uv": [ 13.5, 10.25, 13.75, 10.5 ], "texture": "#rsg" },
				"up": { "uv": [ 13.75, 10.5, 14, 10.25 ], "texture": "#rsg" },
				"north": { "uv": [ 2.5, 1.5, 2.25, 2.5 ], "texture": "#rsg" },
				"south": { "uv": [ 2.5, 1.5, 2.75, 2.5 ], "texture": "#rsg" },
				"west": { "uv": [ 2.25, 0.5, 2.5, 1.5 ], "texture": "#rsg" },
				"east": { "uv": [ 2.75, 0.5, 2.5, 1.5 ], "texture": "#rsg" }
			}
		},
		{
			"__comment": "Voxels",
			"from": [ 12, 1, 6 ],
			"to": [ 13, 4, 7 ],
			"faces": {
				"down": { "uv": [ 15, 10.25, 15.25, 10.5 ], "texture": "#rsg" },
				"up": { "uv": [ 15.25, 10.5, 15.5, 10.25 ], "texture": "#rsg" },
				"north": { "uv": [ 3.75, 0.75, 3.5, 1.5 ], "texture": "#rsg" },
				"south": { "uv": [ 3.5, 0, 3.75, 0.75 ], "texture": "#rsg" },
				"west": { "uv": [ 3.75, 11, 4, 11.75 ], "texture": "#rsg" },
				"east": { "uv": [ 4, 10.25, 3.75, 11 ], "texture": "#rsg" }
			}
		},
		{
			"__comment": "Voxels",
			"from": [ 12, 1, 8 ],
			"to": [ 13, 4, 10 ],
			"faces": {
				"down": { "uv": [ 4.75, 3, 5, 3.5 ], "texture": "#rsg" },
				"up": { "uv": [ 4.75, 3, 5, 2.5 ], "texture": "#rsg" },
				"north": { "uv": [ 4, 9.5, 3.75, 10.25 ], "texture": "#rsg" },
				"south": { "uv": [ 3.75, 8.75, 4, 9.5 ], "texture": "#rsg" },
				"west": { "uv": [ 1.25, 11.25, 1.75, 12 ], "texture": "#rsg" },
				"east": { "uv": [ 1.75, 4.5, 1.25, 5.25 ], "texture": "#rsg" }
			}
		},
		{
			"__comment": "Voxels",
			"from": [ 12, 4, 9 ],
			"to": [ 13, 6, 10 ],
			"faces": {
				"down": { "uv": [ 5.5, 8, 5.75, 8.25 ], "texture": "#rsg" },
				"up": { "uv": [ 5.5, 8, 5.75, 7.75 ], "texture": "#rsg" },
				"north": { "uv": [ 5, 1, 4.75, 1.5 ], "texture": "#rsg" },
				"south": { "uv": [ 4.75, 0.5, 5, 1 ], "texture": "#rsg" },
				"west": { "uv": [ 4.75, 0, 5, 0.5 ], "texture": "#rsg" },
				"east": { "uv": [ 5.25, 10.25, 5, 10.75 ], "texture": "#rsg" }
			}
		},
		{
			"__comment": "Voxels",
			"from": [ 12, 5, 8 ],
			"to": [ 13, 6, 9 ],
			"faces": {
				"down": { "uv": [ 5.5, 6.5, 5.75, 6.75 ], "texture": "#rsg" },
				"up": { "uv": [ 5.5, 6.5, 5.75, 6.25 ], "texture": "#rsg" },
				"north": { "uv": [ 5.75, 6, 5.5, 6.25 ], "texture": "#rsg" },
				"south": { "uv": [ 5.5, 5.75, 5.75, 6 ], "texture": "#rsg" },
				"west": { "uv": [ 5.5, 5.5, 5.75, 5.75 ], "texture": "#rsg" },
				"east": { "uv": [ 5.75, 5.25, 5.5, 5.5 ], "texture": "#rsg" }
			}
		}
	],
	"display": {
		"thirdperson_righthand": {
			"rotation":  [ 20, 0, 0 ],
			"translation":  [ 0, 2, 1 ],
			"scale":  [ 0.3, 0.3, 0.3 ]
		},
		"thirdperson_lefthand": {
			"rotation":  [ 20, 0, 0 ],
			"translation":  [ 0, 2, 1 ],
			"scale":  [ 0.3, 0.3, 0.3 ]
		},
		"firstperson_righthand": {
			"translation":  [ 0, 5, 0 ],
			"scale":  [ 0.5, 0.5, 0.5 ]
		},
		"firstperson_lefthand": {
			"translation":  [ 0, 5, 0 ],
			"scale":  [ 0.5, 0.5, 0.5 ]
		},
		"gui": {
			"scale":  [ 0.5, 0.5, 0.5 ]
		},
		"ground": {
			"translation":  [ 0, 10, 0 ],
			"scale":  [ 0.8, 0.8, 0.8 ]
		}
	}
}