{
	"__comment": "Designed by Xiaoxiafeng with Cubik Studio - https://cubik.studio",
	"textures": {
		"particle": "trademodel/particle",
		"texture": "trademodel/texture",
		"sjwq_atlas": "trademodel/sjwq_atlas"
	},
	"elements": [ 	 
		{
			"__comment": "Voxels",
			"from": [ 4.7059, 7.5294, -3.2941 ],
			"to": [ 7.058841, 8.470576, -2.823512 ],
			"faces": {
				"down": { "uv": [ 12.25, 10.75, 13.5, 11 ], "texture": "#sjwq_atlas" },
				"up": { "uv": [ 11, 11, 12.25, 10.75 ], "texture": "#sjwq_atlas" },
				"north": { "uv": [ 9.75, 15, 8.5, 15.5 ], "texture": "#sjwq_atlas" },
				"south": { "uv": [ 9.75, 15, 11, 15.5 ], "texture": "#sjwq_atlas" },
				"west": { "uv": [ 3.25, 3, 3.5, 3.5 ], "texture": "#sjwq_atlas" },
				"east": { "uv": [ 8.75, 5, 8.5, 5.5 ], "texture": "#sjwq_atlas" }
			}
		},
		{
			"__comment": "Voxels",
			"from": [ 4.7059, 7.5294, -1.4118 ],
			"to": [ 6.117664, 8.470576, -0.9412117 ],
			"faces": {
				"down": { "uv": [ 15.25, 8.25, 16, 8.5 ], "texture": "#sjwq_atlas" },
				"up": { "uv": [ 9.25, 8.25, 10, 8 ], "texture": "#sjwq_atlas" },
				"north": { "uv": [ 4.75, 9.5, 4, 10 ], "texture": "#sjwq_atlas" },
				"south": { "uv": [ 4, 9, 4.75, 9.5 ], "texture": "#sjwq_atlas" },
				"west": { "uv": [ 8.5, 4.5, 8.75, 5 ], "texture": "#sjwq_atlas" },
				"east": { "uv": [ 8.75, 4, 8.5, 4.5 ], "texture": "#sjwq_atlas" }
			}
		},
		{
			"__comment": "Voxels",
			"from": [ 5.1765, 7.0588, -3.2941 ],
			"to": [ 7.529441, 7.529388, -2.823512 ],
			"faces": {
				"down": { "uv": [ 6, 10.75, 7.25, 11 ], "texture": "#sjwq_atlas" },
				"up": { "uv": [ 4.75, 11, 6, 10.75 ], "texture": "#sjwq_atlas" },
				"north": { "uv": [ 16, 11, 14.75, 11.25 ], "texture": "#sjwq_atlas" },
				"south": { "uv": [ 13.5, 11, 14.75, 11.25 ], "texture": "#sjwq_atlas" },
				"west": { "uv": [ 15.5, 4.75, 15.75, 5 ], "texture": "#sjwq_atlas" },
				"east": { "uv": [ 16, 4.75, 15.75, 5 ], "texture": "#sjwq_atlas" }
			}
		},
		{
			"__comment": "Voxels",
			"from": [ 5.1765, 7.0588, -1.4118 ],
			"to": [ 6.588264, 7.529388, -0.9412117 ],
			"faces": {
				"down": { "uv": [ 13, 8, 13.75, 8.25 ], "texture": "#sjwq_atlas" },
				"up": { "uv": [ 13.75, 8.25, 14.5, 8 ], "texture": "#sjwq_atlas" },
				"north": { "uv": [ 15.25, 8, 14.5, 8.25 ], "texture": "#sjwq_atlas" },
				"south": { "uv": [ 15.25, 8, 16, 8.25 ], "texture": "#sjwq_atlas" },
				"west": { "uv": [ 11, 4.5, 11.25, 4.75 ], "texture": "#sjwq_atlas" },
				"east": { "uv": [ 11.25, 4.25, 11, 4.5 ], "texture": "#sjwq_atlas" }
			}
		},
		{
			"__comment": "Voxels",
			"from": [ 5.1765, 7.5294, -2.8235 ],
			"to": [ 6.117676, 8.470576, -1.411735 ],
			"faces": {
				"down": { "uv": [ 3.5, 1.75, 4, 2.5 ], "texture": "#sjwq_atlas" },
				"up": { "uv": [ 3.5, 1.75, 4, 1 ], "texture": "#sjwq_atlas" },
				"north": { "uv": [ 0.5, 0, 0, 0.5 ], "texture": "#sjwq_atlas" },
				"south": { "uv": [ 2, 0, 2.5, 0.5 ], "texture": "#sjwq_atlas" },
				"west": { "uv": [ 4, 10, 4.75, 10.5 ], "texture": "#sjwq_atlas" },
				"east": { "uv": [ 3.25, 3, 2.5, 3.5 ], "texture": "#sjwq_atlas" }
			}
		},
		{
			"__comment": "Voxels",
			"from": [ 5.1765, 7.5294, -0.9412 ],
			"to": [ 7.529441, 8.470576, -0.4706117 ],
			"faces": {
				"down": { "uv": [ 12.25, 11, 13.5, 11.25 ], "texture": "#sjwq_atlas" },
				"up": { "uv": [ 11, 11.25, 12.25, 11 ], "texture": "#sjwq_atlas" },
				"north": { "uv": [ 14.75, 15, 13.5, 15.5 ], "texture": "#sjwq_atlas" },
				"south": { "uv": [ 14.75, 15, 16, 15.5 ], "texture": "#sjwq_atlas" },
				"west": { "uv": [ 8.5, 3.5, 8.75, 4 ], "texture": "#sjwq_atlas" },
				"east": { "uv": [ 8.75, 3, 8.5, 3.5 ], "texture": "#sjwq_atlas" }
			}
		},
		{
			"__comment": "Voxels",
			"from": [ 5.1765, 8.4706, -3.2941 ],
			"to": [ 7.529441, 8.941189, -2.823512 ],
			"faces": {
				"down": { "uv": [ 9.75, 11, 11, 11.25 ], "texture": "#sjwq_atlas" },
				"up": { "uv": [ 8.5, 11.25, 9.75, 11 ], "texture": "#sjwq_atlas" },
				"north": { "uv": [ 8.5, 11, 7.25, 11.25 ], "texture": "#sjwq_atlas" },
				"south": { "uv": [ 6, 11, 7.25, 11.25 ], "texture": "#sjwq_atlas" },
				"west": { "uv": [ 11, 3.75, 11.25, 4 ], "texture": "#sjwq_atlas" },
				"east": { "uv": [ 11.25, 3.5, 11, 3.75 ], "texture": "#sjwq_atlas" }
			}
		},
		{
			"__comment": "Voxels",
			"from": [ 5.1765, 8.4706, -1.4118 ],
			"to": [ 6.588264, 8.941189, -0.9412117 ],
			"faces": {
				"down": { "uv": [ 7.25, 6.25, 8, 6.5 ], "texture": "#sjwq_atlas" },
				"up": { "uv": [ 7.25, 6.25, 8, 6 ], "texture": "#sjwq_atlas" },
				"north": { "uv": [ 8, 5.75, 7.25, 6 ], "texture": "#sjwq_atlas" },
				"south": { "uv": [ 7.25, 5.5, 8, 5.75 ], "texture": "#sjwq_atlas" },
				"west": { "uv": [ 11, 3.25, 11.25, 3.5 ], "texture": "#sjwq_atlas" },
				"east": { "uv": [ 11.25, 3, 11, 3.25 ], "texture": "#sjwq_atlas" }
			}
		},
		{
			"__comment": "Voxels",
			"from": [ 5.6471, 6.5882, -3.2941 ],
			"to": [ 7.529453, 7.058788, -2.823512 ],
			"faces": {
				"down": { "uv": [ 7.75, 10.25, 8.75, 10.5 ], "texture": "#sjwq_atlas" },
				"up": { "uv": [ 8.75, 10.5, 9.75, 10.25 ], "texture": "#sjwq_atlas" },
				"north": { "uv": [ 10.75, 10.25, 9.75, 10.5 ], "texture": "#sjwq_atlas" },
				"south": { "uv": [ 10.75, 10.25, 11.75, 10.5 ], "texture": "#sjwq_atlas" },
				"west": { "uv": [ 11, 2.75, 11.25, 3 ], "texture": "#sjwq_atlas" },
				"east": { "uv": [ 11.25, 2, 11, 2.25 ], "texture": "#sjwq_atlas" }
			}
		},
		{
			"__comment": "Voxels",
			"from": [ 5.6471, 6.5882, -1.4118 ],
			"to": [ 7.058865, 7.058788, -0.9412117 ],
			"faces": {
				"down": { "uv": [ 7.25, 4.25, 8, 4.5 ], "texture": "#sjwq_atlas" },
				"up": { "uv": [ 7.25, 4.25, 8, 4 ], "texture": "#sjwq_atlas" },
				"north": { "uv": [ 8, 3.75, 7.25, 4 ], "texture": "#sjwq_atlas" },
				"south": { "uv": [ 7.25, 3.5, 8, 3.75 ], "texture": "#sjwq_atlas" },
				"west": { "uv": [ 11, 1.75, 11.25, 2 ], "texture": "#sjwq_atlas" },
				"east": { "uv": [ 11.25, 1.5, 11, 1.75 ], "texture": "#sjwq_atlas" }
			}
		},
		{
			"__comment": "Voxels",
			"from": [ 5.6471, 7.0588, -2.8235 ],
			"to": [ 6.588276, 7.529388, -1.411735 ],
			"faces": {
				"down": { "uv": [ 3, 2.25, 3.5, 3 ], "texture": "#sjwq_atlas" },
				"up": { "uv": [ 2.5, 1.5, 3, 0.75 ], "texture": "#sjwq_atlas" },
				"north": { "uv": [ 15.25, 6, 14.75, 6.25 ], "texture": "#sjwq_atlas" },
				"south": { "uv": [ 15.25, 6, 15.75, 6.25 ], "texture": "#sjwq_atlas" },
				"west": { "uv": [ 7.25, 2.5, 8, 2.75 ], "texture": "#sjwq_atlas" },
				"east": { "uv": [ 8, 2.25, 7.25, 2.5 ], "texture": "#sjwq_atlas" }
			}
		},
		{
			"__comment": "Voxels",
			"from": [ 5.6471, 7.0588, -0.9412 ],
			"to": [ 10.35298, 7.529388, -0.4706117 ],
			"faces": {
				"down": { "uv": [ 11, 15, 13.5, 15.25 ], "texture": "#sjwq_atlas" },
				"up": { "uv": [ 12.5, 14.75, 15, 14.5 ], "texture": "#sjwq_atlas" },
				"north": { "uv": [ 15, 14.25, 12.5, 14.5 ], "texture": "#sjwq_atlas" },
				"south": { "uv": [ 12.5, 14, 15, 14.25 ], "texture": "#sjwq_atlas" },
				"west": { "uv": [ 11, 1.25, 11.25, 1.5 ], "texture": "#sjwq_atlas" },
				"east": { "uv": [ 11.25, 0.75, 11, 1 ], "texture": "#sjwq_atlas" }
			}
		},
		{
			"__comment": "Voxels",
			"from": [ 5.6471, 8.4706, -2.8235 ],
			"to": [ 6.588276, 8.941189, -1.411735 ],
			"faces": {
				"down": { "uv": [ 3, 0.75, 3.5, 1.5 ], "texture": "#sjwq_atlas" },
				"up": { "uv": [ 2.5, 0.75, 3, 0 ], "texture": "#sjwq_atlas" },
				"north": { "uv": [ 12.5, 5.75, 12, 6 ], "texture": "#sjwq_atlas" },
				"south": { "uv": [ 14.25, 5.25, 14.75, 5.5 ], "texture": "#sjwq_atlas" },
				"west": { "uv": [ 7.25, 1, 8, 1.25 ], "texture": "#sjwq_atlas" },
				"east": { "uv": [ 8, 0.75, 7.25, 1 ], "texture": "#sjwq_atlas" }
			}
		},
		{
			"__comment": "Voxels",
			"from": [ 5.6471, 8.4706, -0.9412 ],
			"to": [ 10.35298, 8.941189, -0.4706117 ],
			"faces": {
				"down": { "uv": [ 6, 15.25, 8.5, 15.5 ], "texture": "#sjwq_atlas" },
				"up": { "uv": [ 6, 15.25, 8.5, 15 ], "texture": "#sjwq_atlas" },
				"north": { "uv": [ 13.5, 15.25, 11, 15.5 ], "texture": "#sjwq_atlas" },
				"south": { "uv": [ 12.5, 14.75, 15, 15 ], "texture": "#sjwq_atlas" },
				"west": { "uv": [ 11, 0.5, 11.25, 0.75 ], "texture": "#sjwq_atlas" },
				"east": { "uv": [ 11.25, 0.25, 11, 0.5 ], "texture": "#sjwq_atlas" }
			}
		},
		{
			"__comment": "Voxels",
			"from": [ 5.6471, 8.941199, -3.2941 ],
			"to": [ 7.529453, 9.411788, -2.823512 ],
			"faces": {
				"down": { "uv": [ 4.75, 7, 5.75, 7.25 ], "texture": "#sjwq_atlas" },
				"up": { "uv": [ 4.75, 7, 5.75, 6.75 ], "texture": "#sjwq_atlas" },
				"north": { "uv": [ 5.75, 6.5, 4.75, 6.75 ], "texture": "#sjwq_atlas" },
				"south": { "uv": [ 4.75, 6.25, 5.75, 6.5 ], "texture": "#sjwq_atlas" },
				"west": { "uv": [ 11.5, 4.5, 11.75, 4.75 ], "texture": "#sjwq_atlas" },
				"east": { "uv": [ 12.5, 4.5, 12.25, 4.75 ], "texture": "#sjwq_atlas" }
			}
		},
		{
			"__comment": "Voxels",
			"from": [ 5.6471, 8.941199, -1.4118 ],
			"to": [ 7.058865, 9.411788, -0.9412117 ],
			"faces": {
				"down": { "uv": [ 8.75, 7.75, 9.5, 8 ], "texture": "#sjwq_atlas" },
				"up": { "uv": [ 15.25, 11.5, 16, 11.25 ], "texture": "#sjwq_atlas" },
				"north": { "uv": [ 11, 7.75, 10.25, 8 ], "texture": "#sjwq_atlas" },
				"south": { "uv": [ 11, 7.75, 11.75, 8 ], "texture": "#sjwq_atlas" },
				"west": { "uv": [ 13, 4.5, 13.25, 4.75 ], "texture": "#sjwq_atlas" },
				"east": { "uv": [ 13.5, 4.5, 13.25, 4.75 ], "texture": "#sjwq_atlas" }
			}
		},
		{
			"__comment": "Voxels",
			"from": [ 6.1176, 6.1176, -3.2941 ],
			"to": [ 9.882306, 6.588188, -2.823512 ],
			"faces": {
				"down": { "uv": [ 13.5, 12.75, 15.5, 13 ], "texture": "#sjwq_atlas" },
				"up": { "uv": [ 12.5, 13.25, 14.5, 13 ], "texture": "#sjwq_atlas" },
				"north": { "uv": [ 16, 13.5, 14, 13.75 ], "texture": "#sjwq_atlas" },
				"south": { "uv": [ 14, 13.75, 16, 14 ], "texture": "#sjwq_atlas" },
				"west": { "uv": [ 13.5, 4.5, 13.75, 4.75 ], "texture": "#sjwq_atlas" },
				"east": { "uv": [ 14.75, 4.5, 14.5, 4.75 ], "texture": "#sjwq_atlas" }
			}
		},
		{
			"__comment": "Voxels",
			"from": [ 6.1176, 6.1176, -1.4118 ],
			"to": [ 7.529365, 6.588188, -0.9412117 ],
			"faces": {
				"down": { "uv": [ 12.25, 8, 13, 8.25 ], "texture": "#sjwq_atlas" },
				"up": { "uv": [ 7.25, 8, 8, 7.75 ], "texture": "#sjwq_atlas" },
				"north": { "uv": [ 8, 7.5, 7.25, 7.75 ], "texture": "#sjwq_atlas" },
				"south": { "uv": [ 7.25, 7.25, 8, 7.5 ], "texture": "#sjwq_atlas" },
				"west": { "uv": [ 14.75, 4.5, 15, 4.75 ], "texture": "#sjwq_atlas" },
				"east": { "uv": [ 15.25, 4.5, 15, 4.75 ], "texture": "#sjwq_atlas" }
			}
		},
		{
			"__comment": "Voxels",
			"from": [ 6.1176, 6.5882, -2.8235 ],
			"to": [ 7.058776, 7.058788, -1.411735 ],
			"faces": {
				"down": { "uv": [ 3.5, 10.75, 4, 11.5 ], "texture": "#sjwq_atlas" },
				"up": { "uv": [ 3.5, 10.75, 4, 10 ], "texture": "#sjwq_atlas" },
				"north": { "uv": [ 7.25, 3, 6.75, 3.25 ], "texture": "#sjwq_atlas" },
				"south": { "uv": [ 6.75, 2.75, 7.25, 3 ], "texture": "#sjwq_atlas" },
				"west": { "uv": [ 7.25, 4.5, 8, 4.75 ], "texture": "#sjwq_atlas" },
				"east": { "uv": [ 8, 3.25, 7.25, 3.5 ], "texture": "#sjwq_atlas" }
			}
		},
		{
			"__comment": "Voxels",
			"from": [ 6.1176, 6.5882, -0.9412 ],
			"to": [ 9.882306, 7.058788, -0.4706117 ],
			"faces": {
				"down": { "uv": [ 8.5, 13, 10.5, 13.25 ], "texture": "#sjwq_atlas" },
				"up": { "uv": [ 6.5, 13.25, 8.5, 13 ], "texture": "#sjwq_atlas" },
				"north": { "uv": [ 12.5, 13, 10.5, 13.25 ], "texture": "#sjwq_atlas" },
				"south": { "uv": [ 13.5, 12.5, 15.5, 12.75 ], "texture": "#sjwq_atlas" },
				"west": { "uv": [ 15.25, 4.5, 15.5, 4.75 ], "texture": "#sjwq_atlas" },
				"east": { "uv": [ 11.5, 4.25, 11.25, 4.5 ], "texture": "#sjwq_atlas" }
			}
		},
		{
			"__comment": "Voxels",
			"from": [ 6.1176, 7.0588, -5.6471 ],
			"to": [ 7.058776, 8.941153, -4.235335 ],
			"faces": {
				"down": { "uv": [ 3.5, 9.25, 4, 10 ], "texture": "#sjwq_atlas" },
				"up": { "uv": [ 3.5, 9.25, 4, 8.5 ], "texture": "#sjwq_atlas" },
				"north": { "uv": [ 3, 5.5, 2.5, 6.5 ], "texture": "#sjwq_atlas" },
				"south": { "uv": [ 3, 5.5, 3.5, 6.5 ], "texture": "#sjwq_atlas" },
				"west": { "uv": [ 9.75, 14, 10.5, 15 ], "texture": "#sjwq_atlas" },
				"east": { "uv": [ 9.75, 14, 9, 15 ], "texture": "#sjwq_atlas" }
			}
		},
		{
			"__comment": "Voxels",
			"from": [ 6.1176, 7.5294, -6.1176 ],
			"to": [ 7.058776, 8.470576, -5.647012 ],
			"faces": {
				"down": { "uv": [ 6.75, 2, 7.25, 2.25 ], "texture": "#sjwq_atlas" },
				"up": { "uv": [ 6.75, 2, 7.25, 1.75 ], "texture": "#sjwq_atlas" },
				"north": { "uv": [ 4.75, 7, 4.25, 7.5 ], "texture": "#sjwq_atlas" },
				"south": { "uv": [ 4, 6.5, 4.5, 7 ], "texture": "#sjwq_atlas" },
				"west": { "uv": [ 4.5, 6, 4.75, 6.5 ], "texture": "#sjwq_atlas" },
				"east": { "uv": [ 4.75, 5.5, 4.5, 6 ], "texture": "#sjwq_atlas" }
			}
		},
		{
			"__comment": "Voxels",
			"from": [ 6.1176, 7.5294, -4.2353 ],
			"to": [ 7.058776, 8.470576, -3.294124 ],
			"faces": {
				"down": { "uv": [ 4, 6, 4.5, 6.5 ], "texture": "#sjwq_atlas" },
				"up": { "uv": [ 4, 6, 4.5, 5.5 ], "texture": "#sjwq_atlas" },
				"north": { "uv": [ 4.5, 5, 4, 5.5 ], "texture": "#sjwq_atlas" },
				"south": { "uv": [ 4, 4.5, 4.5, 5 ], "texture": "#sjwq_atlas" },
				"west": { "uv": [ 4, 4, 4.5, 4.5 ], "texture": "#sjwq_atlas" },
				"east": { "uv": [ 4.5, 3.5, 4, 4 ], "texture": "#sjwq_atlas" }
			}
		},
		{
			"__comment": "Voxels",
			"from": [ 6.1176, 8.941199, -2.8235 ],
			"to": [ 7.058776, 9.411788, -1.411735 ],
			"faces": {
				"down": { "uv": [ 3.5, 7, 4, 7.75 ], "texture": "#sjwq_atlas" },
				"up": { "uv": [ 3.5, 7, 4, 6.25 ], "texture": "#sjwq_atlas" },
				"north": { "uv": [ 7.25, 1.5, 6.75, 1.75 ], "texture": "#sjwq_atlas" },
				"south": { "uv": [ 6.75, 1.25, 7.25, 1.5 ], "texture": "#sjwq_atlas" },
				"west": { "uv": [ 7.25, 0.25, 8, 0.5 ], "texture": "#sjwq_atlas" },
				"east": { "uv": [ 8, 0, 7.25, 0.25 ], "texture": "#sjwq_atlas" }
			}
		},
		{
			"__comment": "Voxels",
			"from": [ 6.1176, 8.941199, -0.9412 ],
			"to": [ 9.882306, 9.411788, -0.4706117 ],
			"faces": {
				"down": { "uv": [ 2.5, 13.25, 4.5, 13.5 ], "texture": "#sjwq_atlas" },
				"up": { "uv": [ 4.5, 13.5, 6.5, 13.25 ], "texture": "#sjwq_atlas" },
				"north": { "uv": [ 8.5, 13.25, 6.5, 13.5 ], "texture": "#sjwq_atlas" },
				"south": { "uv": [ 8.5, 13.25, 10.5, 13.5 ], "texture": "#sjwq_atlas" },
				"west": { "uv": [ 14.75, 4.75, 15, 5 ], "texture": "#sjwq_atlas" },
				"east": { "uv": [ 11.5, 4, 11.25, 4.25 ], "texture": "#sjwq_atlas" }
			}
		},
		{
			"__comment": "Voxels",
			"from": [ 6.1176, 9.411799, -3.2941 ],
			"to": [ 9.882306, 9.882388, -2.823512 ],
			"faces": {
				"down": { "uv": [ 10.5, 13.25, 12.5, 13.5 ], "texture": "#sjwq_atlas" },
				"up": { "uv": [ 12.5, 13.5, 14.5, 13.25 ], "texture": "#sjwq_atlas" },
				"north": { "uv": [ 4.5, 13, 2.5, 13.25 ], "texture": "#sjwq_atlas" },
				"south": { "uv": [ 4.5, 13, 6.5, 13.25 ], "texture": "#sjwq_atlas" },
				"west": { "uv": [ 11.25, 2.75, 11.5, 3 ], "texture": "#sjwq_atlas" },
				"east": { "uv": [ 11.5, 2.5, 11.25, 2.75 ], "texture": "#sjwq_atlas" }
			}
		},
		{
			"__comment": "Voxels",
			"from": [ 6.1176, 9.411799, -1.4118 ],
			"to": [ 7.529365, 9.882388, -0.9412117 ],
			"faces": {
				"down": { "uv": [ 10.75, 8, 11.5, 8.25 ], "texture": "#sjwq_atlas" },
				"up": { "uv": [ 11.5, 8.25, 12.25, 8 ], "texture": "#sjwq_atlas" },
				"north": { "uv": [ 8, 7, 7.25, 7.25 ], "texture": "#sjwq_atlas" },
				"south": { "uv": [ 7.25, 6.75, 8, 7 ], "texture": "#sjwq_atlas" },
				"west": { "uv": [ 11.25, 1.75, 11.5, 2 ], "texture": "#sjwq_atlas" },
				"east": { "uv": [ 11.5, 1.5, 11.25, 1.75 ], "texture": "#sjwq_atlas" }
			}
		},
		{
			"__comment": "Voxels",
			"from": [ 6.5882, 5.6471, -3.2941 ],
			"to": [ 9.411729, 6.117688, -2.823512 ],
			"faces": {
				"down": { "uv": [ 8, 12.25, 9.5, 12.5 ], "texture": "#sjwq_atlas" },
				"up": { "uv": [ 9.5, 12.5, 11, 12.25 ], "texture": "#sjwq_atlas" },
				"north": { "uv": [ 12.5, 12.25, 11, 12.5 ], "texture": "#sjwq_atlas" },
				"south": { "uv": [ 12.5, 12.25, 14, 12.5 ], "texture": "#sjwq_atlas" },
				"west": { "uv": [ 11.25, 0.75, 11.5, 1 ], "texture": "#sjwq_atlas" },
				"east": { "uv": [ 11.5, 0.5, 11.25, 0.75 ], "texture": "#sjwq_atlas" }
			}
		},
		{
			"__comment": "Voxels",
			"from": [ 6.5882, 5.6471, -1.4118 ],
			"to": [ 9.411729, 6.117688, -0.9412117 ],
			"faces": {
				"down": { "uv": [ 5, 12, 6.5, 12.25 ], "texture": "#sjwq_atlas" },
				"up": { "uv": [ 6.5, 12.25, 8, 12 ], "texture": "#sjwq_atlas" },
				"north": { "uv": [ 9.5, 12, 8, 12.25 ], "texture": "#sjwq_atlas" },
				"south": { "uv": [ 9.5, 12, 11, 12.25 ], "texture": "#sjwq_atlas" },
				"west": { "uv": [ 12, 4.25, 12.25, 4.5 ], "texture": "#sjwq_atlas" },
				"east": { "uv": [ 12.5, 4.25, 12.25, 4.5 ], "texture": "#sjwq_atlas" }
			}
		},
		{
			"__comment": "Voxels",
			"from": [ 6.5882, 6.1176, -2.8235 ],
			"to": [ 7.529376, 6.588188, -1.411735 ],
			"faces": {
				"down": { "uv": [ 2.5, 1.5, 3, 2.25 ], "texture": "#sjwq_atlas" },
				"up": { "uv": [ 3, 2.25, 3.5, 1.5 ], "texture": "#sjwq_atlas" },
				"north": { "uv": [ 16, 7.75, 15.5, 8 ], "texture": "#sjwq_atlas" },
				"south": { "uv": [ 12.5, 7.5, 13, 7.75 ], "texture": "#sjwq_atlas" },
				"west": { "uv": [ 7.25, 1.25, 8, 1.5 ], "texture": "#sjwq_atlas" },
				"east": { "uv": [ 8, 0.5, 7.25, 0.75 ], "texture": "#sjwq_atlas" }
			}
		},
		{
			"__comment": "Voxels",
			"from": [ 6.5882, 6.1176, -0.9412 ],
			"to": [ 9.411729, 6.588188, -0.4706117 ],
			"faces": {
				"down": { "uv": [ 14, 12, 15.5, 12.25 ], "texture": "#sjwq_atlas" },
				"up": { "uv": [ 3.5, 12, 5, 11.75 ], "texture": "#sjwq_atlas" },
				"north": { "uv": [ 6.5, 11.75, 5, 12 ], "texture": "#sjwq_atlas" },
				"south": { "uv": [ 6.5, 11.75, 8, 12 ], "texture": "#sjwq_atlas" },
				"west": { "uv": [ 12.5, 4.25, 12.75, 4.5 ], "texture": "#sjwq_atlas" },
				"east": { "uv": [ 13, 4.25, 12.75, 4.5 ], "texture": "#sjwq_atlas" }
			}
		},
		{
			"__comment": "Voxels",
			"from": [ 6.5882, 6.5882, -5.6471 ],
			"to": [ 9.411729, 7.058788, -5.176512 ],
			"faces": {
				"down": { "uv": [ 11, 11.75, 12.5, 12 ], "texture": "#sjwq_atlas" },
				"up": { "uv": [ 12.5, 12, 14, 11.75 ], "texture": "#sjwq_atlas" },
				"north": { "uv": [ 15.5, 11.75, 14, 12 ], "texture": "#sjwq_atlas" },
				"south": { "uv": [ 3.5, 11.5, 5, 11.75 ], "texture": "#sjwq_atlas" },
				"west": { "uv": [ 14, 4.25, 14.25, 4.5 ], "texture": "#sjwq_atlas" },
				"east": { "uv": [ 14.5, 4.25, 14.25, 4.5 ], "texture": "#sjwq_atlas" }
			}
		},
		{
			"__comment": "Voxels",
			"from": [ 6.5882, 6.5882, -5.1765 ],
			"to": [ 7.529376, 7.058788, -4.235323 ],
			"faces": {
				"down": { "uv": [ 5.75, 8.75, 6.25, 9.25 ], "texture": "#sjwq_atlas" },
				"up": { "uv": [ 5.75, 8.75, 6.25, 8.25 ], "texture": "#sjwq_atlas" },
				"north": { "uv": [ 14.5, 7.5, 14, 7.75 ], "texture": "#sjwq_atlas" },
				"south": { "uv": [ 14.5, 7.5, 15, 7.75 ], "texture": "#sjwq_atlas" },
				"west": { "uv": [ 15, 7.5, 15.5, 7.75 ], "texture": "#sjwq_atlas" },
				"east": { "uv": [ 16, 7.5, 15.5, 7.75 ], "texture": "#sjwq_atlas" }
			}
		},
		{
			"__comment": "Voxels",
			"from": [ 6.5882, 7.0588, -6.1176 ],
			"to": [ 7.529376, 7.529388, -5.647012 ],
			"faces": {
				"down": { "uv": [ 8, 7.25, 8.5, 7.5 ], "texture": "#sjwq_atlas" },
				"up": { "uv": [ 8, 7.25, 8.5, 7 ], "texture": "#sjwq_atlas" },
				"north": { "uv": [ 8.5, 6.75, 8, 7 ], "texture": "#sjwq_atlas" },
				"south": { "uv": [ 8, 6.5, 8.5, 6.75 ], "texture": "#sjwq_atlas" },
				"west": { "uv": [ 14.5, 4.25, 14.75, 4.5 ], "texture": "#sjwq_atlas" },
				"east": { "uv": [ 15, 4.25, 14.75, 4.5 ], "texture": "#sjwq_atlas" }
			}
		},
		{
			"__comment": "Voxels",
			"from": [ 6.5882, 7.0588, -4.2353 ],
			"to": [ 7.529376, 7.529388, -3.294124 ],
			"faces": {
				"down": { "uv": [ 5.75, 5.75, 6.25, 6.25 ], "texture": "#sjwq_atlas" },
				"up": { "uv": [ 5.75, 5.75, 6.25, 5.25 ], "texture": "#sjwq_atlas" },
				"north": { "uv": [ 8.5, 6, 8, 6.25 ], "texture": "#sjwq_atlas" },
				"south": { "uv": [ 8, 5.75, 8.5, 6 ], "texture": "#sjwq_atlas" },
				"west": { "uv": [ 8, 5.5, 8.5, 5.75 ], "texture": "#sjwq_atlas" },
				"east": { "uv": [ 8.5, 5.25, 8, 5.5 ], "texture": "#sjwq_atlas" }
			}
		},
		{
			"__comment": "Voxels",
			"from": [ 6.5882, 7.5294, -6.5882 ],
			"to": [ 7.529376, 8.470576, -6.117611 ],
			"faces": {
				"down": { "uv": [ 8, 5, 8.5, 5.25 ], "texture": "#sjwq_atlas" },
				"up": { "uv": [ 8, 5, 8.5, 4.75 ], "texture": "#sjwq_atlas" },
				"north": { "uv": [ 6.25, 1.75, 5.75, 2.25 ], "texture": "#sjwq_atlas" },
				"south": { "uv": [ 5.75, 1.25, 6.25, 1.75 ], "texture": "#sjwq_atlas" },
				"west": { "uv": [ 4.5, 3, 4.75, 3.5 ], "texture": "#sjwq_atlas" },
				"east": { "uv": [ 4.75, 2.5, 4.5, 3 ], "texture": "#sjwq_atlas" }
			}
		},
		{
			"__comment": "Voxels",
			"from": [ 6.5882, 7.5294, -0.4706 ],
			"to": [ 7.529376, 8.470576, 2.35293 ],
			"faces": {
				"down": { "uv": [ 1.5, 8, 2, 9.5 ], "texture": "#sjwq_atlas" },
				"up": { "uv": [ 1.5, 11, 2, 9.5 ], "texture": "#sjwq_atlas" },
				"north": { "uv": [ 6.75, 9, 6.25, 9.5 ], "texture": "#sjwq_atlas" },
				"south": { "uv": [ 6.25, 8.5, 6.75, 9 ], "texture": "#sjwq_atlas" },
				"west": { "uv": [ 4.5, 15, 6, 15.5 ], "texture": "#sjwq_atlas" },
				"east": { "uv": [ 3, 15, 1.5, 15.5 ], "texture": "#sjwq_atlas" }
			}
		},
		{
			"__comment": "Voxels",
			"from": [ 6.5882, 8.4706, -6.1176 ],
			"to": [ 7.529376, 8.941189, -5.647012 ],
			"faces": {
				"down": { "uv": [ 8, 4.5, 8.5, 4.75 ], "texture": "#sjwq_atlas" },
				"up": { "uv": [ 8, 4.5, 8.5, 4.25 ], "texture": "#sjwq_atlas" },
				"north": { "uv": [ 8.5, 4, 8, 4.25 ], "texture": "#sjwq_atlas" },
				"south": { "uv": [ 8, 3.75, 8.5, 4 ], "texture": "#sjwq_atlas" },
				"west": { "uv": [ 15, 4.25, 15.25, 4.5 ], "texture": "#sjwq_atlas" },
				"east": { "uv": [ 15.5, 4.25, 15.25, 4.5 ], "texture": "#sjwq_atlas" }
			}
		},
		{
			"__comment": "Voxels",
			"from": [ 6.5882, 8.4706, -4.2353 ],
			"to": [ 7.529376, 8.941189, -3.294124 ],
			"faces": {
				"down": { "uv": [ 6.25, 6, 6.75, 6.5 ], "texture": "#sjwq_atlas" },
				"up": { "uv": [ 6.25, 6, 6.75, 5.5 ], "texture": "#sjwq_atlas" },
				"north": { "uv": [ 8.5, 3, 8, 3.25 ], "texture": "#sjwq_atlas" },
				"south": { "uv": [ 8, 2.75, 8.5, 3 ], "texture": "#sjwq_atlas" },
				"west": { "uv": [ 8, 2.5, 8.5, 2.75 ], "texture": "#sjwq_atlas" },
				"east": { "uv": [ 8.5, 2.25, 8, 2.5 ], "texture": "#sjwq_atlas" }
			}
		},
		{
			"__comment": "Voxels",
			"from": [ 6.5882, 8.941199, -5.6471 ],
			"to": [ 9.411729, 9.411788, -5.176512 ],
			"faces": {
				"down": { "uv": [ 11, 11.5, 12.5, 11.75 ], "texture": "#sjwq_atlas" },
				"up": { "uv": [ 12.5, 11.75, 14, 11.5 ], "texture": "#sjwq_atlas" },
				"north": { "uv": [ 15.5, 11.5, 14, 11.75 ], "texture": "#sjwq_atlas" },
				"south": { "uv": [ 4.75, 11.25, 6.25, 11.5 ], "texture": "#sjwq_atlas" },
				"west": { "uv": [ 15.5, 4.25, 15.75, 4.5 ], "texture": "#sjwq_atlas" },
				"east": { "uv": [ 16, 4.25, 15.75, 4.5 ], "texture": "#sjwq_atlas" }
			}
		},
		{
			"__comment": "Voxels",
			"from": [ 6.5882, 8.941199, -5.1765 ],
			"to": [ 7.529376, 9.411788, -4.235323 ],
			"faces": {
				"down": { "uv": [ 6.25, 3, 6.75, 3.5 ], "texture": "#sjwq_atlas" },
				"up": { "uv": [ 6.25, 3, 6.75, 2.5 ], "texture": "#sjwq_atlas" },
				"north": { "uv": [ 8.5, 1.75, 8, 2 ], "texture": "#sjwq_atlas" },
				"south": { "uv": [ 8, 1.5, 8.5, 1.75 ], "texture": "#sjwq_atlas" },
				"west": { "uv": [ 8, 1.25, 8.5, 1.5 ], "texture": "#sjwq_atlas" },
				"east": { "uv": [ 8.5, 1, 8, 1.25 ], "texture": "#sjwq_atlas" }
			}
		},
		{
			"__comment": "Voxels",
			"from": [ 6.5882, 9.411799, -2.8235 ],
			"to": [ 7.529376, 9.882388, -1.411735 ],
			"faces": {
				"down": { "uv": [ 3, 3.75, 3.5, 4.5 ], "texture": "#sjwq_atlas" },
				"up": { "uv": [ 2.5, 3, 3, 2.25 ], "texture": "#sjwq_atlas" },
				"north": { "uv": [ 8.5, 0.75, 8, 1 ], "texture": "#sjwq_atlas" },
				"south": { "uv": [ 8, 0.5, 8.5, 0.75 ], "texture": "#sjwq_atlas" },
				"west": { "uv": [ 7.25, 1.75, 8, 2 ], "texture": "#sjwq_atlas" },
				"east": { "uv": [ 8, 1.5, 7.25, 1.75 ], "texture": "#sjwq_atlas" }
			}
		},
		{
			"__comment": "Voxels",
			"from": [ 6.5882, 9.411799, -0.9412 ],
			"to": [ 9.411729, 9.882388, -0.4706117 ],
			"faces": {
				"down": { "uv": [ 14.5, 13, 16, 13.25 ], "texture": "#sjwq_atlas" },
				"up": { "uv": [ 3.5, 12.5, 5, 12.25 ], "texture": "#sjwq_atlas" },
				"north": { "uv": [ 6.5, 12.25, 5, 12.5 ], "texture": "#sjwq_atlas" },
				"south": { "uv": [ 6.5, 12.25, 8, 12.5 ], "texture": "#sjwq_atlas" },
				"west": { "uv": [ 11.5, 3.5, 11.75, 3.75 ], "texture": "#sjwq_atlas" },
				"east": { "uv": [ 11.75, 3, 11.5, 3.25 ], "texture": "#sjwq_atlas" }
			}
		},
		{
			"__comment": "Voxels",
			"from": [ 6.5882, 9.8824, -3.2941 ],
			"to": [ 9.411729, 10.35299, -2.823512 ],
			"faces": {
				"down": { "uv": [ 6.25, 11.25, 7.75, 11.5 ], "texture": "#sjwq_atlas" },
				"up": { "uv": [ 14, 12.5, 15.5, 12.25 ], "texture": "#sjwq_atlas" },
				"north": { "uv": [ 5, 12, 3.5, 12.25 ], "texture": "#sjwq_atlas" },
				"south": { "uv": [ 11, 12, 12.5, 12.25 ], "texture": "#sjwq_atlas" },
				"west": { "uv": [ 11.5, 2.25, 11.75, 2.5 ], "texture": "#sjwq_atlas" },
				"east": { "uv": [ 11.75, 2, 11.5, 2.25 ], "texture": "#sjwq_atlas" }
			}
		},
		{
			"__comment": "Voxels",
			"from": [ 6.5882, 9.8824, -1.4118 ],
			"to": [ 9.411729, 10.35299, -0.9412117 ],
			"faces": {
				"down": { "uv": [ 12.5, 12, 14, 12.25 ], "texture": "#sjwq_atlas" },
				"up": { "uv": [ 8, 12, 9.5, 11.75 ], "texture": "#sjwq_atlas" },
				"north": { "uv": [ 11, 11.75, 9.5, 12 ], "texture": "#sjwq_atlas" },
				"south": { "uv": [ 5, 11.5, 6.5, 11.75 ], "texture": "#sjwq_atlas" },
				"west": { "uv": [ 11.5, 1.75, 11.75, 2 ], "texture": "#sjwq_atlas" },
				"east": { "uv": [ 11.75, 1.5, 11.5, 1.75 ], "texture": "#sjwq_atlas" }
			}
		},
		{
			"__comment": "Voxels",
			"from": [ 7.0588, 5.1765, -3.2941 ],
			"to": [ 8.941153, 5.647088, -2.823512 ],
			"faces": {
				"down": { "uv": [ 14.75, 9.25, 15.75, 9.5 ], "texture": "#sjwq_atlas" },
				"up": { "uv": [ 7.25, 9.25, 8.25, 9 ], "texture": "#sjwq_atlas" },
				"north": { "uv": [ 8.25, 8.75, 7.25, 9 ], "texture": "#sjwq_atlas" },
				"south": { "uv": [ 8.25, 9, 9.25, 9.25 ], "texture": "#sjwq_atlas" },
				"west": { "uv": [ 12.25, 4, 12.5, 4.25 ], "texture": "#sjwq_atlas" },
				"east": { "uv": [ 12.75, 4, 12.5, 4.25 ], "texture": "#sjwq_atlas" }
			}
		},
		{
			"__comment": "Voxels",
			"from": [ 7.0588, 5.1765, -2.3529 ],
			"to": [ 8.941153, 6.117676, -1.882312 ],
			"faces": {
				"down": { "uv": [ 9.25, 8.75, 10.25, 9 ], "texture": "#sjwq_atlas" },
				"up": { "uv": [ 10.25, 9.25, 11.25, 9 ], "texture": "#sjwq_atlas" },
				"north": { "uv": [ 13, 13.5, 12, 14 ], "texture": "#sjwq_atlas" },
				"south": { "uv": [ 13, 13.5, 14, 14 ], "texture": "#sjwq_atlas" },
				"west": { "uv": [ 8.5, 5.5, 8.75, 6 ], "texture": "#sjwq_atlas" },
				"east": { "uv": [ 4.75, 0, 4.5, 0.5 ], "texture": "#sjwq_atlas" }
			}
		},
		{
			"__comment": "Voxels",
			"from": [ 7.0588, 5.1765, -1.4118 ],
			"to": [ 8.941153, 5.647088, -0.9412117 ],
			"faces": {
				"down": { "uv": [ 11.25, 8.75, 12.25, 9 ], "texture": "#sjwq_atlas" },
				"up": { "uv": [ 12.25, 9.25, 13.25, 9 ], "texture": "#sjwq_atlas" },
				"north": { "uv": [ 13.25, 8.75, 12.25, 9 ], "texture": "#sjwq_atlas" },
				"south": { "uv": [ 13.25, 9, 14.25, 9.25 ], "texture": "#sjwq_atlas" },
				"west": { "uv": [ 12.75, 4, 13, 4.25 ], "texture": "#sjwq_atlas" },
				"east": { "uv": [ 14.25, 4, 14, 4.25 ], "texture": "#sjwq_atlas" }
			}
		},
		{
			"__comment": "Voxels",
			"from": [ 7.0588, 5.6471, -2.8235 ],
			"to": [ 8.941153, 6.117688, -2.352912 ],
			"faces": {
				"down": { "uv": [ 14.25, 8.75, 15.25, 9 ], "texture": "#sjwq_atlas" },
				"up": { "uv": [ 6.75, 8.75, 7.75, 8.5 ], "texture": "#sjwq_atlas" },
				"north": { "uv": [ 8.75, 8.5, 7.75, 8.75 ], "texture": "#sjwq_atlas" },
				"south": { "uv": [ 8.75, 8.5, 9.75, 8.75 ], "texture": "#sjwq_atlas" },
				"west": { "uv": [ 14.75, 4, 15, 4.25 ], "texture": "#sjwq_atlas" },
				"east": { "uv": [ 12, 1.25, 11.75, 1.5 ], "texture": "#sjwq_atlas" }
			}
		},
		{
			"__comment": "Voxels",
			"from": [ 7.0588, 5.6471, -1.8824 ],
			"to": [ 8.941153, 6.117688, -1.411812 ],
			"faces": {
				"down": { "uv": [ 9.75, 8.5, 10.75, 8.75 ], "texture": "#sjwq_atlas" },
				"up": { "uv": [ 10.75, 8.75, 11.75, 8.5 ], "texture": "#sjwq_atlas" },
				"north": { "uv": [ 12.75, 8.5, 11.75, 8.75 ], "texture": "#sjwq_atlas" },
				"south": { "uv": [ 12.75, 8.5, 13.75, 8.75 ], "texture": "#sjwq_atlas" },
				"west": { "uv": [ 11.75, 0.5, 12, 0.75 ], "texture": "#sjwq_atlas" },
				"east": { "uv": [ 12, 0.75, 11.75, 1 ], "texture": "#sjwq_atlas" }
			}
		},
		{
			"__comment": "Voxels",
			"from": [ 7.0588, 5.6471, -0.9412 ],
			"to": [ 8.941153, 6.117688, -0.4706117 ],
			"faces": {
				"down": { "uv": [ 13.75, 8.5, 14.75, 8.75 ], "texture": "#sjwq_atlas" },
				"up": { "uv": [ 14.75, 8.75, 15.75, 8.5 ], "texture": "#sjwq_atlas" },
				"north": { "uv": [ 8.25, 8.25, 7.25, 8.5 ], "texture": "#sjwq_atlas" },
				"south": { "uv": [ 8.25, 8.25, 9.25, 8.5 ], "texture": "#sjwq_atlas" },
				"west": { "uv": [ 11.75, 1.5, 12, 1.75 ], "texture": "#sjwq_atlas" },
				"east": { "uv": [ 12, 1.75, 11.75, 2 ], "texture": "#sjwq_atlas" }
			}
		},
		{
			"__comment": "Voxels",
			"from": [ 7.0588, 6.1176, -5.6471 ],
			"to": [ 8.941153, 6.588188, -3.764747 ],
			"faces": {
				"down": { "uv": [ 0.5, 6, 1.5, 7 ], "texture": "#sjwq_atlas" },
				"up": { "uv": [ 0.5, 8, 1.5, 7 ], "texture": "#sjwq_atlas" },
				"north": { "uv": [ 10.25, 8.25, 9.25, 8.5 ], "texture": "#sjwq_atlas" },
				"south": { "uv": [ 10.25, 8.25, 11.25, 8.5 ], "texture": "#sjwq_atlas" },
				"west": { "uv": [ 11.25, 8.25, 12.25, 8.5 ], "texture": "#sjwq_atlas" },
				"east": { "uv": [ 13.25, 8.25, 12.25, 8.5 ], "texture": "#sjwq_atlas" }
			}
		},
		{
			"__comment": "Voxels",
			"from": [ 7.0588, 6.5882, -6.1176 ],
			"to": [ 8.941153, 7.058788, -5.647012 ],
			"faces": {
				"down": { "uv": [ 13.25, 8.25, 14.25, 8.5 ], "texture": "#sjwq_atlas" },
				"up": { "uv": [ 14.25, 8.5, 15.25, 8.25 ], "texture": "#sjwq_atlas" },
				"north": { "uv": [ 8.25, 8, 7.25, 8.25 ], "texture": "#sjwq_atlas" },
				"south": { "uv": [ 8.25, 8, 9.25, 8.25 ], "texture": "#sjwq_atlas" },
				"west": { "uv": [ 13.75, 4, 14, 4.25 ], "texture": "#sjwq_atlas" },
				"east": { "uv": [ 13.75, 4, 13.5, 4.25 ], "texture": "#sjwq_atlas" }
			}
		},
		{
			"__comment": "Voxels",
			"from": [ 7.0588, 6.5882, -4.2353 ],
			"to": [ 8.941153, 7.058788, -3.294124 ],
			"faces": {
				"down": { "uv": [ 2.5, 12.5, 3.5, 13 ], "texture": "#sjwq_atlas" },
				"up": { "uv": [ 3.5, 13, 4.5, 12.5 ], "texture": "#sjwq_atlas" },
				"north": { "uv": [ 4, 14, 3, 14.25 ], "texture": "#sjwq_atlas" },
				"south": { "uv": [ 4, 14, 5, 14.25 ], "texture": "#sjwq_atlas" },
				"west": { "uv": [ 10.25, 1, 10.75, 1.25 ], "texture": "#sjwq_atlas" },
				"east": { "uv": [ 10.75, 1.25, 10.25, 1.5 ], "texture": "#sjwq_atlas" }
			}
		},
		{
			"__comment": "Voxels",
			"from": [ 7.0588, 6.5882, -0.4706 ],
			"to": [ 8.941153, 7.529376, -0.000011742 ],
			"faces": {
				"down": { "uv": [ 5, 14, 6, 14.25 ], "texture": "#sjwq_atlas" },
				"up": { "uv": [ 6, 14.25, 7, 14 ], "texture": "#sjwq_atlas" },
				"north": { "uv": [ 9.5, 12.5, 8.5, 13 ], "texture": "#sjwq_atlas" },
				"south": { "uv": [ 9.5, 12.5, 10.5, 13 ], "texture": "#sjwq_atlas" },
				"west": { "uv": [ 10.25, 2.5, 10.5, 3 ], "texture": "#sjwq_atlas" },
				"east": { "uv": [ 10.75, 3, 10.5, 3.5 ], "texture": "#sjwq_atlas" }
			}
		},
		{
			"__comment": "Voxels",
			"from": [ 7.0588, 6.5882, 1.4118 ],
			"to": [ 8.941153, 7.529376, 1.882388 ],
			"faces": {
				"down": { "uv": [ 7, 14, 8, 14.25 ], "texture": "#sjwq_atlas" },
				"up": { "uv": [ 8, 14.25, 9, 14 ], "texture": "#sjwq_atlas" },
				"north": { "uv": [ 11.5, 12.5, 10.5, 13 ], "texture": "#sjwq_atlas" },
				"south": { "uv": [ 11.5, 12.5, 12.5, 13 ], "texture": "#sjwq_atlas" },
				"west": { "uv": [ 9.75, 3, 10, 3.5 ], "texture": "#sjwq_atlas" },
				"east": { "uv": [ 10.5, 3.5, 10.25, 4 ], "texture": "#sjwq_atlas" }
			}
		},
		{
			"__comment": "Voxels",
			"from": [ 7.0588, 7.0588, -6.5882 ],
			"to": [ 8.941153, 7.529388, -6.117611 ],
			"faces": {
				"down": { "uv": [ 10.5, 14, 11.5, 14.25 ], "texture": "#sjwq_atlas" },
				"up": { "uv": [ 11.5, 14.25, 12.5, 14 ], "texture": "#sjwq_atlas" },
				"north": { "uv": [ 5.75, 10.5, 4.75, 10.75 ], "texture": "#sjwq_atlas" },
				"south": { "uv": [ 5.75, 10.5, 6.75, 10.75 ], "texture": "#sjwq_atlas" },
				"west": { "uv": [ 11.5, 3.75, 11.75, 4 ], "texture": "#sjwq_atlas" },
				"east": { "uv": [ 11.75, 4, 11.5, 4.25 ], "texture": "#sjwq_atlas" }
			}
		},
		{
			"__comment": "Voxels",
			"from": [ 7.0588, 7.0588, 0 ],
			"to": [ 8.941153, 7.529388, 1.411765 ],
			"faces": {
				"down": { "uv": [ 0.5, 0.5, 1.5, 1.25 ], "texture": "#sjwq_atlas" },
				"up": { "uv": [ 0.5, 2, 1.5, 1.25 ], "texture": "#sjwq_atlas" },
				"north": { "uv": [ 7.75, 10.5, 6.75, 10.75 ], "texture": "#sjwq_atlas" },
				"south": { "uv": [ 7.75, 10.5, 8.75, 10.75 ], "texture": "#sjwq_atlas" },
				"west": { "uv": [ 11.75, 7.5, 12.5, 7.75 ], "texture": "#sjwq_atlas" },
				"east": { "uv": [ 11.75, 7.5, 11, 7.75 ], "texture": "#sjwq_atlas" }
			}
		},
		{
			"__comment": "Voxels",
			"from": [ 7.0588, 7.0588, 1.8824 ],
			"to": [ 8.941153, 7.529388, 2.823576 ],
			"faces": {
				"down": { "uv": [ 2.5, 11, 3.5, 11.5 ], "texture": "#sjwq_atlas" },
				"up": { "uv": [ 2.5, 11, 3.5, 10.5 ], "texture": "#sjwq_atlas" },
				"north": { "uv": [ 9.75, 10.5, 8.75, 10.75 ], "texture": "#sjwq_atlas" },
				"south": { "uv": [ 9.75, 10.5, 10.75, 10.75 ], "texture": "#sjwq_atlas" },
				"west": { "uv": [ 13.75, 5.25, 14.25, 5.5 ], "texture": "#sjwq_atlas" },
				"east": { "uv": [ 13.75, 5.25, 13.25, 5.5 ], "texture": "#sjwq_atlas" }
			}
		},
		{
			"__comment": "Voxels",
			"from": [ 7.0588, 7.0588, 17.8824 ],
			"to": [ 8.941153, 8.941153, 18.35299 ],
			"faces": {
				"down": { "uv": [ 10.75, 10.5, 11.75, 10.75 ], "texture": "#sjwq_atlas" },
				"up": { "uv": [ 11.75, 10.75, 12.75, 10.5 ], "texture": "#sjwq_atlas" },
				"north": { "uv": [ 1.5, 8, 0.5, 9 ], "texture": "#sjwq_atlas" },
				"south": { "uv": [ 0.5, 9, 1.5, 10 ], "texture": "#sjwq_atlas" },
				"west": { "uv": [ 4, 8, 4.25, 9 ], "texture": "#sjwq_atlas" },
				"east": { "uv": [ 4.5, 8, 4.25, 9 ], "texture": "#sjwq_atlas" }
			}
		},
		{
			"__comment": "Voxels",
			"from": [ 7.0588, 7.0588, 18.8235 ],
			"to": [ 8.941153, 7.529388, 19.29409 ],
			"faces": {
				"down": { "uv": [ 12.75, 10.5, 13.75, 10.75 ], "texture": "#sjwq_atlas" },
				"up": { "uv": [ 13.75, 10.75, 14.75, 10.5 ], "texture": "#sjwq_atlas" },
				"north": { "uv": [ 15.75, 10.5, 14.75, 10.75 ], "texture": "#sjwq_atlas" },
				"south": { "uv": [ 4.75, 10.25, 5.75, 10.5 ], "texture": "#sjwq_atlas" },
				"west": { "uv": [ 11.75, 4.25, 12, 4.5 ], "texture": "#sjwq_atlas" },
				"east": { "uv": [ 11.75, 4.25, 11.5, 4.5 ], "texture": "#sjwq_atlas" }
			}
		},
		{
			"__comment": "Voxels",
			"from": [ 7.0588, 7.0588, 19.7647 ],
			"to": [ 8.941153, 8.941153, 20.23529 ],
			"faces": {
				"down": { "uv": [ 5.75, 10.25, 6.75, 10.5 ], "texture": "#sjwq_atlas" },
				"up": { "uv": [ 6.75, 10.5, 7.75, 10.25 ], "texture": "#sjwq_atlas" },
				"north": { "uv": [ 1.5, 5, 0.5, 6 ], "texture": "#sjwq_atlas" },
				"south": { "uv": [ 0.5, 4, 1.5, 5 ], "texture": "#sjwq_atlas" },
				"west": { "uv": [ 4.5, 8, 4.75, 9 ], "texture": "#sjwq_atlas" },
				"east": { "uv": [ 4.25, 7, 4, 8 ], "texture": "#sjwq_atlas" }
			}
		},
		{
			"__comment": "Voxels",
			"from": [ 7.0588, 7.0588, 20.2353 ],
			"to": [ 8.941153, 7.529388, 20.70589 ],
			"faces": {
				"down": { "uv": [ 11.75, 10.25, 12.75, 10.5 ], "texture": "#sjwq_atlas" },
				"up": { "uv": [ 12.75, 10.5, 13.75, 10.25 ], "texture": "#sjwq_atlas" },
				"north": { "uv": [ 14.75, 10.25, 13.75, 10.5 ], "texture": "#sjwq_atlas" },
				"south": { "uv": [ 14.75, 10.25, 15.75, 10.5 ], "texture": "#sjwq_atlas" },
				"west": { "uv": [ 11.25, 1, 11.5, 1.25 ], "texture": "#sjwq_atlas" },
				"east": { "uv": [ 11.5, 1.25, 11.25, 1.5 ], "texture": "#sjwq_atlas" }
			}
		},
		{
			"__comment": "Voxels",
			"from": [ 7.0588, 7.5294, -7.0588 ],
			"to": [ 8.941153, 8.470576, -6.588212 ],
			"faces": {
				"down": { "uv": [ 4.75, 10, 5.75, 10.25 ], "texture": "#sjwq_atlas" },
				"up": { "uv": [ 4.75, 10, 5.75, 9.75 ], "texture": "#sjwq_atlas" },
				"north": { "uv": [ 3.5, 6.5, 2.5, 7 ], "texture": "#sjwq_atlas" },
				"south": { "uv": [ 2.5, 7, 3.5, 7.5 ], "texture": "#sjwq_atlas" },
				"west": { "uv": [ 10, 2.25, 10.25, 2.75 ], "texture": "#sjwq_atlas" },
				"east": { "uv": [ 10.25, 2.75, 10, 3.25 ], "texture": "#sjwq_atlas" }
			}
		},
		{
			"__comment": "Voxels",
			"from": [ 7.0588, 7.5294, -3.7647 ],
			"to": [ 7.529388, 8.470576, -3.294112 ],
			"faces": {
				"down": { "uv": [ 13.75, 4.5, 14, 4.75 ], "texture": "#sjwq_atlas" },
				"up": { "uv": [ 10.75, 4, 11, 3.75 ], "texture": "#sjwq_atlas" },
				"north": { "uv": [ 10.25, 3.25, 10, 3.75 ], "texture": "#sjwq_atlas" },
				"south": { "uv": [ 10, 3.75, 10.25, 4.25 ], "texture": "#sjwq_atlas" },
				"west": { "uv": [ 10, 4.25, 10.25, 4.75 ], "texture": "#sjwq_atlas" },
				"east": { "uv": [ 10, 3.5, 9.75, 4 ], "texture": "#sjwq_atlas" }
			}
		},
		{
			"__comment": "Voxels",
			"from": [ 7.0588, 7.5294, 2.3529 ],
			"to": [ 8.941153, 8.941165, 2.823488 ],
			"faces": {
				"down": { "uv": [ 4.75, 9.5, 5.75, 9.75 ], "texture": "#sjwq_atlas" },
				"up": { "uv": [ 4.75, 9.5, 5.75, 9.25 ], "texture": "#sjwq_atlas" },
				"north": { "uv": [ 6, 14.25, 5, 15 ], "texture": "#sjwq_atlas" },
				"south": { "uv": [ 4, 14.25, 5, 15 ], "texture": "#sjwq_atlas" },
				"west": { "uv": [ 6.75, 3.5, 7, 4.25 ], "texture": "#sjwq_atlas" },
				"east": { "uv": [ 7.25, 4.25, 7, 5 ], "texture": "#sjwq_atlas" }
			}
		},
		{
			"__comment": "Voxels",
			"from": [ 7.0588, 7.5294, 2.8235 ],
			"to": [ 8.941153, 8.470576, 4.705853 ],
			"faces": {
				"down": { "uv": [ 0.5, 3, 1.5, 4 ], "texture": "#sjwq_atlas" },
				"up": { "uv": [ 0.5, 3, 1.5, 2 ], "texture": "#sjwq_atlas" },
				"north": { "uv": [ 9, 13.5, 8, 14 ], "texture": "#sjwq_atlas" },
				"south": { "uv": [ 9, 13.5, 10, 14 ], "texture": "#sjwq_atlas" },
				"west": { "uv": [ 10, 13.5, 11, 14 ], "texture": "#sjwq_atlas" },
				"east": { "uv": [ 12, 13.5, 11, 14 ], "texture": "#sjwq_atlas" }
			}
		},
		{
			"__comment": "Voxels",
			"from": [ 7.0588, 7.5294, 15.0588 ],
			"to": [ 8.941153, 8.470576, 17.88233 ],
			"faces": {
				"down": { "uv": [ 0.5, 12.5, 1.5, 14 ], "texture": "#sjwq_atlas" },
				"up": { "uv": [ 0.5, 15.5, 1.5, 14 ], "texture": "#sjwq_atlas" },
				"north": { "uv": [ 3.5, 7.5, 2.5, 8 ], "texture": "#sjwq_atlas" },
				"south": { "uv": [ 2.5, 11.5, 3.5, 12 ], "texture": "#sjwq_atlas" },
				"west": { "uv": [ 10.5, 15.5, 12, 16 ], "texture": "#sjwq_atlas" },
				"east": { "uv": [ 13.5, 15.5, 12, 16 ], "texture": "#sjwq_atlas" }
			}
		},
		{
			"__comment": "Voxels",
			"from": [ 7.0588, 7.5294, 18.3529 ],
			"to": [ 8.941153, 8.941165, 18.82349 ],
			"faces": {
				"down": { "uv": [ 4.75, 9, 5.75, 9.25 ], "texture": "#sjwq_atlas" },
				"up": { "uv": [ 4.75, 9, 5.75, 8.75 ], "texture": "#sjwq_atlas" },
				"north": { "uv": [ 4, 14.25, 3, 15 ], "texture": "#sjwq_atlas" },
				"south": { "uv": [ 8, 14.25, 9, 15 ], "texture": "#sjwq_atlas" },
				"west": { "uv": [ 6.75, 4.25, 7, 5 ], "texture": "#sjwq_atlas" },
				"east": { "uv": [ 7.25, 5, 7, 5.75 ], "texture": "#sjwq_atlas" }
			}
		},
		{
			"__comment": "Voxels",
			"from": [ 7.0588, 7.5294, 18.8235 ],
			"to": [ 7.529388, 8.941165, 19.29409 ],
			"faces": {
				"down": { "uv": [ 14, 4.75, 14.25, 5 ], "texture": "#sjwq_atlas" },
				"up": { "uv": [ 13.75, 5, 14, 4.75 ], "texture": "#sjwq_atlas" },
				"north": { "uv": [ 7, 5, 6.75, 5.75 ], "texture": "#sjwq_atlas" },
				"south": { "uv": [ 7, 5.75, 7.25, 6.5 ], "texture": "#sjwq_atlas" },
				"west": { "uv": [ 6.75, 5.75, 7, 6.5 ], "texture": "#sjwq_atlas" },
				"east": { "uv": [ 7.25, 6.5, 7, 7.25 ], "texture": "#sjwq_atlas" }
			}
		},
		{
			"__comment": "Voxels",
			"from": [ 7.0588, 7.5294, 19.2941 ],
			"to": [ 8.941153, 8.470576, 19.76469 ],
			"faces": {
				"down": { "uv": [ 4.75, 8.5, 5.75, 8.75 ], "texture": "#sjwq_atlas" },
				"up": { "uv": [ 4.75, 8.5, 5.75, 8.25 ], "texture": "#sjwq_atlas" },
				"north": { "uv": [ 8, 13.5, 7, 14 ], "texture": "#sjwq_atlas" },
				"south": { "uv": [ 0.5, 0, 1.5, 0.5 ], "texture": "#sjwq_atlas" },
				"west": { "uv": [ 8.5, 2, 8.75, 2.5 ], "texture": "#sjwq_atlas" },
				"east": { "uv": [ 8.75, 2.5, 8.5, 3 ], "texture": "#sjwq_atlas" }
			}
		},
		{
			"__comment": "Voxels",
			"from": [ 7.0588, 7.5294, 20.2353 ],
			"to": [ 7.529388, 8.941165, 20.70589 ],
			"faces": {
				"down": { "uv": [ 10, 0, 10.25, 0.25 ], "texture": "#sjwq_atlas" },
				"up": { "uv": [ 11, 1.25, 11.25, 1 ], "texture": "#sjwq_atlas" },
				"north": { "uv": [ 7, 6.5, 6.75, 7.25 ], "texture": "#sjwq_atlas" },
				"south": { "uv": [ 7, 7.25, 7.25, 8 ], "texture": "#sjwq_atlas" },
				"west": { "uv": [ 6.75, 7.25, 7, 8 ], "texture": "#sjwq_atlas" },
				"east": { "uv": [ 4.75, 0.75, 4.5, 1.5 ], "texture": "#sjwq_atlas" }
			}
		},
		{
			"__comment": "Voxels",
			"from": [ 7.0588, 7.5294, 20.7059 ],
			"to": [ 8.941153, 8.470576, 21.64708 ],
			"faces": {
				"down": { "uv": [ 4.5, 12.5, 5.5, 13 ], "texture": "#sjwq_atlas" },
				"up": { "uv": [ 5.5, 13, 6.5, 12.5 ], "texture": "#sjwq_atlas" },
				"north": { "uv": [ 7.5, 12.5, 6.5, 13 ], "texture": "#sjwq_atlas" },
				"south": { "uv": [ 7.5, 12.5, 8.5, 13 ], "texture": "#sjwq_atlas" },
				"west": { "uv": [ 15.5, 12.5, 16, 13 ], "texture": "#sjwq_atlas" },
				"east": { "uv": [ 4.75, 7.5, 4.25, 8 ], "texture": "#sjwq_atlas" }
			}
		},
		{
			"__comment": "Voxels",
			"from": [ 7.0588, 8.4706, -6.5882 ],
			"to": [ 8.941153, 8.941189, -6.117611 ],
			"faces": {
				"down": { "uv": [ 4.75, 8, 5.75, 8.25 ], "texture": "#sjwq_atlas" },
				"up": { "uv": [ 4.75, 8, 5.75, 7.75 ], "texture": "#sjwq_atlas" },
				"north": { "uv": [ 5.75, 7.5, 4.75, 7.75 ], "texture": "#sjwq_atlas" },
				"south": { "uv": [ 4.75, 7.25, 5.75, 7.5 ], "texture": "#sjwq_atlas" },
				"west": { "uv": [ 12, 4.75, 12.25, 5 ], "texture": "#sjwq_atlas" },
				"east": { "uv": [ 12, 4.75, 11.75, 5 ], "texture": "#sjwq_atlas" }
			}
		},
		{
			"__comment": "Voxels",
			"from": [ 7.0588, 8.4706, -0.4706 ],
			"to": [ 8.941153, 9.411777, -0.000011742 ],
			"faces": {
				"down": { "uv": [ 4.75, 6, 5.75, 6.25 ], "texture": "#sjwq_atlas" },
				"up": { "uv": [ 4.75, 6, 5.75, 5.75 ], "texture": "#sjwq_atlas" },
				"north": { "uv": [ 3.5, 9, 2.5, 9.5 ], "texture": "#sjwq_atlas" },
				"south": { "uv": [ 2.5, 8.5, 3.5, 9 ], "texture": "#sjwq_atlas" },
				"west": { "uv": [ 8.5, 6.5, 8.75, 7 ], "texture": "#sjwq_atlas" },
				"east": { "uv": [ 7.25, 3.75, 7, 4.25 ], "texture": "#sjwq_atlas" }
			}
		},
		{
			"__comment": "Voxels",
			"from": [ 7.0588, 8.4706, 0 ],
			"to": [ 8.941153, 8.941189, 2.352941 ],
			"faces": {
				"down": { "uv": [ 0.5, 10, 1.5, 11.25 ], "texture": "#sjwq_atlas" },
				"up": { "uv": [ 0.5, 12.5, 1.5, 11.25 ], "texture": "#sjwq_atlas" },
				"north": { "uv": [ 5.75, 5.5, 4.75, 5.75 ], "texture": "#sjwq_atlas" },
				"south": { "uv": [ 4.75, 5.25, 5.75, 5.5 ], "texture": "#sjwq_atlas" },
				"west": { "uv": [ 9.75, 10.75, 11, 11 ], "texture": "#sjwq_atlas" },
				"east": { "uv": [ 9.75, 10.75, 8.5, 11 ], "texture": "#sjwq_atlas" }
			}
		},
		{
			"__comment": "Voxels",
			"from": [ 7.0588, 8.941199, -6.1176 ],
			"to": [ 8.941153, 9.411788, -5.647012 ],
			"faces": {
				"down": { "uv": [ 4.75, 5, 5.75, 5.25 ], "texture": "#sjwq_atlas" },
				"up": { "uv": [ 4.75, 5, 5.75, 4.75 ], "texture": "#sjwq_atlas" },
				"north": { "uv": [ 5.75, 4.5, 4.75, 4.75 ], "texture": "#sjwq_atlas" },
				"south": { "uv": [ 4.75, 4.25, 5.75, 4.5 ], "texture": "#sjwq_atlas" },
				"west": { "uv": [ 11.5, 4.75, 11.75, 5 ], "texture": "#sjwq_atlas" },
				"east": { "uv": [ 11, 1.5, 10.75, 1.75 ], "texture": "#sjwq_atlas" }
			}
		},
		{
			"__comment": "Voxels",
			"from": [ 7.0588, 8.941199, -4.2353 ],
			"to": [ 8.941153, 9.882376, -3.764712 ],
			"faces": {
				"down": { "uv": [ 4.75, 4, 5.75, 4.25 ], "texture": "#sjwq_atlas" },
				"up": { "uv": [ 4.75, 4, 5.75, 3.75 ], "texture": "#sjwq_atlas" },
				"north": { "uv": [ 3.5, 9.5, 2.5, 10 ], "texture": "#sjwq_atlas" },
				"south": { "uv": [ 2.5, 10, 3.5, 10.5 ], "texture": "#sjwq_atlas" },
				"west": { "uv": [ 4.5, 3.5, 4.75, 4 ], "texture": "#sjwq_atlas" },
				"east": { "uv": [ 4.75, 4, 4.5, 4.5 ], "texture": "#sjwq_atlas" }
			}
		},
		{
			"__comment": "Voxels",
			"from": [ 7.0588, 8.941199, -3.7647 ],
			"to": [ 8.941153, 9.411788, -3.294112 ],
			"faces": {
				"down": { "uv": [ 4.75, 3.5, 5.75, 3.75 ], "texture": "#sjwq_atlas" },
				"up": { "uv": [ 4.75, 3.5, 5.75, 3.25 ], "texture": "#sjwq_atlas" },
				"north": { "uv": [ 5.75, 3, 4.75, 3.25 ], "texture": "#sjwq_atlas" },
				"south": { "uv": [ 4.75, 2.75, 5.75, 3 ], "texture": "#sjwq_atlas" },
				"west": { "uv": [ 10.75, 1.75, 11, 2 ], "texture": "#sjwq_atlas" },
				"east": { "uv": [ 16, 5, 15.75, 5.25 ], "texture": "#sjwq_atlas" }
			}
		},
		{
			"__comment": "Voxels",
			"from": [ 7.0588, 8.941199, 1.4118 ],
			"to": [ 8.941153, 9.411788, 1.882388 ],
			"faces": {
				"down": { "uv": [ 4.75, 2.5, 5.75, 2.75 ], "texture": "#sjwq_atlas" },
				"up": { "uv": [ 4.75, 2.5, 5.75, 2.25 ], "texture": "#sjwq_atlas" },
				"north": { "uv": [ 5.75, 2, 4.75, 2.25 ], "texture": "#sjwq_atlas" },
				"south": { "uv": [ 4.75, 1.75, 5.75, 2 ], "texture": "#sjwq_atlas" },
				"west": { "uv": [ 15.5, 5, 15.75, 5.25 ], "texture": "#sjwq_atlas" },
				"east": { "uv": [ 15, 5, 14.75, 5.25 ], "texture": "#sjwq_atlas" }
			}
		},
		{
			"__comment": "Voxels",
			"from": [ 7.0588, 9.411799, -5.6471 ],
			"to": [ 8.941153, 9.882388, -4.235335 ],
			"faces": {
				"down": { "uv": [ 10.5, 14.25, 11.5, 15 ], "texture": "#sjwq_atlas" },
				"up": { "uv": [ 11.5, 15, 12.5, 14.25 ], "texture": "#sjwq_atlas" },
				"north": { "uv": [ 5.75, 1.5, 4.75, 1.75 ], "texture": "#sjwq_atlas" },
				"south": { "uv": [ 4.75, 1.25, 5.75, 1.5 ], "texture": "#sjwq_atlas" },
				"west": { "uv": [ 7.25, 5, 8, 5.25 ], "texture": "#sjwq_atlas" },
				"east": { "uv": [ 8, 5.25, 7.25, 5.5 ], "texture": "#sjwq_atlas" }
			}
		},
		{
			"__comment": "Voxels",
			"from": [ 7.0588, 9.8824, -2.8235 ],
			"to": [ 8.941153, 10.35299, -1.411735 ],
			"faces": {
				"down": { "uv": [ 7, 14.25, 8, 15 ], "texture": "#sjwq_atlas" },
				"up": { "uv": [ 6, 15, 7, 14.25 ], "texture": "#sjwq_atlas" },
				"north": { "uv": [ 5.75, 1, 4.75, 1.25 ], "texture": "#sjwq_atlas" },
				"south": { "uv": [ 4.75, 0.75, 5.75, 1 ], "texture": "#sjwq_atlas" },
				"west": { "uv": [ 13.25, 7.75, 14, 8 ], "texture": "#sjwq_atlas" },
				"east": { "uv": [ 13.25, 7.75, 12.5, 8 ], "texture": "#sjwq_atlas" }
			}
		},
		{
			"__comment": "Voxels",
			"from": [ 7.0588, 9.8824, -0.9412 ],
			"to": [ 8.941153, 10.35299, -0.4706117 ],
			"faces": {
				"down": { "uv": [ 4.75, 0.5, 5.75, 0.75 ], "texture": "#sjwq_atlas" },
				"up": { "uv": [ 4.75, 0.5, 5.75, 0.25 ], "texture": "#sjwq_atlas" },
				"north": { "uv": [ 5.75, 0, 4.75, 0.25 ], "texture": "#sjwq_atlas" },
				"south": { "uv": [ 5.75, 10, 6.75, 10.25 ], "texture": "#sjwq_atlas" },
				"west": { "uv": [ 15.75, 5.25, 16, 5.5 ], "texture": "#sjwq_atlas" },
				"east": { "uv": [ 16, 5.5, 15.75, 5.75 ], "texture": "#sjwq_atlas" }
			}
		},
		{
			"__comment": "Voxels",
			"from": [ 7.0588, 10.3529, -3.2941 ],
			"to": [ 8.941153, 10.82349, -2.823512 ],
			"faces": {
				"down": { "uv": [ 6.75, 10, 7.75, 10.25 ], "texture": "#sjwq_atlas" },
				"up": { "uv": [ 7.75, 10.25, 8.75, 10 ], "texture": "#sjwq_atlas" },
				"north": { "uv": [ 9.75, 10, 8.75, 10.25 ], "texture": "#sjwq_atlas" },
				"south": { "uv": [ 9.75, 10, 10.75, 10.25 ], "texture": "#sjwq_atlas" },
				"west": { "uv": [ 15.75, 6.5, 16, 6.75 ], "texture": "#sjwq_atlas" },
				"east": { "uv": [ 16, 6.75, 15.75, 7 ], "texture": "#sjwq_atlas" }
			}
		},
		{
			"__comment": "Voxels",
			"from": [ 7.0588, 10.3529, -2.3529 ],
			"to": [ 8.941153, 10.82349, -1.882312 ],
			"faces": {
				"down": { "uv": [ 10.75, 10, 11.75, 10.25 ], "texture": "#sjwq_atlas" },
				"up": { "uv": [ 11.75, 10.25, 12.75, 10 ], "texture": "#sjwq_atlas" },
				"north": { "uv": [ 13.75, 10, 12.75, 10.25 ], "texture": "#sjwq_atlas" },
				"south": { "uv": [ 13.75, 10, 14.75, 10.25 ], "texture": "#sjwq_atlas" },
				"west": { "uv": [ 15.75, 10, 16, 10.25 ], "texture": "#sjwq_atlas" },
				"east": { "uv": [ 16, 10.25, 15.75, 10.5 ], "texture": "#sjwq_atlas" }
			}
		},
		{
			"__comment": "Voxels",
			"from": [ 7.0588, 10.3529, -1.4118 ],
			"to": [ 8.941153, 10.82349, -0.9412117 ],
			"faces": {
				"down": { "uv": [ 14.75, 10, 15.75, 10.25 ], "texture": "#sjwq_atlas" },
				"up": { "uv": [ 5.75, 10, 6.75, 9.75 ], "texture": "#sjwq_atlas" },
				"north": { "uv": [ 7.75, 9.75, 6.75, 10 ], "texture": "#sjwq_atlas" },
				"south": { "uv": [ 7.75, 9.75, 8.75, 10 ], "texture": "#sjwq_atlas" },
				"west": { "uv": [ 15, 5, 15.25, 5.25 ], "texture": "#sjwq_atlas" },
				"east": { "uv": [ 15.5, 5, 15.25, 5.25 ], "texture": "#sjwq_atlas" }
			}
		},
		{
			"__comment": "Voxels",
			"from": [ 7.5294, 4.7059, -3.2941 ],
			"to": [ 8.470576, 5.176488, -2.823512 ],
			"faces": {
				"down": { "uv": [ 10.5, 7, 11, 7.25 ], "texture": "#sjwq_atlas" },
				"up": { "uv": [ 11, 7.25, 11.5, 7 ], "texture": "#sjwq_atlas" },
				"north": { "uv": [ 13.75, 6.75, 13.25, 7 ], "texture": "#sjwq_atlas" },
				"south": { "uv": [ 13.75, 6.75, 14.25, 7 ], "texture": "#sjwq_atlas" },
				"west": { "uv": [ 13.25, 5, 13.5, 5.25 ], "texture": "#sjwq_atlas" },
				"east": { "uv": [ 14.25, 5, 14, 5.25 ], "texture": "#sjwq_atlas" }
			}
		},
		{
			"__comment": "Voxels",
			"from": [ 7.5294, 4.7059, -2.3529 ],
			"to": [ 8.470576, 5.176488, -1.882312 ],
			"faces": {
				"down": { "uv": [ 8.75, 6, 9.25, 6.25 ], "texture": "#sjwq_atlas" },
				"up": { "uv": [ 8.75, 6, 9.25, 5.75 ], "texture": "#sjwq_atlas" },
				"north": { "uv": [ 13.25, 6, 12.75, 6.25 ], "texture": "#sjwq_atlas" },
				"south": { "uv": [ 13.25, 6, 13.75, 6.25 ], "texture": "#sjwq_atlas" },
				"west": { "uv": [ 10.75, 2.5, 11, 2.75 ], "texture": "#sjwq_atlas" },
				"east": { "uv": [ 11.75, 3.25, 11.5, 3.5 ], "texture": "#sjwq_atlas" }
			}
		},
		{
			"__comment": "Voxels",
			"from": [ 7.5294, 4.7059, -1.4118 ],
			"to": [ 8.470576, 5.176488, -0.9412117 ],
			"faces": {
				"down": { "uv": [ 13, 7.5, 13.5, 7.75 ], "texture": "#sjwq_atlas" },
				"up": { "uv": [ 13.5, 7.75, 14, 7.5 ], "texture": "#sjwq_atlas" },
				"north": { "uv": [ 8.5, 3.25, 8, 3.5 ], "texture": "#sjwq_atlas" },
				"south": { "uv": [ 8, 2, 8.5, 2.25 ], "texture": "#sjwq_atlas" },
				"west": { "uv": [ 10.75, 0.25, 11, 0.5 ], "texture": "#sjwq_atlas" },
				"east": { "uv": [ 11, 0, 10.75, 0.25 ], "texture": "#sjwq_atlas" }
			}
		},
		{
			"__comment": "Voxels",
			"from": [ 7.5294, 5.1765, -2.8235 ],
			"to": [ 8.470576, 5.647088, -2.352912 ],
			"faces": {
				"down": { "uv": [ 11.5, 7.25, 12, 7.5 ], "texture": "#sjwq_atlas" },
				"up": { "uv": [ 12, 7.5, 12.5, 7.25 ], "texture": "#sjwq_atlas" },
				"north": { "uv": [ 9.5, 7, 9, 7.25 ], "texture": "#sjwq_atlas" },
				"south": { "uv": [ 15.5, 7, 16, 7.25 ], "texture": "#sjwq_atlas" },
				"west": { "uv": [ 12.75, 4.75, 13, 5 ], "texture": "#sjwq_atlas" },
				"east": { "uv": [ 13.25, 4.75, 13, 5 ], "texture": "#sjwq_atlas" }
			}
		},
		{
			"__comment": "Voxels",
			"from": [ 7.5294, 5.1765, -1.8824 ],
			"to": [ 8.470576, 5.647088, -1.411812 ],
			"faces": {
				"down": { "uv": [ 12.5, 7.25, 13, 7.5 ], "texture": "#sjwq_atlas" },
				"up": { "uv": [ 13, 7.5, 13.5, 7.25 ], "texture": "#sjwq_atlas" },
				"north": { "uv": [ 9.25, 5.5, 8.75, 5.75 ], "texture": "#sjwq_atlas" },
				"south": { "uv": [ 8.75, 5.25, 9.25, 5.5 ], "texture": "#sjwq_atlas" },
				"west": { "uv": [ 11.75, 4.5, 12, 4.75 ], "texture": "#sjwq_atlas" },
				"east": { "uv": [ 12.25, 4.5, 12, 4.75 ], "texture": "#sjwq_atlas" }
			}
		},
		{
			"__comment": "Voxels",
			"from": [ 7.5294, 5.1765, -0.9412 ],
			"to": [ 8.470576, 5.647088, -0.4706117 ],
			"faces": {
				"down": { "uv": [ 12.25, 6.5, 12.75, 6.75 ], "texture": "#sjwq_atlas" },
				"up": { "uv": [ 12.75, 6.75, 13.25, 6.5 ], "texture": "#sjwq_atlas" },
				"north": { "uv": [ 9.75, 3, 9.25, 3.25 ], "texture": "#sjwq_atlas" },
				"south": { "uv": [ 9.25, 2.75, 9.75, 3 ], "texture": "#sjwq_atlas" },
				"west": { "uv": [ 13.5, 5, 13.75, 5.25 ], "texture": "#sjwq_atlas" },
				"east": { "uv": [ 14, 5, 13.75, 5.25 ], "texture": "#sjwq_atlas" }
			}
		},
		{
			"__comment": "Voxels",
			"from": [ 7.5294, 5.6471, -4.7059 ],
			"to": [ 8.470576, 6.117688, -3.764723 ],
			"faces": {
				"down": { "uv": [ 4, 3, 4.5, 3.5 ], "texture": "#sjwq_atlas" },
				"up": { "uv": [ 4, 3, 4.5, 2.5 ], "texture": "#sjwq_atlas" },
				"north": { "uv": [ 12.25, 6, 11.75, 6.25 ], "texture": "#sjwq_atlas" },
				"south": { "uv": [ 12.25, 6, 12.75, 6.25 ], "texture": "#sjwq_atlas" },
				"west": { "uv": [ 11, 5.75, 11.5, 6 ], "texture": "#sjwq_atlas" },
				"east": { "uv": [ 12, 5.75, 11.5, 6 ], "texture": "#sjwq_atlas" }
			}
		},
		{
			"__comment": "Voxels",
			"from": [ 7.5294, 6.1176, -6.1176 ],
			"to": [ 8.470576, 6.588188, -5.647012 ],
			"faces": {
				"down": { "uv": [ 10.75, 5.5, 11.25, 5.75 ], "texture": "#sjwq_atlas" },
				"up": { "uv": [ 11.25, 5.75, 11.75, 5.5 ], "texture": "#sjwq_atlas" },
				"north": { "uv": [ 14.25, 5.5, 13.75, 5.75 ], "texture": "#sjwq_atlas" },
				"south": { "uv": [ 14.25, 5.5, 14.75, 5.75 ], "texture": "#sjwq_atlas" },
				"west": { "uv": [ 11.25, 3.75, 11.5, 4 ], "texture": "#sjwq_atlas" },
				"east": { "uv": [ 11.5, 3.5, 11.25, 3.75 ], "texture": "#sjwq_atlas" }
			}
		},
		{
			"__comment": "Voxels",
			"from": [ 7.5294, 6.1176, -3.7647 ],
			"to": [ 8.470576, 6.588188, -3.294112 ],
			"faces": {
				"down": { "uv": [ 10.25, 5.25, 10.75, 5.5 ], "texture": "#sjwq_atlas" },
				"up": { "uv": [ 10.75, 5.5, 11.25, 5.25 ], "texture": "#sjwq_atlas" },
				"north": { "uv": [ 12.75, 5.25, 12.25, 5.5 ], "texture": "#sjwq_atlas" },
				"south": { "uv": [ 12.75, 5.25, 13.25, 5.5 ], "texture": "#sjwq_atlas" },
				"west": { "uv": [ 13.5, 4.25, 13.75, 4.5 ], "texture": "#sjwq_atlas" },
				"east": { "uv": [ 14, 4.25, 13.75, 4.5 ], "texture": "#sjwq_atlas" }
			}
		},
		{
			"__comment": "Voxels",
			"from": [ 7.5294, 6.1176, -0.4706 ],
			"to": [ 8.470576, 6.588188, -0.000011742 ],
			"faces": {
				"down": { "uv": [ 10.25, 4.25, 10.75, 4.5 ], "texture": "#sjwq_atlas" },
				"up": { "uv": [ 10.25, 4.25, 10.75, 4 ], "texture": "#sjwq_atlas" },
				"north": { "uv": [ 10.75, 1.75, 10.25, 2 ], "texture": "#sjwq_atlas" },
				"south": { "uv": [ 10.25, 1.5, 10.75, 1.75 ], "texture": "#sjwq_atlas" },
				"west": { "uv": [ 13, 4, 13.25, 4.25 ], "texture": "#sjwq_atlas" },
				"east": { "uv": [ 13.5, 4, 13.25, 4.25 ], "texture": "#sjwq_atlas" }
			}
		},
		{
			"__comment": "Voxels",
			"from": [ 7.5294, 6.1176, 1.4118 ],
			"to": [ 8.470576, 6.588188, 1.882388 ],
			"faces": {
				"down": { "uv": [ 10.75, 5, 11.25, 5.25 ], "texture": "#sjwq_atlas" },
				"up": { "uv": [ 11.25, 5.25, 11.75, 5 ], "texture": "#sjwq_atlas" },
				"north": { "uv": [ 12.25, 5, 11.75, 5.25 ], "texture": "#sjwq_atlas" },
				"south": { "uv": [ 12.25, 5, 12.75, 5.25 ], "texture": "#sjwq_atlas" },
				"west": { "uv": [ 11.75, 1, 12, 1.25 ], "texture": "#sjwq_atlas" },
				"east": { "uv": [ 12.25, 1.5, 12, 1.75 ], "texture": "#sjwq_atlas" }
			}
		},
		{
			"__comment": "Voxels",
			"from": [ 7.5294, 6.5882, -6.5882 ],
			"to": [ 8.470576, 7.058788, -6.117611 ],
			"faces": {
				"down": { "uv": [ 13.5, 7.25, 14, 7.5 ], "texture": "#sjwq_atlas" },
				"up": { "uv": [ 14, 7.5, 14.5, 7.25 ], "texture": "#sjwq_atlas" },
				"north": { "uv": [ 15, 7.25, 14.5, 7.5 ], "texture": "#sjwq_atlas" },
				"south": { "uv": [ 15, 7.25, 15.5, 7.5 ], "texture": "#sjwq_atlas" },
				"west": { "uv": [ 4.5, 0.5, 4.75, 0.75 ], "texture": "#sjwq_atlas" },
				"east": { "uv": [ 16, 10.5, 15.75, 10.75 ], "texture": "#sjwq_atlas" }
			}
		},
		{
			"__comment": "Voxels",
			"from": [ 7.5294, 6.5882, 0 ],
			"to": [ 8.470576, 7.058788, 1.411765 ],
			"faces": {
				"down": { "uv": [ 3.5, 2.5, 4, 3.25 ], "texture": "#sjwq_atlas" },
				"up": { "uv": [ 3.5, 4, 4, 3.25 ], "texture": "#sjwq_atlas" },
				"north": { "uv": [ 10, 7, 9.5, 7.25 ], "texture": "#sjwq_atlas" },
				"south": { "uv": [ 10, 7, 10.5, 7.25 ], "texture": "#sjwq_atlas" },
				"west": { "uv": [ 7.25, 2.75, 8, 3 ], "texture": "#sjwq_atlas" },
				"east": { "uv": [ 8.75, 7.75, 8, 8 ], "texture": "#sjwq_atlas" }
			}
		},
		{
			"__comment": "Voxels",
			"from": [ 7.5294, 6.5882, 1.8824 ],
			"to": [ 8.470576, 7.058788, 2.823576 ],
			"faces": {
				"down": { "uv": [ 4, 2, 4.5, 2.5 ], "texture": "#sjwq_atlas" },
				"up": { "uv": [ 4, 2, 4.5, 1.5 ], "texture": "#sjwq_atlas" },
				"north": { "uv": [ 12, 7, 11.5, 7.25 ], "texture": "#sjwq_atlas" },
				"south": { "uv": [ 12, 7, 12.5, 7.25 ], "texture": "#sjwq_atlas" },
				"west": { "uv": [ 12.5, 7, 13, 7.25 ], "texture": "#sjwq_atlas" },
				"east": { "uv": [ 13.5, 7, 13, 7.25 ], "texture": "#sjwq_atlas" }
			}
		},
		{
			"__comment": "Voxels",
			"from": [ 7.5294, 6.5882, 17.8824 ],
			"to": [ 8.470576, 7.058788, 18.35299 ],
			"faces": {
				"down": { "uv": [ 13.5, 7, 14, 7.25 ], "texture": "#sjwq_atlas" },
				"up": { "uv": [ 14, 7.25, 14.5, 7 ], "texture": "#sjwq_atlas" },
				"north": { "uv": [ 15, 7, 14.5, 7.25 ], "texture": "#sjwq_atlas" },
				"south": { "uv": [ 15, 7, 15.5, 7.25 ], "texture": "#sjwq_atlas" },
				"west": { "uv": [ 15.75, 8.5, 16, 8.75 ], "texture": "#sjwq_atlas" },
				"east": { "uv": [ 7.25, 3.5, 7, 3.75 ], "texture": "#sjwq_atlas" }
			}
		},
		{
			"__comment": "Voxels",
			"from": [ 7.5294, 6.5882, 18.8235 ],
			"to": [ 8.470576, 7.058788, 21.17644 ],
			"faces": {
				"down": { "uv": [ 1.5, 4, 2, 5.25 ], "texture": "#sjwq_atlas" },
				"up": { "uv": [ 1.5, 6.5, 2, 5.25 ], "texture": "#sjwq_atlas" },
				"north": { "uv": [ 9.75, 6.75, 9.25, 7 ], "texture": "#sjwq_atlas" },
				"south": { "uv": [ 9.75, 6.75, 10.25, 7 ], "texture": "#sjwq_atlas" },
				"west": { "uv": [ 7.75, 11.25, 9, 11.5 ], "texture": "#sjwq_atlas" },
				"east": { "uv": [ 14.75, 10.75, 13.5, 11 ], "texture": "#sjwq_atlas" }
			}
		},
		{
			"__comment": "Voxels",
			"from": [ 7.5294, 7.0588, -7.0588 ],
			"to": [ 8.470576, 7.529388, -6.588212 ],
			"faces": {
				"down": { "uv": [ 11.25, 6.75, 11.75, 7 ], "texture": "#sjwq_atlas" },
				"up": { "uv": [ 11.75, 7, 12.25, 6.75 ], "texture": "#sjwq_atlas" },
				"north": { "uv": [ 12.75, 6.75, 12.25, 7 ], "texture": "#sjwq_atlas" },
				"south": { "uv": [ 12.75, 6.75, 13.25, 7 ], "texture": "#sjwq_atlas" },
				"west": { "uv": [ 12.75, 5, 13, 5.25 ], "texture": "#sjwq_atlas" },
				"east": { "uv": [ 13.25, 5, 13, 5.25 ], "texture": "#sjwq_atlas" }
			}
		},
		{
			"__comment": "Voxels",
			"from": [ 7.5294, 7.0588, -3.7647 ],
			"to": [ 9.411753, 7.529388, -3.294112 ],
			"faces": {
				"down": { "uv": [ 8.75, 9.75, 9.75, 10 ], "texture": "#sjwq_atlas" },
				"up": { "uv": [ 9.75, 10, 10.75, 9.75 ], "texture": "#sjwq_atlas" },
				"north": { "uv": [ 11.75, 9.75, 10.75, 10 ], "texture": "#sjwq_atlas" },
				"south": { "uv": [ 11.75, 9.75, 12.75, 10 ], "texture": "#sjwq_atlas" },
				"west": { "uv": [ 14.25, 5, 14.5, 5.25 ], "texture": "#sjwq_atlas" },
				"east": { "uv": [ 14.75, 5, 14.5, 5.25 ], "texture": "#sjwq_atlas" }
			}
		},
		{
			"__comment": "Voxels",
			"from": [ 7.5294, 7.0588, 2.8235 ],
			"to": [ 8.470576, 7.529388, 4.705853 ],
			"faces": {
				"down": { "uv": [ 2, 5.5, 2.5, 6.5 ], "texture": "#sjwq_atlas" },
				"up": { "uv": [ 2, 7.5, 2.5, 6.5 ], "texture": "#sjwq_atlas" },
				"north": { "uv": [ 15.25, 6.75, 14.75, 7 ], "texture": "#sjwq_atlas" },
				"south": { "uv": [ 15.25, 6.75, 15.75, 7 ], "texture": "#sjwq_atlas" },
				"west": { "uv": [ 12.75, 9.75, 13.75, 10 ], "texture": "#sjwq_atlas" },
				"east": { "uv": [ 14.75, 9.75, 13.75, 10 ], "texture": "#sjwq_atlas" }
			}
		},
		{
			"__comment": "Voxels",
			"from": [ 7.5294, 7.0588, 14.5882 ],
			"to": [ 8.470576, 8.941153, 15.05879 ],
			"faces": {
				"down": { "uv": [ 8.75, 3.5, 9.25, 3.75 ], "texture": "#sjwq_atlas" },
				"up": { "uv": [ 9.25, 1.75, 9.75, 1.5 ], "texture": "#sjwq_atlas" },
				"north": { "uv": [ 3, 4.5, 2.5, 5.5 ], "texture": "#sjwq_atlas" },
				"south": { "uv": [ 3, 4.5, 3.5, 5.5 ], "texture": "#sjwq_atlas" },
				"west": { "uv": [ 4, 0.5, 4.25, 1.5 ], "texture": "#sjwq_atlas" },
				"east": { "uv": [ 4.5, 0.5, 4.25, 1.5 ], "texture": "#sjwq_atlas" }
			}
		},
		{
			"__comment": "Voxels",
			"from": [ 7.5294, 7.0588, 15.0588 ],
			"to": [ 8.470576, 7.529388, 17.88233 ],
			"faces": {
				"down": { "uv": [ 1.5, 12.5, 2, 14 ], "texture": "#sjwq_atlas" },
				"up": { "uv": [ 1.5, 12.5, 2, 11 ], "texture": "#sjwq_atlas" },
				"north": { "uv": [ 10.5, 5.75, 10, 6 ], "texture": "#sjwq_atlas" },
				"south": { "uv": [ 10.5, 5.75, 11, 6 ], "texture": "#sjwq_atlas" },
				"west": { "uv": [ 6.5, 11.5, 8, 11.75 ], "texture": "#sjwq_atlas" },
				"east": { "uv": [ 16, 13.25, 14.5, 13.5 ], "texture": "#sjwq_atlas" }
			}
		},
		{
			"__comment": "Voxels",
			"from": [ 7.5294, 7.0588, 18.3529 ],
			"to": [ 8.470576, 7.529388, 18.82349 ],
			"faces": {
				"down": { "uv": [ 15.5, 12.25, 16, 12.5 ], "texture": "#sjwq_atlas" },
				"up": { "uv": [ 15.5, 12.25, 16, 12 ], "texture": "#sjwq_atlas" },
				"north": { "uv": [ 16, 11.75, 15.5, 12 ], "texture": "#sjwq_atlas" },
				"south": { "uv": [ 15.5, 11.5, 16, 11.75 ], "texture": "#sjwq_atlas" },
				"west": { "uv": [ 10.75, 3.5, 11, 3.75 ], "texture": "#sjwq_atlas" },
				"east": { "uv": [ 11, 3.25, 10.75, 3.5 ], "texture": "#sjwq_atlas" }
			}
		},
		{
			"__comment": "Voxels",
			"from": [ 7.5294, 7.0588, 19.2941 ],
			"to": [ 8.470576, 7.529388, 19.76469 ],
			"faces": {
				"down": { "uv": [ 5.75, 0, 6.25, 0.25 ], "texture": "#sjwq_atlas" },
				"up": { "uv": [ 6.75, 3.5, 7.25, 3.25 ], "texture": "#sjwq_atlas" },
				"north": { "uv": [ 7.25, 2.5, 6.75, 2.75 ], "texture": "#sjwq_atlas" },
				"south": { "uv": [ 6.75, 2.25, 7.25, 2.5 ], "texture": "#sjwq_atlas" },
				"west": { "uv": [ 10.75, 3, 11, 3.25 ], "texture": "#sjwq_atlas" },
				"east": { "uv": [ 11, 2.75, 10.75, 3 ], "texture": "#sjwq_atlas" }
			}
		},
		{
			"__comment": "Voxels",
			"from": [ 7.5294, 7.0588, 20.7059 ],
			"to": [ 8.470576, 7.529388, 21.64708 ],
			"faces": {
				"down": { "uv": [ 4, 0, 4.5, 0.5 ], "texture": "#sjwq_atlas" },
				"up": { "uv": [ 5.75, 9.75, 6.25, 9.25 ], "texture": "#sjwq_atlas" },
				"north": { "uv": [ 7.25, 0.75, 6.75, 1 ], "texture": "#sjwq_atlas" },
				"south": { "uv": [ 6.75, 0.5, 7.25, 0.75 ], "texture": "#sjwq_atlas" },
				"west": { "uv": [ 6.75, 0.25, 7.25, 0.5 ], "texture": "#sjwq_atlas" },
				"east": { "uv": [ 7.25, 0, 6.75, 0.25 ], "texture": "#sjwq_atlas" }
			}
		},
		{
			"__comment": "Voxels",
			"from": [ 7.5294, 7.5294, 4.7059 ],
			"to": [ 8.470576, 8.470576, 14.58825 ],
			"faces": {
				"down": { "uv": [ 0, 10.25, 0.5, 15.5 ], "texture": "#sjwq_atlas" },
				"up": { "uv": [ 0, 10.25, 0.5, 5 ], "texture": "#sjwq_atlas" },
				"north": { "uv": [ 6.25, 7.75, 5.75, 8.25 ], "texture": "#sjwq_atlas" },
				"south": { "uv": [ 5.75, 7.25, 6.25, 7.75 ], "texture": "#sjwq_atlas" },
				"west": { "uv": [ 5.25, 15.5, 10.5, 16 ], "texture": "#sjwq_atlas" },
				"east": { "uv": [ 5.25, 15.5, 0, 16 ], "texture": "#sjwq_atlas" }
			}
		},
		{
			"__comment": "Voxels",
			"from": [ 7.5294, 7.5294, 21.6471 ],
			"to": [ 8.470576, 8.470576, 22.11769 ],
			"faces": {
				"down": { "uv": [ 8, 6.25, 8.5, 6.5 ], "texture": "#sjwq_atlas" },
				"up": { "uv": [ 8, 3.75, 8.5, 3.5 ], "texture": "#sjwq_atlas" },
				"north": { "uv": [ 6.25, 6.75, 5.75, 7.25 ], "texture": "#sjwq_atlas" },
				"south": { "uv": [ 5.75, 6.25, 6.25, 6.75 ], "texture": "#sjwq_atlas" },
				"west": { "uv": [ 4.5, 2, 4.75, 2.5 ], "texture": "#sjwq_atlas" },
				"east": { "uv": [ 4.75, 1.5, 4.5, 2 ], "texture": "#sjwq_atlas" }
			}
		},
		{
			"__comment": "Voxels",
			"from": [ 7.5294, 8.4706, -7.0588 ],
			"to": [ 8.470576, 8.941189, -6.588212 ],
			"faces": {
				"down": { "uv": [ 8, 0.25, 8.5, 0.5 ], "texture": "#sjwq_atlas" },
				"up": { "uv": [ 8, 0.25, 8.5, 0 ], "texture": "#sjwq_atlas" },
				"north": { "uv": [ 9, 7.25, 8.5, 7.5 ], "texture": "#sjwq_atlas" },
				"south": { "uv": [ 9, 7.25, 9.5, 7.5 ], "texture": "#sjwq_atlas" },
				"west": { "uv": [ 10.75, 1.25, 11, 1.5 ], "texture": "#sjwq_atlas" },
				"east": { "uv": [ 11, 1, 10.75, 1.25 ], "texture": "#sjwq_atlas" }
			}
		},
		{
			"__comment": "Voxels",
			"from": [ 7.5294, 8.4706, -3.7647 ],
			"to": [ 9.411753, 8.941189, -3.294112 ],
			"faces": {
				"down": { "uv": [ 14.75, 9.75, 15.75, 10 ], "texture": "#sjwq_atlas" },
				"up": { "uv": [ 6.25, 9.75, 7.25, 9.5 ], "texture": "#sjwq_atlas" },
				"north": { "uv": [ 8.25, 9.5, 7.25, 9.75 ], "texture": "#sjwq_atlas" },
				"south": { "uv": [ 8.25, 9.5, 9.25, 9.75 ], "texture": "#sjwq_atlas" },
				"west": { "uv": [ 11, 4.75, 11.25, 5 ], "texture": "#sjwq_atlas" },
				"east": { "uv": [ 11.5, 4.75, 11.25, 5 ], "texture": "#sjwq_atlas" }
			}
		},
		{
			"__comment": "Voxels",
			"from": [ 7.5294, 8.4706, 2.8235 ],
			"to": [ 8.470576, 8.941189, 4.705853 ],
			"faces": {
				"down": { "uv": [ 1.5, 3, 2, 4 ], "texture": "#sjwq_atlas" },
				"up": { "uv": [ 2, 2.5, 2.5, 1.5 ], "texture": "#sjwq_atlas" },
				"north": { "uv": [ 16, 7.25, 15.5, 7.5 ], "texture": "#sjwq_atlas" },
				"south": { "uv": [ 8.5, 7, 9, 7.25 ], "texture": "#sjwq_atlas" },
				"west": { "uv": [ 9.25, 9.5, 10.25, 9.75 ], "texture": "#sjwq_atlas" },
				"east": { "uv": [ 11.25, 9.5, 10.25, 9.75 ], "texture": "#sjwq_atlas" }
			}
		},
		{
			"__comment": "Voxels",
			"from": [ 7.5294, 8.4706, 15.0588 ],
			"to": [ 8.470576, 8.941189, 17.88233 ],
			"faces": {
				"down": { "uv": [ 1.5, 6.5, 2, 8 ], "texture": "#sjwq_atlas" },
				"up": { "uv": [ 0, 3.5, 0.5, 2 ], "texture": "#sjwq_atlas" },
				"north": { "uv": [ 9.25, 6.75, 8.75, 7 ], "texture": "#sjwq_atlas" },
				"south": { "uv": [ 10.25, 6.75, 10.75, 7 ], "texture": "#sjwq_atlas" },
				"west": { "uv": [ 8, 11.5, 9.5, 11.75 ], "texture": "#sjwq_atlas" },
				"east": { "uv": [ 11, 11.5, 9.5, 11.75 ], "texture": "#sjwq_atlas" }
			}
		},
		{
			"__comment": "Voxels",
			"from": [ 7.5294, 8.4706, 18.8235 ],
			"to": [ 8.941165, 8.941189, 19.29409 ],
			"faces": {
				"down": { "uv": [ 7.25, 3, 8, 3.25 ], "texture": "#sjwq_atlas" },
				"up": { "uv": [ 9.5, 8, 10.25, 7.75 ], "texture": "#sjwq_atlas" },
				"north": { "uv": [ 8, 6.5, 7.25, 6.75 ], "texture": "#sjwq_atlas" },
				"south": { "uv": [ 11.75, 7.75, 12.5, 8 ], "texture": "#sjwq_atlas" },
				"west": { "uv": [ 12.25, 4.75, 12.5, 5 ], "texture": "#sjwq_atlas" },
				"east": { "uv": [ 12.75, 4.75, 12.5, 5 ], "texture": "#sjwq_atlas" }
			}
		},
		{
			"__comment": "Voxels",
			"from": [ 7.5294, 8.4706, 19.2941 ],
			"to": [ 8.470576, 9.411777, 19.76469 ],
			"faces": {
				"down": { "uv": [ 14.25, 6, 14.75, 6.25 ], "texture": "#sjwq_atlas" },
				"up": { "uv": [ 14.75, 5.5, 15.25, 5.25 ], "texture": "#sjwq_atlas" },
				"north": { "uv": [ 6.25, 4.75, 5.75, 5.25 ], "texture": "#sjwq_atlas" },
				"south": { "uv": [ 5.75, 4.25, 6.25, 4.75 ], "texture": "#sjwq_atlas" },
				"west": { "uv": [ 4.5, 6.5, 4.75, 7 ], "texture": "#sjwq_atlas" },
				"east": { "uv": [ 4.75, 4.5, 4.5, 5 ], "texture": "#sjwq_atlas" }
			}
		},
		{
			"__comment": "Voxels",
			"from": [ 7.5294, 8.4706, 20.2353 ],
			"to": [ 8.941165, 8.941189, 20.70589 ],
			"faces": {
				"down": { "uv": [ 15.25, 9.5, 16, 9.75 ], "texture": "#sjwq_atlas" },
				"up": { "uv": [ 10, 8.25, 10.75, 8 ], "texture": "#sjwq_atlas" },
				"north": { "uv": [ 8, 2, 7.25, 2.25 ], "texture": "#sjwq_atlas" },
				"south": { "uv": [ 7.25, 4.75, 8, 5 ], "texture": "#sjwq_atlas" },
				"west": { "uv": [ 13.25, 4.75, 13.5, 5 ], "texture": "#sjwq_atlas" },
				"east": { "uv": [ 13.75, 4.75, 13.5, 5 ], "texture": "#sjwq_atlas" }
			}
		},
		{
			"__comment": "Voxels",
			"from": [ 7.5294, 8.4706, 20.7059 ],
			"to": [ 8.470576, 9.411777, 21.17649 ],
			"faces": {
				"down": { "uv": [ 10.5, 7.25, 11, 7.5 ], "texture": "#sjwq_atlas" },
				"up": { "uv": [ 11, 7.5, 11.5, 7.25 ], "texture": "#sjwq_atlas" },
				"north": { "uv": [ 6.25, 3.75, 5.75, 4.25 ], "texture": "#sjwq_atlas" },
				"south": { "uv": [ 5.75, 3.25, 6.25, 3.75 ], "texture": "#sjwq_atlas" },
				"west": { "uv": [ 15.75, 8.75, 16, 9.25 ], "texture": "#sjwq_atlas" },
				"east": { "uv": [ 8.75, 6, 8.5, 6.5 ], "texture": "#sjwq_atlas" }
			}
		},
		{
			"__comment": "Voxels",
			"from": [ 7.5294, 8.4706, 21.1765 ],
			"to": [ 8.470576, 8.941189, 21.64709 ],
			"faces": {
				"down": { "uv": [ 10.75, 6.75, 11.25, 7 ], "texture": "#sjwq_atlas" },
				"up": { "uv": [ 14.25, 7, 14.75, 6.75 ], "texture": "#sjwq_atlas" },
				"north": { "uv": [ 14.25, 6, 13.75, 6.25 ], "texture": "#sjwq_atlas" },
				"south": { "uv": [ 3, 3.5, 3.5, 3.75 ], "texture": "#sjwq_atlas" },
				"west": { "uv": [ 14.25, 4.75, 14.5, 5 ], "texture": "#sjwq_atlas" },
				"east": { "uv": [ 14.75, 4.75, 14.5, 5 ], "texture": "#sjwq_atlas" }
			}
		},
		{
			"__comment": "Voxels",
			"from": [ 7.5294, 8.941199, -6.5882 ],
			"to": [ 8.470576, 9.411788, -6.117611 ],
			"faces": {
				"down": { "uv": [ 10, 7.25, 10.5, 7.5 ], "texture": "#sjwq_atlas" },
				"up": { "uv": [ 3.5, 0.25, 4, 0 ], "texture": "#sjwq_atlas" },
				"north": { "uv": [ 10, 7.25, 9.5, 7.5 ], "texture": "#sjwq_atlas" },
				"south": { "uv": [ 6.75, 1, 7.25, 1.25 ], "texture": "#sjwq_atlas" },
				"west": { "uv": [ 15, 4.75, 15.25, 5 ], "texture": "#sjwq_atlas" },
				"east": { "uv": [ 15.5, 4.75, 15.25, 5 ], "texture": "#sjwq_atlas" }
			}
		},
		{
			"__comment": "Voxels",
			"from": [ 7.5294, 8.941199, 0 ],
			"to": [ 8.470576, 9.411788, 1.411765 ],
			"faces": {
				"down": { "uv": [ 3.5, 4, 4, 4.75 ], "texture": "#sjwq_atlas" },
				"up": { "uv": [ 3.5, 5.5, 4, 4.75 ], "texture": "#sjwq_atlas" },
				"north": { "uv": [ 9.25, 6.5, 8.75, 6.75 ], "texture": "#sjwq_atlas" },
				"south": { "uv": [ 8.75, 6.25, 9.25, 6.5 ], "texture": "#sjwq_atlas" },
				"west": { "uv": [ 14, 7.75, 14.75, 8 ], "texture": "#sjwq_atlas" },
				"east": { "uv": [ 15.5, 7.75, 14.75, 8 ], "texture": "#sjwq_atlas" }
			}
		},
		{
			"__comment": "Voxels",
			"from": [ 7.5294, 8.941199, 1.8824 ],
			"to": [ 8.470576, 9.411788, 2.823576 ],
			"faces": {
				"down": { "uv": [ 5.75, 2.75, 6.25, 3.25 ], "texture": "#sjwq_atlas" },
				"up": { "uv": [ 5.75, 2.75, 6.25, 2.25 ], "texture": "#sjwq_atlas" },
				"north": { "uv": [ 9.25, 5, 8.75, 5.25 ], "texture": "#sjwq_atlas" },
				"south": { "uv": [ 8.75, 4.75, 9.25, 5 ], "texture": "#sjwq_atlas" },
				"west": { "uv": [ 8.75, 4.5, 9.25, 4.75 ], "texture": "#sjwq_atlas" },
				"east": { "uv": [ 9.25, 4.25, 8.75, 4.5 ], "texture": "#sjwq_atlas" }
			}
		},
		{
			"__comment": "Voxels",
			"from": [ 7.5294, 8.941199, 17.8824 ],
			"to": [ 8.470576, 9.411788, 19.29416 ],
			"faces": {
				"down": { "uv": [ 3.5, 5.5, 4, 6.25 ], "texture": "#sjwq_atlas" },
				"up": { "uv": [ 3.5, 8.5, 4, 7.75 ], "texture": "#sjwq_atlas" },
				"north": { "uv": [ 9.25, 4, 8.75, 4.25 ], "texture": "#sjwq_atlas" },
				"south": { "uv": [ 8.75, 3.75, 9.25, 4 ], "texture": "#sjwq_atlas" },
				"west": { "uv": [ 8, 7.5, 8.75, 7.75 ], "texture": "#sjwq_atlas" },
				"east": { "uv": [ 9.5, 7.5, 8.75, 7.75 ], "texture": "#sjwq_atlas" }
			}
		},
		{
			"__comment": "Voxels",
			"from": [ 7.5294, 8.941199, 19.7647 ],
			"to": [ 8.470576, 9.411788, 20.70588 ],
			"faces": {
				"down": { "uv": [ 5.75, 0.75, 6.25, 1.25 ], "texture": "#sjwq_atlas" },
				"up": { "uv": [ 5.75, 0.75, 6.25, 0.25 ], "texture": "#sjwq_atlas" },
				"north": { "uv": [ 9.25, 3.25, 8.75, 3.5 ], "texture": "#sjwq_atlas" },
				"south": { "uv": [ 8.75, 3, 9.25, 3.25 ], "texture": "#sjwq_atlas" },
				"west": { "uv": [ 8.75, 2.75, 9.25, 3 ], "texture": "#sjwq_atlas" },
				"east": { "uv": [ 9.25, 2.5, 8.75, 2.75 ], "texture": "#sjwq_atlas" }
			}
		},
		{
			"__comment": "Voxels",
			"from": [ 7.5294, 9.411799, -6.1176 ],
			"to": [ 8.470576, 9.882388, -5.647012 ],
			"faces": {
				"down": { "uv": [ 8.75, 2.25, 9.25, 2.5 ], "texture": "#sjwq_atlas" },
				"up": { "uv": [ 8.75, 2.25, 9.25, 2 ], "texture": "#sjwq_atlas" },
				"north": { "uv": [ 9.25, 1.75, 8.75, 2 ], "texture": "#sjwq_atlas" },
				"south": { "uv": [ 8.75, 1.5, 9.25, 1.75 ], "texture": "#sjwq_atlas" },
				"west": { "uv": [ 15.5, 4.5, 15.75, 4.75 ], "texture": "#sjwq_atlas" },
				"east": { "uv": [ 16, 4.5, 15.75, 4.75 ], "texture": "#sjwq_atlas" }
			}
		},
		{
			"__comment": "Voxels",
			"from": [ 7.5294, 9.411799, -3.7647 ],
			"to": [ 8.470576, 9.882388, -3.294112 ],
			"faces": {
				"down": { "uv": [ 8.75, 1.25, 9.25, 1.5 ], "texture": "#sjwq_atlas" },
				"up": { "uv": [ 8.75, 1.25, 9.25, 1 ], "texture": "#sjwq_atlas" },
				"north": { "uv": [ 9.25, 0.75, 8.75, 1 ], "texture": "#sjwq_atlas" },
				"south": { "uv": [ 8.75, 0.5, 9.25, 0.75 ], "texture": "#sjwq_atlas" },
				"west": { "uv": [ 11.25, 2.25, 11.5, 2.5 ], "texture": "#sjwq_atlas" },
				"east": { "uv": [ 11.5, 2, 11.25, 2.25 ], "texture": "#sjwq_atlas" }
			}
		},
		{
			"__comment": "Voxels",
			"from": [ 7.5294, 9.411799, -0.4706 ],
			"to": [ 8.470576, 9.882388, -0.000011742 ],
			"faces": {
				"down": { "uv": [ 8.75, 0.25, 9.25, 0.5 ], "texture": "#sjwq_atlas" },
				"up": { "uv": [ 8.75, 0.25, 9.25, 0 ], "texture": "#sjwq_atlas" },
				"north": { "uv": [ 9.75, 6.5, 9.25, 6.75 ], "texture": "#sjwq_atlas" },
				"south": { "uv": [ 9.75, 6.5, 10.25, 6.75 ], "texture": "#sjwq_atlas" },
				"west": { "uv": [ 11.25, 0.25, 11.5, 0.5 ], "texture": "#sjwq_atlas" },
				"east": { "uv": [ 11.5, 0, 11.25, 0.25 ], "texture": "#sjwq_atlas" }
			}
		},
		{
			"__comment": "Voxels",
			"from": [ 7.5294, 9.411799, 1.4118 ],
			"to": [ 8.470576, 9.882388, 1.882388 ],
			"faces": {
				"down": { "uv": [ 10.25, 6.5, 10.75, 6.75 ], "texture": "#sjwq_atlas" },
				"up": { "uv": [ 10.75, 6.75, 11.25, 6.5 ], "texture": "#sjwq_atlas" },
				"north": { "uv": [ 11.75, 6.5, 11.25, 6.75 ], "texture": "#sjwq_atlas" },
				"south": { "uv": [ 11.75, 6.5, 12.25, 6.75 ], "texture": "#sjwq_atlas" },
				"west": { "uv": [ 13, 4.25, 13.25, 4.5 ], "texture": "#sjwq_atlas" },
				"east": { "uv": [ 13.5, 4.25, 13.25, 4.5 ], "texture": "#sjwq_atlas" }
			}
		},
		{
			"__comment": "Voxels",
			"from": [ 7.5294, 9.8824, -4.7059 ],
			"to": [ 8.470576, 10.35299, -3.764723 ],
			"faces": {
				"down": { "uv": [ 6.25, 8, 6.75, 8.5 ], "texture": "#sjwq_atlas" },
				"up": { "uv": [ 6.25, 8, 6.75, 7.5 ], "texture": "#sjwq_atlas" },
				"north": { "uv": [ 13.75, 6.5, 13.25, 6.75 ], "texture": "#sjwq_atlas" },
				"south": { "uv": [ 13.75, 6.5, 14.25, 6.75 ], "texture": "#sjwq_atlas" },
				"west": { "uv": [ 14.25, 6.5, 14.75, 6.75 ], "texture": "#sjwq_atlas" },
				"east": { "uv": [ 15.25, 6.5, 14.75, 6.75 ], "texture": "#sjwq_atlas" }
			}
		},
		{
			"__comment": "Voxels",
			"from": [ 7.5294, 10.3529, -2.8235 ],
			"to": [ 8.470576, 10.82349, -2.352912 ],
			"faces": {
				"down": { "uv": [ 15.25, 6.5, 15.75, 6.75 ], "texture": "#sjwq_atlas" },
				"up": { "uv": [ 9.25, 6.5, 9.75, 6.25 ], "texture": "#sjwq_atlas" },
				"north": { "uv": [ 10.25, 6.25, 9.75, 6.5 ], "texture": "#sjwq_atlas" },
				"south": { "uv": [ 10.25, 6.25, 10.75, 6.5 ], "texture": "#sjwq_atlas" },
				"west": { "uv": [ 11.5, 2.75, 11.75, 3 ], "texture": "#sjwq_atlas" },
				"east": { "uv": [ 11.75, 2.5, 11.5, 2.75 ], "texture": "#sjwq_atlas" }
			}
		},
		{
			"__comment": "Voxels",
			"from": [ 7.5294, 10.3529, -1.8824 ],
			"to": [ 8.470576, 10.82349, -1.411812 ],
			"faces": {
				"down": { "uv": [ 10.75, 6.25, 11.25, 6.5 ], "texture": "#sjwq_atlas" },
				"up": { "uv": [ 11.25, 6.5, 11.75, 6.25 ], "texture": "#sjwq_atlas" },
				"north": { "uv": [ 12.25, 6.25, 11.75, 6.5 ], "texture": "#sjwq_atlas" },
				"south": { "uv": [ 12.25, 6.25, 12.75, 6.5 ], "texture": "#sjwq_atlas" },
				"west": { "uv": [ 11.5, 1.25, 11.75, 1.5 ], "texture": "#sjwq_atlas" },
				"east": { "uv": [ 12.25, 4, 12, 4.25 ], "texture": "#sjwq_atlas" }
			}
		},
		{
			"__comment": "Voxels",
			"from": [ 7.5294, 10.3529, -0.9412 ],
			"to": [ 8.470576, 10.82349, -0.4706117 ],
			"faces": {
				"down": { "uv": [ 12.75, 6.25, 13.25, 6.5 ], "texture": "#sjwq_atlas" },
				"up": { "uv": [ 13.25, 6.5, 13.75, 6.25 ], "texture": "#sjwq_atlas" },
				"north": { "uv": [ 14.25, 6.25, 13.75, 6.5 ], "texture": "#sjwq_atlas" },
				"south": { "uv": [ 14.25, 6.25, 14.75, 6.5 ], "texture": "#sjwq_atlas" },
				"west": { "uv": [ 14.25, 4, 14.5, 4.25 ], "texture": "#sjwq_atlas" },
				"east": { "uv": [ 14.75, 4, 14.5, 4.25 ], "texture": "#sjwq_atlas" }
			}
		},
		{
			"__comment": "Voxels",
			"from": [ 7.5294, 10.8235, -3.2941 ],
			"to": [ 8.470576, 11.29409, -2.823512 ],
			"faces": {
				"down": { "uv": [ 14.75, 6.25, 15.25, 6.5 ], "texture": "#sjwq_atlas" },
				"up": { "uv": [ 15.25, 6.5, 15.75, 6.25 ], "texture": "#sjwq_atlas" },
				"north": { "uv": [ 9.75, 6, 9.25, 6.25 ], "texture": "#sjwq_atlas" },
				"south": { "uv": [ 9.25, 5.75, 9.75, 6 ], "texture": "#sjwq_atlas" },
				"west": { "uv": [ 12, 1.25, 12.25, 1.5 ], "texture": "#sjwq_atlas" },
				"east": { "uv": [ 12.25, 1, 12, 1.25 ], "texture": "#sjwq_atlas" }
			}
		},
		{
			"__comment": "Voxels",
			"from": [ 7.5294, 10.8235, -2.3529 ],
			"to": [ 8.470576, 11.29409, -1.882312 ],
			"faces": {
				"down": { "uv": [ 9.25, 5.5, 9.75, 5.75 ], "texture": "#sjwq_atlas" },
				"up": { "uv": [ 9.25, 5.5, 9.75, 5.25 ], "texture": "#sjwq_atlas" },
				"north": { "uv": [ 9.75, 5, 9.25, 5.25 ], "texture": "#sjwq_atlas" },
				"south": { "uv": [ 9.25, 4.75, 9.75, 5 ], "texture": "#sjwq_atlas" },
				"west": { "uv": [ 15.75, 9.75, 16, 10 ], "texture": "#sjwq_atlas" },
				"east": { "uv": [ 16, 9.25, 15.75, 9.5 ], "texture": "#sjwq_atlas" }
			}
		},
		{
			"__comment": "Voxels",
			"from": [ 7.5294, 10.8235, -1.4118 ],
			"to": [ 8.470576, 11.29409, -0.9412117 ],
			"faces": {
				"down": { "uv": [ 9.25, 4.5, 9.75, 4.75 ], "texture": "#sjwq_atlas" },
				"up": { "uv": [ 9.25, 4.5, 9.75, 4.25 ], "texture": "#sjwq_atlas" },
				"north": { "uv": [ 9.75, 4, 9.25, 4.25 ], "texture": "#sjwq_atlas" },
				"south": { "uv": [ 9.25, 3.75, 9.75, 4 ], "texture": "#sjwq_atlas" },
				"west": { "uv": [ 15.75, 6.25, 16, 6.5 ], "texture": "#sjwq_atlas" },
				"east": { "uv": [ 16, 6, 15.75, 6.25 ], "texture": "#sjwq_atlas" }
			}
		},
		{
			"__comment": "Voxels",
			"from": [ 8.4706, 6.1176, -2.8235 ],
			"to": [ 9.411777, 6.588188, -0.941147 ],
			"faces": {
				"down": { "uv": [ 2, 12.5, 2.5, 13.5 ], "texture": "#sjwq_atlas" },
				"up": { "uv": [ 1.5, 1, 2, 0 ], "texture": "#sjwq_atlas" },
				"north": { "uv": [ 9.75, 3.5, 9.25, 3.75 ], "texture": "#sjwq_atlas" },
				"south": { "uv": [ 9.25, 3.25, 9.75, 3.5 ], "texture": "#sjwq_atlas" },
				"west": { "uv": [ 11.25, 9.5, 12.25, 9.75 ], "texture": "#sjwq_atlas" },
				"east": { "uv": [ 13.25, 9.5, 12.25, 9.75 ], "texture": "#sjwq_atlas" }
			}
		},
		{
			"__comment": "Voxels",
			"from": [ 8.4706, 6.5882, -5.1765 ],
			"to": [ 9.411777, 7.058788, -4.235323 ],
			"faces": {
				"down": { "uv": [ 6.25, 7, 6.75, 7.5 ], "texture": "#sjwq_atlas" },
				"up": { "uv": [ 6.25, 7, 6.75, 6.5 ], "texture": "#sjwq_atlas" },
				"north": { "uv": [ 9.75, 2.5, 9.25, 2.75 ], "texture": "#sjwq_atlas" },
				"south": { "uv": [ 9.25, 2.25, 9.75, 2.5 ], "texture": "#sjwq_atlas" },
				"west": { "uv": [ 9.25, 2, 9.75, 2.25 ], "texture": "#sjwq_atlas" },
				"east": { "uv": [ 9.75, 1.75, 9.25, 2 ], "texture": "#sjwq_atlas" }
			}
		},
		{
			"__comment": "Voxels",
			"from": [ 8.4706, 6.5882, -3.2941 ],
			"to": [ 10.35295, 7.529376, -2.823512 ],
			"faces": {
				"down": { "uv": [ 13.25, 9.5, 14.25, 9.75 ], "texture": "#sjwq_atlas" },
				"up": { "uv": [ 14.25, 9.75, 15.25, 9.5 ], "texture": "#sjwq_atlas" },
				"north": { "uv": [ 16, 15.5, 15, 16 ], "texture": "#sjwq_atlas" },
				"south": { "uv": [ 12.5, 12.5, 13.5, 13 ], "texture": "#sjwq_atlas" },
				"west": { "uv": [ 8.5, 1.5, 8.75, 2 ], "texture": "#sjwq_atlas" },
				"east": { "uv": [ 8.75, 1, 8.5, 1.5 ], "texture": "#sjwq_atlas" }
			}
		},
		{
			"__comment": "Voxels",
			"from": [ 8.4706, 7.0588, -6.1176 ],
			"to": [ 9.411777, 7.529388, -5.647012 ],
			"faces": {
				"down": { "uv": [ 9.25, 1.25, 9.75, 1.5 ], "texture": "#sjwq_atlas" },
				"up": { "uv": [ 9.25, 1.25, 9.75, 1 ], "texture": "#sjwq_atlas" },
				"north": { "uv": [ 9.75, 0.75, 9.25, 1 ], "texture": "#sjwq_atlas" },
				"south": { "uv": [ 9.25, 0.5, 9.75, 0.75 ], "texture": "#sjwq_atlas" },
				"west": { "uv": [ 10.75, 2.25, 11, 2.5 ], "texture": "#sjwq_atlas" },
				"east": { "uv": [ 11, 2, 10.75, 2.25 ], "texture": "#sjwq_atlas" }
			}
		},
		{
			"__comment": "Voxels",
			"from": [ 8.4706, 7.0588, -4.2353 ],
			"to": [ 9.411777, 7.529388, -3.764712 ],
			"faces": {
				"down": { "uv": [ 9.25, 0.25, 9.75, 0.5 ], "texture": "#sjwq_atlas" },
				"up": { "uv": [ 9.25, 0.25, 9.75, 0 ], "texture": "#sjwq_atlas" },
				"north": { "uv": [ 10.25, 6, 9.75, 6.25 ], "texture": "#sjwq_atlas" },
				"south": { "uv": [ 10.25, 6, 10.75, 6.25 ], "texture": "#sjwq_atlas" },
				"west": { "uv": [ 10.75, 0.75, 11, 1 ], "texture": "#sjwq_atlas" },
				"east": { "uv": [ 11, 0.5, 10.75, 0.75 ], "texture": "#sjwq_atlas" }
			}
		},
		{
			"__comment": "Voxels",
			"from": [ 8.4706, 7.5294, -6.5882 ],
			"to": [ 9.411777, 8.470576, -6.117611 ],
			"faces": {
				"down": { "uv": [ 10.75, 6, 11.25, 6.25 ], "texture": "#sjwq_atlas" },
				"up": { "uv": [ 11.25, 6.25, 11.75, 6 ], "texture": "#sjwq_atlas" },
				"north": { "uv": [ 6.75, 5, 6.25, 5.5 ], "texture": "#sjwq_atlas" },
				"south": { "uv": [ 6.25, 4.5, 6.75, 5 ], "texture": "#sjwq_atlas" },
				"west": { "uv": [ 8.5, 0.5, 8.75, 1 ], "texture": "#sjwq_atlas" },
				"east": { "uv": [ 8.75, 0, 8.5, 0.5 ], "texture": "#sjwq_atlas" }
			}
		},
		{
			"__comment": "Voxels",
			"from": [ 8.4706, 7.5294, -3.7647 ],
			"to": [ 9.882365, 8.470576, -3.294112 ],
			"faces": {
				"down": { "uv": [ 9.5, 7.5, 10.25, 7.75 ], "texture": "#sjwq_atlas" },
				"up": { "uv": [ 10.25, 7.75, 11, 7.5 ], "texture": "#sjwq_atlas" },
				"north": { "uv": [ 4.75, 10.5, 4, 11 ], "texture": "#sjwq_atlas" },
				"south": { "uv": [ 4, 11, 4.75, 11.5 ], "texture": "#sjwq_atlas" },
				"west": { "uv": [ 9.75, 5.5, 10, 6 ], "texture": "#sjwq_atlas" },
				"east": { "uv": [ 10, 5, 9.75, 5.5 ], "texture": "#sjwq_atlas" }
			}
		},
		{
			"__comment": "Voxels",
			"from": [ 8.4706, 7.5294, -0.9412 ],
			"to": [ 10.82354, 8.470576, -0.4706117 ],
			"faces": {
				"down": { "uv": [ 14, 11.25, 15.25, 11.5 ], "texture": "#sjwq_atlas" },
				"up": { "uv": [ 4.75, 11.25, 6, 11 ], "texture": "#sjwq_atlas" },
				"north": { "uv": [ 4.5, 13.5, 3.25, 14 ], "texture": "#sjwq_atlas" },
				"south": { "uv": [ 2, 13.5, 3.25, 14 ], "texture": "#sjwq_atlas" },
				"west": { "uv": [ 9.75, 4.5, 10, 5 ], "texture": "#sjwq_atlas" },
				"east": { "uv": [ 10, 4, 9.75, 4.5 ], "texture": "#sjwq_atlas" }
			}
		},
		{
			"__comment": "Voxels",
			"from": [ 8.4706, 7.5294, -0.4706 ],
			"to": [ 9.411777, 8.470576, 2.35293 ],
			"faces": {
				"down": { "uv": [ 0, 0.5, 0.5, 2 ], "texture": "#sjwq_atlas" },
				"up": { "uv": [ 0, 5, 0.5, 3.5 ], "texture": "#sjwq_atlas" },
				"north": { "uv": [ 6.75, 4, 6.25, 4.5 ], "texture": "#sjwq_atlas" },
				"south": { "uv": [ 6.25, 3.5, 6.75, 4 ], "texture": "#sjwq_atlas" },
				"west": { "uv": [ 3, 15, 4.5, 15.5 ], "texture": "#sjwq_atlas" },
				"east": { "uv": [ 15, 15.5, 13.5, 16 ], "texture": "#sjwq_atlas" }
			}
		},
		{
			"__comment": "Voxels",
			"from": [ 8.4706, 7.5294, 18.8235 ],
			"to": [ 8.941189, 8.470576, 19.29409 ],
			"faces": {
				"down": { "uv": [ 11, 4, 11.25, 4.25 ], "texture": "#sjwq_atlas" },
				"up": { "uv": [ 12, 1, 12.25, 0.75 ], "texture": "#sjwq_atlas" },
				"north": { "uv": [ 10, 2.5, 9.75, 3 ], "texture": "#sjwq_atlas" },
				"south": { "uv": [ 9.75, 2, 10, 2.5 ], "texture": "#sjwq_atlas" },
				"west": { "uv": [ 9.75, 1.5, 10, 2 ], "texture": "#sjwq_atlas" },
				"east": { "uv": [ 10, 1, 9.75, 1.5 ], "texture": "#sjwq_atlas" }
			}
		},
		{
			"__comment": "Voxels",
			"from": [ 8.4706, 7.5294, 20.2353 ],
			"to": [ 8.941189, 8.470576, 20.70589 ],
			"faces": {
				"down": { "uv": [ 11, 2.5, 11.25, 2.75 ], "texture": "#sjwq_atlas" },
				"up": { "uv": [ 11, 2.5, 11.25, 2.25 ], "texture": "#sjwq_atlas" },
				"north": { "uv": [ 10, 0.5, 9.75, 1 ], "texture": "#sjwq_atlas" },
				"south": { "uv": [ 9.75, 0, 10, 0.5 ], "texture": "#sjwq_atlas" },
				"west": { "uv": [ 10, 5.25, 10.25, 5.75 ], "texture": "#sjwq_atlas" },
				"east": { "uv": [ 10.25, 4.75, 10, 5.25 ], "texture": "#sjwq_atlas" }
			}
		},
		{
			"__comment": "Voxels",
			"from": [ 8.4706, 8.4706, -6.1176 ],
			"to": [ 9.411777, 8.941189, -5.647012 ],
			"faces": {
				"down": { "uv": [ 12.5, 5.75, 13, 6 ], "texture": "#sjwq_atlas" },
				"up": { "uv": [ 13, 6, 13.5, 5.75 ], "texture": "#sjwq_atlas" },
				"north": { "uv": [ 14, 5.75, 13.5, 6 ], "texture": "#sjwq_atlas" },
				"south": { "uv": [ 14, 5.75, 14.5, 6 ], "texture": "#sjwq_atlas" },
				"west": { "uv": [ 11, 0, 11.25, 0.25 ], "texture": "#sjwq_atlas" },
				"east": { "uv": [ 11.5, 4.5, 11.25, 4.75 ], "texture": "#sjwq_atlas" }
			}
		},
		{
			"__comment": "Voxels",
			"from": [ 8.4706, 8.4706, -4.2353 ],
			"to": [ 9.411777, 8.941189, -3.764712 ],
			"faces": {
				"down": { "uv": [ 14.5, 5.75, 15, 6 ], "texture": "#sjwq_atlas" },
				"up": { "uv": [ 15, 6, 15.5, 5.75 ], "texture": "#sjwq_atlas" },
				"north": { "uv": [ 16, 5.75, 15.5, 6 ], "texture": "#sjwq_atlas" },
				"south": { "uv": [ 10.25, 5.5, 10.75, 5.75 ], "texture": "#sjwq_atlas" },
				"west": { "uv": [ 12.5, 4.5, 12.75, 4.75 ], "texture": "#sjwq_atlas" },
				"east": { "uv": [ 13, 4.5, 12.75, 4.75 ], "texture": "#sjwq_atlas" }
			}
		},
		{
			"__comment": "Voxels",
			"from": [ 8.4706, 8.4706, -3.2941 ],
			"to": [ 10.82354, 8.941189, -2.823512 ],
			"faces": {
				"down": { "uv": [ 9, 11.25, 10.25, 11.5 ], "texture": "#sjwq_atlas" },
				"up": { "uv": [ 10.25, 11.5, 11.5, 11.25 ], "texture": "#sjwq_atlas" },
				"north": { "uv": [ 12.75, 11.25, 11.5, 11.5 ], "texture": "#sjwq_atlas" },
				"south": { "uv": [ 12.75, 11.25, 14, 11.5 ], "texture": "#sjwq_atlas" },
				"west": { "uv": [ 14, 4.5, 14.25, 4.75 ], "texture": "#sjwq_atlas" },
				"east": { "uv": [ 14.5, 4.5, 14.25, 4.75 ], "texture": "#sjwq_atlas" }
			}
		},
		{
			"__comment": "Voxels",
			"from": [ 8.4706, 8.941199, -5.1765 ],
			"to": [ 9.411777, 9.411788, -4.235323 ],
			"faces": {
				"down": { "uv": [ 6.25, 2, 6.75, 2.5 ], "texture": "#sjwq_atlas" },
				"up": { "uv": [ 6.25, 2, 6.75, 1.5 ], "texture": "#sjwq_atlas" },
				"north": { "uv": [ 12.25, 5.5, 11.75, 5.75 ], "texture": "#sjwq_atlas" },
				"south": { "uv": [ 12.25, 5.5, 12.75, 5.75 ], "texture": "#sjwq_atlas" },
				"west": { "uv": [ 12.75, 5.5, 13.25, 5.75 ], "texture": "#sjwq_atlas" },
				"east": { "uv": [ 13.75, 5.5, 13.25, 5.75 ], "texture": "#sjwq_atlas" }
			}
		},
		{
			"__comment": "Voxels",
			"from": [ 8.4706, 8.941199, -3.2941 ],
			"to": [ 10.35295, 9.411788, -2.823512 ],
			"faces": {
				"down": { "uv": [ 6.75, 9.25, 7.75, 9.5 ], "texture": "#sjwq_atlas" },
				"up": { "uv": [ 7.75, 9.5, 8.75, 9.25 ], "texture": "#sjwq_atlas" },
				"north": { "uv": [ 9.75, 9.25, 8.75, 9.5 ], "texture": "#sjwq_atlas" },
				"south": { "uv": [ 9.75, 9.25, 10.75, 9.5 ], "texture": "#sjwq_atlas" },
				"west": { "uv": [ 11.25, 3.25, 11.5, 3.5 ], "texture": "#sjwq_atlas" },
				"east": { "uv": [ 11.5, 3, 11.25, 3.25 ], "texture": "#sjwq_atlas" }
			}
		},
		{
			"__comment": "Voxels",
			"from": [ 8.4706, 9.411799, -2.8235 ],
			"to": [ 9.411777, 9.882388, -0.941147 ],
			"faces": {
				"down": { "uv": [ 2, 2.5, 2.5, 3.5 ], "texture": "#sjwq_atlas" },
				"up": { "uv": [ 2, 1.5, 2.5, 0.5 ], "texture": "#sjwq_atlas" },
				"north": { "uv": [ 15.25, 5.5, 14.75, 5.75 ], "texture": "#sjwq_atlas" },
				"south": { "uv": [ 15.25, 5.5, 15.75, 5.75 ], "texture": "#sjwq_atlas" },
				"west": { "uv": [ 10.75, 9.25, 11.75, 9.5 ], "texture": "#sjwq_atlas" },
				"east": { "uv": [ 12.75, 9.25, 11.75, 9.5 ], "texture": "#sjwq_atlas" }
			}
		},
		{
			"__comment": "Voxels",
			"from": [ 8.941199, 6.5882, -2.8235 ],
			"to": [ 9.882376, 7.058788, -0.941147 ],
			"faces": {
				"down": { "uv": [ 1.5, 1, 2, 2 ], "texture": "#sjwq_atlas" },
				"up": { "uv": [ 1.5, 3, 2, 2 ], "texture": "#sjwq_atlas" },
				"north": { "uv": [ 11.75, 5.25, 11.25, 5.5 ], "texture": "#sjwq_atlas" },
				"south": { "uv": [ 11.75, 5.25, 12.25, 5.5 ], "texture": "#sjwq_atlas" },
				"west": { "uv": [ 12.75, 9.25, 13.75, 9.5 ], "texture": "#sjwq_atlas" },
				"east": { "uv": [ 14.75, 9.25, 13.75, 9.5 ], "texture": "#sjwq_atlas" }
			}
		},
		{
			"__comment": "Voxels",
			"from": [ 8.941199, 7.0588, -5.6471 ],
			"to": [ 9.882376, 8.941153, -4.235335 ],
			"faces": {
				"down": { "uv": [ 3, 0, 3.5, 0.75 ], "texture": "#sjwq_atlas" },
				"up": { "uv": [ 3.5, 1, 4, 0.25 ], "texture": "#sjwq_atlas" },
				"north": { "uv": [ 2.5, 3.5, 2, 4.5 ], "texture": "#sjwq_atlas" },
				"south": { "uv": [ 2, 4.5, 2.5, 5.5 ], "texture": "#sjwq_atlas" },
				"west": { "uv": [ 1.5, 14, 2.25, 15 ], "texture": "#sjwq_atlas" },
				"east": { "uv": [ 3, 14, 2.25, 15 ], "texture": "#sjwq_atlas" }
			}
		},
		{
			"__comment": "Voxels",
			"from": [ 8.941199, 7.5294, -6.1176 ],
			"to": [ 9.882376, 8.470576, -5.647012 ],
			"faces": {
				"down": { "uv": [ 15.25, 5.25, 15.75, 5.5 ], "texture": "#sjwq_atlas" },
				"up": { "uv": [ 10.25, 5.25, 10.75, 5 ], "texture": "#sjwq_atlas" },
				"north": { "uv": [ 6.75, 1, 6.25, 1.5 ], "texture": "#sjwq_atlas" },
				"south": { "uv": [ 6.25, 0.5, 6.75, 1 ], "texture": "#sjwq_atlas" },
				"west": { "uv": [ 10, 1.75, 10.25, 2.25 ], "texture": "#sjwq_atlas" },
				"east": { "uv": [ 10.25, 1.25, 10, 1.75 ], "texture": "#sjwq_atlas" }
			}
		},
		{
			"__comment": "Voxels",
			"from": [ 8.941199, 7.5294, -4.2353 ],
			"to": [ 9.882376, 8.470576, -3.764712 ],
			"faces": {
				"down": { "uv": [ 10.25, 4.75, 10.75, 5 ], "texture": "#sjwq_atlas" },
				"up": { "uv": [ 10.25, 4.75, 10.75, 4.5 ], "texture": "#sjwq_atlas" },
				"north": { "uv": [ 6.75, 0, 6.25, 0.5 ], "texture": "#sjwq_atlas" },
				"south": { "uv": [ 6.75, 8.75, 7.25, 9.25 ], "texture": "#sjwq_atlas" },
				"west": { "uv": [ 10, 0.75, 10.25, 1.25 ], "texture": "#sjwq_atlas" },
				"east": { "uv": [ 10.25, 0.25, 10, 0.75 ], "texture": "#sjwq_atlas" }
			}
		},
		{
			"__comment": "Voxels",
			"from": [ 8.941199, 7.5294, -3.2941 ],
			"to": [ 11.29414, 8.470576, -2.823512 ],
			"faces": {
				"down": { "uv": [ 14.75, 10.75, 16, 11 ], "texture": "#sjwq_atlas" },
				"up": { "uv": [ 7.25, 11, 8.5, 10.75 ], "texture": "#sjwq_atlas" },
				"north": { "uv": [ 7, 13.5, 5.75, 14 ], "texture": "#sjwq_atlas" },
				"south": { "uv": [ 4.5, 13.5, 5.75, 14 ], "texture": "#sjwq_atlas" },
				"west": { "uv": [ 10.5, 3.5, 10.75, 4 ], "texture": "#sjwq_atlas" },
				"east": { "uv": [ 10.5, 3, 10.25, 3.5 ], "texture": "#sjwq_atlas" }
			}
		},
		{
			"__comment": "Voxels",
			"from": [ 8.941199, 8.941199, -2.8235 ],
			"to": [ 9.882376, 9.411788, -0.941147 ],
			"faces": {
				"down": { "uv": [ 2.5, 3.5, 3, 4.5 ], "texture": "#sjwq_atlas" },
				"up": { "uv": [ 2, 8.5, 2.5, 7.5 ], "texture": "#sjwq_atlas" },
				"north": { "uv": [ 10.75, 2.25, 10.25, 2.5 ], "texture": "#sjwq_atlas" },
				"south": { "uv": [ 10.25, 2, 10.75, 2.25 ], "texture": "#sjwq_atlas" },
				"west": { "uv": [ 8.25, 8.75, 9.25, 9 ], "texture": "#sjwq_atlas" },
				"east": { "uv": [ 10.25, 9, 9.25, 9.25 ], "texture": "#sjwq_atlas" }
			}
		},
		{
			"__comment": "Voxels",
			"from": [ 9.411799, 6.1176, -1.4118 ],
			"to": [ 9.882388, 6.588188, -0.9412117 ],
			"faces": {
				"down": { "uv": [ 11.5, 1, 11.75, 1.25 ], "texture": "#sjwq_atlas" },
				"up": { "uv": [ 11.5, 1, 11.75, 0.75 ], "texture": "#sjwq_atlas" },
				"north": { "uv": [ 11.75, 0.5, 11.5, 0.75 ], "texture": "#sjwq_atlas" },
				"south": { "uv": [ 11.5, 0.25, 11.75, 0.5 ], "texture": "#sjwq_atlas" },
				"west": { "uv": [ 11.5, 0, 11.75, 0.25 ], "texture": "#sjwq_atlas" },
				"east": { "uv": [ 12, 4, 11.75, 4.25 ], "texture": "#sjwq_atlas" }
			}
		},
		{
			"__comment": "Voxels",
			"from": [ 9.411799, 7.0588, -2.8235 ],
			"to": [ 10.35298, 7.529388, -0.941147 ],
			"faces": {
				"down": { "uv": [ 2, 8.5, 2.5, 9.5 ], "texture": "#sjwq_atlas" },
				"up": { "uv": [ 2, 10.5, 2.5, 9.5 ], "texture": "#sjwq_atlas" },
				"north": { "uv": [ 10.75, 0.75, 10.25, 1 ], "texture": "#sjwq_atlas" },
				"south": { "uv": [ 10.25, 0.5, 10.75, 0.75 ], "texture": "#sjwq_atlas" },
				"west": { "uv": [ 10.25, 8.75, 11.25, 9 ], "texture": "#sjwq_atlas" },
				"east": { "uv": [ 12.25, 9, 11.25, 9.25 ], "texture": "#sjwq_atlas" }
			}
		},
		{
			"__comment": "Voxels",
			"from": [ 9.411799, 8.4706, -2.8235 ],
			"to": [ 10.35298, 8.941189, -0.941147 ],
			"faces": {
				"down": { "uv": [ 2, 10.5, 2.5, 11.5 ], "texture": "#sjwq_atlas" },
				"up": { "uv": [ 2, 12.5, 2.5, 11.5 ], "texture": "#sjwq_atlas" },
				"north": { "uv": [ 10.75, 0.25, 10.25, 0.5 ], "texture": "#sjwq_atlas" },
				"south": { "uv": [ 10.25, 0, 10.75, 0.25 ], "texture": "#sjwq_atlas" },
				"west": { "uv": [ 13.25, 8.75, 14.25, 9 ], "texture": "#sjwq_atlas" },
				"east": { "uv": [ 15.25, 9, 14.25, 9.25 ], "texture": "#sjwq_atlas" }
			}
		},
		{
			"__comment": "Voxels",
			"from": [ 9.411799, 9.411799, -1.4118 ],
			"to": [ 9.882388, 9.882388, -0.9412117 ],
			"faces": {
				"down": { "uv": [ 15, 4, 15.25, 4.25 ], "texture": "#sjwq_atlas" },
				"up": { "uv": [ 15.25, 4.25, 15.5, 4 ], "texture": "#sjwq_atlas" },
				"north": { "uv": [ 15.75, 4, 15.5, 4.25 ], "texture": "#sjwq_atlas" },
				"south": { "uv": [ 15.75, 4, 16, 4.25 ], "texture": "#sjwq_atlas" },
				"west": { "uv": [ 11.75, 3.75, 12, 4 ], "texture": "#sjwq_atlas" },
				"east": { "uv": [ 12, 3.5, 11.75, 3.75 ], "texture": "#sjwq_atlas" }
			}
		},
		{
			"__comment": "Voxels",
			"from": [ 9.8824, 6.5882, -1.4118 ],
			"to": [ 10.35299, 7.058788, -0.9412117 ],
			"faces": {
				"down": { "uv": [ 11.75, 3.25, 12, 3.5 ], "texture": "#sjwq_atlas" },
				"up": { "uv": [ 11.75, 3.25, 12, 3 ], "texture": "#sjwq_atlas" },
				"north": { "uv": [ 12, 2.75, 11.75, 3 ], "texture": "#sjwq_atlas" },
				"south": { "uv": [ 11.75, 2.5, 12, 2.75 ], "texture": "#sjwq_atlas" },
				"west": { "uv": [ 11.75, 2.25, 12, 2.5 ], "texture": "#sjwq_atlas" },
				"east": { "uv": [ 12, 2, 11.75, 2.25 ], "texture": "#sjwq_atlas" }
			}
		},
		{
			"__comment": "Voxels",
			"from": [ 9.8824, 7.5294, -2.8235 ],
			"to": [ 10.82358, 8.470576, -0.941147 ],
			"faces": {
				"down": { "uv": [ 15, 14, 15.5, 15 ], "texture": "#sjwq_atlas" },
				"up": { "uv": [ 15.5, 15, 16, 14 ], "texture": "#sjwq_atlas" },
				"north": { "uv": [ 15.75, 8.75, 15.25, 9.25 ], "texture": "#sjwq_atlas" },
				"south": { "uv": [ 6.75, 8, 7.25, 8.5 ], "texture": "#sjwq_atlas" },
				"west": { "uv": [ 2.5, 8, 3.5, 8.5 ], "texture": "#sjwq_atlas" },
				"east": { "uv": [ 3.5, 12, 2.5, 12.5 ], "texture": "#sjwq_atlas" }
			}
		},
		{
			"__comment": "Voxels",
			"from": [ 9.8824, 8.941199, -1.4118 ],
			"to": [ 10.35299, 9.411788, -0.9412117 ],
			"faces": {
				"down": { "uv": [ 11.75, 0.25, 12, 0.5 ], "texture": "#sjwq_atlas" },
				"up": { "uv": [ 11.75, 0.25, 12, 0 ], "texture": "#sjwq_atlas" },
				"north": { "uv": [ 12.25, 3.75, 12, 4 ], "texture": "#sjwq_atlas" },
				"south": { "uv": [ 12.25, 3.75, 12.5, 4 ], "texture": "#sjwq_atlas" },
				"west": { "uv": [ 12.5, 3.75, 12.75, 4 ], "texture": "#sjwq_atlas" },
				"east": { "uv": [ 13, 3.75, 12.75, 4 ], "texture": "#sjwq_atlas" }
			}
		},
		{
			"__comment": "Voxels",
			"from": [ 10.3529, 7.0588, -3.2941 ],
			"to": [ 10.82349, 7.529388, -2.823512 ],
			"faces": {
				"down": { "uv": [ 13, 3.75, 13.25, 4 ], "texture": "#sjwq_atlas" },
				"up": { "uv": [ 13.25, 4, 13.5, 3.75 ], "texture": "#sjwq_atlas" },
				"north": { "uv": [ 13.75, 3.75, 13.5, 4 ], "texture": "#sjwq_atlas" },
				"south": { "uv": [ 13.75, 3.75, 14, 4 ], "texture": "#sjwq_atlas" },
				"west": { "uv": [ 14, 3.75, 14.25, 4 ], "texture": "#sjwq_atlas" },
				"east": { "uv": [ 14.5, 3.75, 14.25, 4 ], "texture": "#sjwq_atlas" }
			}
		},
		{
			"__comment": "Voxels",
			"from": [ 10.3529, 7.0588, -1.4118 ],
			"to": [ 10.82349, 7.529388, -0.9412117 ],
			"faces": {
				"down": { "uv": [ 14.5, 3.75, 14.75, 4 ], "texture": "#sjwq_atlas" },
				"up": { "uv": [ 14.75, 4, 15, 3.75 ], "texture": "#sjwq_atlas" },
				"north": { "uv": [ 15.25, 3.75, 15, 4 ], "texture": "#sjwq_atlas" },
				"south": { "uv": [ 15.25, 3.75, 15.5, 4 ], "texture": "#sjwq_atlas" },
				"west": { "uv": [ 15.5, 3.75, 15.75, 4 ], "texture": "#sjwq_atlas" },
				"east": { "uv": [ 16, 3.75, 15.75, 4 ], "texture": "#sjwq_atlas" }
			}
		},
		{
			"__comment": "Voxels",
			"from": [ 10.3529, 8.4706, -1.4118 ],
			"to": [ 10.82349, 8.941189, -0.9412117 ],
			"faces": {
				"down": { "uv": [ 12, 3.5, 12.25, 3.75 ], "texture": "#sjwq_atlas" },
				"up": { "uv": [ 12, 3.5, 12.25, 3.25 ], "texture": "#sjwq_atlas" },
				"north": { "uv": [ 12.25, 3, 12, 3.25 ], "texture": "#sjwq_atlas" },
				"south": { "uv": [ 12, 2.75, 12.25, 3 ], "texture": "#sjwq_atlas" },
				"west": { "uv": [ 12, 2.5, 12.25, 2.75 ], "texture": "#sjwq_atlas" },
				"east": { "uv": [ 12.25, 2.25, 12, 2.5 ], "texture": "#sjwq_atlas" }
			}
		},
		{
			"__comment": "Voxels",
			"from": [ 10.8235, 7.5294, -1.4118 ],
			"to": [ 11.29409, 8.470576, -0.9412117 ],
			"faces": {
				"down": { "uv": [ 12, 2, 12.25, 2.25 ], "texture": "#sjwq_atlas" },
				"up": { "uv": [ 12, 2, 12.25, 1.75 ], "texture": "#sjwq_atlas" },
				"north": { "uv": [ 10.75, 2.5, 10.5, 3 ], "texture": "#sjwq_atlas" },
				"south": { "uv": [ 10.75, 4.5, 11, 5 ], "texture": "#sjwq_atlas" },
				"west": { "uv": [ 10.75, 4, 11, 4.5 ], "texture": "#sjwq_atlas" },
				"east": { "uv": [ 4.75, 5, 4.5, 5.5 ], "texture": "#sjwq_atlas" }
			}
		}
	],
	"display": {
		"thirdperson_righthand": {
			"rotation":  [ 110, 0, 0 ],
			"translation":  [ 0, 0, 2 ]
		},
		"thirdperson_lefthand": {
			"rotation":  [ 110, 0, 0 ],
			"translation":  [ 0, 0, 2 ]
		}
	}
}