{
	"__comment": "Designed by Xiaoxiafeng with Cubik Studio - https://cubik.studio",
	"textures": {
		"texture": "trademodel/e_texture",
		"spade6_atlas": "trademodel/spade6_atlas"
	},
	"elements": [ 	 
		{
			"__comment": "Voxels",
			"from": [ 6.6667, 11.6667, 7.6667 ],
			"to": [ 7.6667, 12.00003, 8.333366 ],
			"faces": {
				"down": { "uv": [ 5.5, 14, 6.25, 14.5 ], "texture": "#spade6_atlas" },
				"up": { "uv": [ 5.5, 16, 6.25, 15.5 ], "texture": "#spade6_atlas" },
				"north": { "uv": [ 7.5, 13.25, 6.75, 13.5 ], "texture": "#spade6_atlas" },
				"south": { "uv": [ 6.75, 13, 7.5, 13.25 ], "texture": "#spade6_atlas" },
				"west": { "uv": [ 7.5, 13.25, 8, 13.5 ], "texture": "#spade6_atlas" },
				"east": { "uv": [ 8, 13, 7.5, 13.25 ], "texture": "#spade6_atlas" }
			}
		},
		{
			"__comment": "Voxels",
			"from": [ 7, 11.3333, 7.6667 ],
			"to": [ 9, 11.66663, 8.333366 ],
			"faces": {
				"down": { "uv": [ 2.5, 15, 4, 15.5 ], "texture": "#spade6_atlas" },
				"up": { "uv": [ 2.5, 15, 4, 14.5 ], "texture": "#spade6_atlas" },
				"north": { "uv": [ 7, 15.25, 5.5, 15.5 ], "texture": "#spade6_atlas" },
				"south": { "uv": [ 5.5, 15, 7, 15.25 ], "texture": "#spade6_atlas" },
				"west": { "uv": [ 5.25, 12.75, 5.75, 13 ], "texture": "#spade6_atlas" },
				"east": { "uv": [ 6.25, 12.75, 5.75, 13 ], "texture": "#spade6_atlas" }
			}
		},
		{
			"__comment": "Voxels",
			"from": [ 7, 12, 7.6667 ],
			"to": [ 9, 12.33333, 8.333366 ],
			"faces": {
				"down": { "uv": [ 2.5, 14, 4, 14.5 ], "texture": "#spade6_atlas" },
				"up": { "uv": [ 2.5, 16, 4, 15.5 ], "texture": "#spade6_atlas" },
				"north": { "uv": [ 7, 14.75, 5.5, 15 ], "texture": "#spade6_atlas" },
				"south": { "uv": [ 5.5, 14.5, 7, 14.75 ], "texture": "#spade6_atlas" },
				"west": { "uv": [ 6.25, 12.75, 6.75, 13 ], "texture": "#spade6_atlas" },
				"east": { "uv": [ 7.25, 12.75, 6.75, 13 ], "texture": "#spade6_atlas" }
			}
		},
		{
			"__comment": "Voxels",
			"from": [ 7.3333, -1, 7.6667 ],
			"to": [ 8.666633, -0.6666666, 8.333366 ],
			"faces": {
				"down": { "uv": [ 4.5, 15.5, 5.5, 16 ], "texture": "#spade6_atlas" },
				"up": { "uv": [ 4.5, 15.5, 5.5, 15 ], "texture": "#spade6_atlas" },
				"north": { "uv": [ 8, 15.25, 7, 15.5 ], "texture": "#spade6_atlas" },
				"south": { "uv": [ 7, 15, 8, 15.25 ], "texture": "#spade6_atlas" },
				"west": { "uv": [ 7.25, 12.75, 7.75, 13 ], "texture": "#spade6_atlas" },
				"east": { "uv": [ 2.75, 12.5, 2.25, 12.75 ], "texture": "#spade6_atlas" }
			}
		},
		{
			"__comment": "Voxels",
			"from": [ 7.3333, 11.3333, 7.3333 ],
			"to": [ 8.666633, 11.99997, 7.666633 ],
			"faces": {
				"down": { "uv": [ 7, 14.75, 8, 15 ], "texture": "#spade6_atlas" },
				"up": { "uv": [ 7, 14.75, 8, 14.5 ], "texture": "#spade6_atlas" },
				"north": { "uv": [ 5.5, 14.5, 4.5, 15 ], "texture": "#spade6_atlas" },
				"south": { "uv": [ 2.5, 13.5, 3.5, 14 ], "texture": "#spade6_atlas" },
				"west": { "uv": [ 7.75, 15.5, 8, 16 ], "texture": "#spade6_atlas" },
				"east": { "uv": [ 7, 13.5, 6.75, 14 ], "texture": "#spade6_atlas" }
			}
		},
		{
			"__comment": "Voxels",
			"from": [ 7.3333, 11.3333, 8.3333 ],
			"to": [ 8.666633, 11.99997, 8.666633 ],
			"faces": {
				"down": { "uv": [ 3.75, 13.25, 4.75, 13.5 ], "texture": "#spade6_atlas" },
				"up": { "uv": [ 3.75, 13.25, 4.75, 13 ], "texture": "#spade6_atlas" },
				"north": { "uv": [ 5.5, 14, 4.5, 14.5 ], "texture": "#spade6_atlas" },
				"south": { "uv": [ 4.5, 13.5, 5.5, 14 ], "texture": "#spade6_atlas" },
				"west": { "uv": [ 2, 7.5, 2.25, 8 ], "texture": "#spade6_atlas" },
				"east": { "uv": [ 3, 11, 2.75, 11.5 ], "texture": "#spade6_atlas" }
			}
		},
		{
			"__comment": "Voxels",
			"from": [ 7.3333, 13, 7.6667 ],
			"to": [ 7.666633, 16.66667, 8.333366 ],
			"faces": {
				"down": { "uv": [ 2.75, 11.5, 3, 12 ], "texture": "#spade6_atlas" },
				"up": { "uv": [ 2.25, 8, 2.5, 7.5 ], "texture": "#spade6_atlas" },
				"north": { "uv": [ 2.25, 10.75, 2, 13.5 ], "texture": "#spade6_atlas" },
				"south": { "uv": [ 2, 8, 2.25, 10.75 ], "texture": "#spade6_atlas" },
				"west": { "uv": [ 1.5, 13.25, 2, 16 ], "texture": "#spade6_atlas" },
				"east": { "uv": [ 2, 10.5, 1.5, 13.25 ], "texture": "#spade6_atlas" }
			}
		},
		{
			"__comment": "Voxels",
			"from": [ 7.6667, -1.3333, 7.6667 ],
			"to": [ 8.333366, -0.9999666, 8.333366 ],
			"faces": {
				"down": { "uv": [ 5.75, 13, 6.25, 13.5 ], "texture": "#spade6_atlas" },
				"up": { "uv": [ 6.25, 13.5, 6.75, 13 ], "texture": "#spade6_atlas" },
				"north": { "uv": [ 2.75, 8.25, 2.25, 8.5 ], "texture": "#spade6_atlas" },
				"south": { "uv": [ 2.25, 8.5, 2.75, 8.75 ], "texture": "#spade6_atlas" },
				"west": { "uv": [ 2.25, 9.75, 2.75, 10 ], "texture": "#spade6_atlas" },
				"east": { "uv": [ 2.75, 10.5, 2.25, 10.75 ], "texture": "#spade6_atlas" }
			}
		},
		{
			"__comment": "Voxels",
			"from": [ 7.6667, -1, 7.3333 ],
			"to": [ 8.333366, -0.6666666, 7.666633 ],
			"faces": {
				"down": { "uv": [ 2.25, 11, 2.75, 11.25 ], "texture": "#spade6_atlas" },
				"up": { "uv": [ 7.25, 12.75, 7.75, 12.5 ], "texture": "#spade6_atlas" },
				"north": { "uv": [ 4.75, 12.5, 4.25, 12.75 ], "texture": "#spade6_atlas" },
				"south": { "uv": [ 3.75, 12.5, 4.25, 12.75 ], "texture": "#spade6_atlas" },
				"west": { "uv": [ 2.75, 9.5, 3, 9.75 ], "texture": "#spade6_atlas" },
				"east": { "uv": [ 3, 9.75, 2.75, 10 ], "texture": "#spade6_atlas" }
			}
		},
		{
			"__comment": "Voxels",
			"from": [ 7.6667, -1, 8.3333 ],
			"to": [ 8.333366, -0.6666666, 8.666633 ],
			"faces": {
				"down": { "uv": [ 5.25, 12.5, 5.75, 12.75 ], "texture": "#spade6_atlas" },
				"up": { "uv": [ 4.75, 12.75, 5.25, 12.5 ], "texture": "#spade6_atlas" },
				"north": { "uv": [ 2.75, 10, 2.25, 10.25 ], "texture": "#spade6_atlas" },
				"south": { "uv": [ 2.25, 10.25, 2.75, 10.5 ], "texture": "#spade6_atlas" },
				"west": { "uv": [ 7.75, 12.5, 8, 12.75 ], "texture": "#spade6_atlas" },
				"east": { "uv": [ 8, 12.75, 7.75, 13 ], "texture": "#spade6_atlas" }
			}
		},
		{
			"__comment": "Voxels",
			"from": [ 7.6667, -0.6667, 7.6667 ],
			"to": [ 8.333366, -0.3333667, 8.333366 ],
			"faces": {
				"down": { "uv": [ 7.5, 13.5, 8, 14 ], "texture": "#spade6_atlas" },
				"up": { "uv": [ 2.25, 13.5, 2.75, 13 ], "texture": "#spade6_atlas" },
				"north": { "uv": [ 2.75, 11.25, 2.25, 11.5 ], "texture": "#spade6_atlas" },
				"south": { "uv": [ 2.25, 11.5, 2.75, 11.75 ], "texture": "#spade6_atlas" },
				"west": { "uv": [ 2.25, 9.5, 2.75, 9.75 ], "texture": "#spade6_atlas" },
				"east": { "uv": [ 2.75, 10.75, 2.25, 11 ], "texture": "#spade6_atlas" }
			}
		},
		{
			"__comment": "Voxels",
			"from": [ 7.6667, 11, 7.6667 ],
			"to": [ 8.333366, 11.33333, 8.333366 ],
			"faces": {
				"down": { "uv": [ 4.75, 13, 5.25, 13.5 ], "texture": "#spade6_atlas" },
				"up": { "uv": [ 5.25, 13.5, 5.75, 13 ], "texture": "#spade6_atlas" },
				"north": { "uv": [ 6.25, 12.5, 5.75, 12.75 ], "texture": "#spade6_atlas" },
				"south": { "uv": [ 2.25, 12.25, 2.75, 12.5 ], "texture": "#spade6_atlas" },
				"west": { "uv": [ 2.25, 12, 2.75, 12.25 ], "texture": "#spade6_atlas" },
				"east": { "uv": [ 2.75, 11.75, 2.25, 12 ], "texture": "#spade6_atlas" }
			}
		},
		{
			"__comment": "Voxels",
			"from": [ 7.6667, 12.3333, 7.6667 ],
			"to": [ 8.333366, 12.99997, 8.333366 ],
			"faces": {
				"down": { "uv": [ 3.25, 13, 3.75, 13.5 ], "texture": "#spade6_atlas" },
				"up": { "uv": [ 2.75, 13.5, 3.25, 13 ], "texture": "#spade6_atlas" },
				"north": { "uv": [ 7.5, 13.5, 7, 14 ], "texture": "#spade6_atlas" },
				"south": { "uv": [ 6.25, 13.5, 6.75, 14 ], "texture": "#spade6_atlas" },
				"west": { "uv": [ 7.5, 14, 8, 14.5 ], "texture": "#spade6_atlas" },
				"east": { "uv": [ 7.5, 14, 7, 14.5 ], "texture": "#spade6_atlas" }
			}
		},
		{
			"__comment": "Voxels",
			"from": [ 7.6667, 16.3333, 7.6667 ],
			"to": [ 8.6667, 16.66663, 8.333366 ],
			"faces": {
				"down": { "uv": [ 7, 15.5, 7.75, 16 ], "texture": "#spade6_atlas" },
				"up": { "uv": [ 6.25, 16, 7, 15.5 ], "texture": "#spade6_atlas" },
				"north": { "uv": [ 3, 12.75, 2.25, 13 ], "texture": "#spade6_atlas" },
				"south": { "uv": [ 4.5, 12.75, 5.25, 13 ], "texture": "#spade6_atlas" },
				"west": { "uv": [ 2.25, 9, 2.75, 9.25 ], "texture": "#spade6_atlas" },
				"east": { "uv": [ 2.75, 8.75, 2.25, 9 ], "texture": "#spade6_atlas" }
			}
		},
		{
			"__comment": "Voxels",
			"from": [ 7.6667, 16.6667, 7.6667 ],
			"to": [ 8.333366, 17.00003, 8.333366 ],
			"faces": {
				"down": { "uv": [ 3.5, 13.5, 4, 14 ], "texture": "#spade6_atlas" },
				"up": { "uv": [ 1.5, 8, 2, 7.5 ], "texture": "#spade6_atlas" },
				"north": { "uv": [ 2.75, 8, 2.25, 8.25 ], "texture": "#spade6_atlas" },
				"south": { "uv": [ 2.25, 9.25, 2.75, 9.5 ], "texture": "#spade6_atlas" },
				"west": { "uv": [ 2.75, 12.5, 3.25, 12.75 ], "texture": "#spade6_atlas" },
				"east": { "uv": [ 3.75, 12.5, 3.25, 12.75 ], "texture": "#spade6_atlas" }
			}
		},
		{
			"__comment": "Voxels",
			"from": [ 8, -0.3333, 7.6667 ],
			"to": [ 8.333333, 11.00003, 8.333366 ],
			"faces": {
				"down": { "uv": [ 2.5, 7.5, 2.75, 8 ], "texture": "#spade6_atlas" },
				"up": { "uv": [ 2.75, 12.5, 3, 12 ], "texture": "#spade6_atlas" },
				"north": { "uv": [ 1.5, 7.5, 1.25, 16 ], "texture": "#spade6_atlas" },
				"south": { "uv": [ 1, 7.5, 1.25, 16 ], "texture": "#spade6_atlas" },
				"west": { "uv": [ 0.5, 7.5, 1, 16 ], "texture": "#spade6_atlas" },
				"east": { "uv": [ 0.5, 7.5, 0, 16 ], "texture": "#spade6_atlas" }
			}
		},
		{
			"__comment": "Voxels",
			"from": [ 8.3333, 11.6667, 7.6667 ],
			"to": [ 9.3333, 12.00003, 8.333366 ],
			"faces": {
				"down": { "uv": [ 5.5, 13.5, 6.25, 14 ], "texture": "#spade6_atlas" },
				"up": { "uv": [ 6.25, 14.5, 7, 14 ], "texture": "#spade6_atlas" },
				"north": { "uv": [ 3.75, 12.75, 3, 13 ], "texture": "#spade6_atlas" },
				"south": { "uv": [ 3.75, 12.75, 4.5, 13 ], "texture": "#spade6_atlas" },
				"west": { "uv": [ 6.25, 12.5, 6.75, 12.75 ], "texture": "#spade6_atlas" },
				"east": { "uv": [ 7.25, 12.5, 6.75, 12.75 ], "texture": "#spade6_atlas" }
			}
		},
		{
			"__comment": "Voxels",
			"from": [ 8.3333, 13, 7.6667 ],
			"to": [ 8.666633, 16.33333, 8.333366 ],
			"faces": {
				"down": { "uv": [ 2.75, 10.5, 3, 11 ], "texture": "#spade6_atlas" },
				"up": { "uv": [ 2.75, 10.5, 3, 10 ], "texture": "#spade6_atlas" },
				"north": { "uv": [ 4.25, 13.5, 4, 16 ], "texture": "#spade6_atlas" },
				"south": { "uv": [ 4.25, 13.5, 4.5, 16 ], "texture": "#spade6_atlas" },
				"west": { "uv": [ 2, 13.5, 2.5, 16 ], "texture": "#spade6_atlas" },
				"east": { "uv": [ 2, 8, 1.5, 10.5 ], "texture": "#spade6_atlas" }
			}
		}
	],
	"display": {
		"thirdperson_righthand": {
			"rotation":  [ 10, 90, 0 ],
			"translation":  [ 0, 2, 2 ],
			"scale":  [ 1.5, 1.5, 1.5 ]
		},
		"thirdperson_lefthand": {
			"rotation":  [ 10, 90, 0 ],
			"translation":  [ 0, 2, 2 ],
			"scale":  [ 1.5, 1.5, 1.5 ]
		},
		"firstperson_righthand": {
			"rotation":  [ -80, 90, 0 ],
			"translation":  [ 0, 3.5, 0 ]
		},
		"firstperson_lefthand": {
			"rotation":  [ -80, 90, 0 ],
			"translation":  [ 0, 3.5, 0 ]
		},
		"gui": {
			"rotation":  [ 0, 0, -50 ]
		},
		"ground": {
			"translation":  [ 0, 10, 0 ]
		}
	}
}