{
	"__comment": "Designed by Xiaoxiafeng with Cubik Studio - https://cubik.studio",
	"textures": {
		"texture": "trademodel/e_texture",
		"spade9_atlas": "trademodel/spade9_atlas"
	},
	"elements": [ 	 
		{
			"__comment": "Voxels",
			"from": [ 6.3333, 12.6667, 7.6667 ],
			"to": [ 9.666634, 13.00003, 8.333366 ],
			"faces": {
				"down": { "uv": [ 5, 15.5, 7.5, 16 ], "texture": "#spade9_atlas" },
				"up": { "uv": [ 5, 15.5, 7.5, 15 ], "texture": "#spade9_atlas" },
				"north": { "uv": [ 5.5, 13.25, 3, 13.5 ], "texture": "#spade9_atlas" },
				"south": { "uv": [ 5.5, 13.25, 8, 13.5 ], "texture": "#spade9_atlas" },
				"west": { "uv": [ 4, 9, 4.5, 9.25 ], "texture": "#spade9_atlas" },
				"east": { "uv": [ 8, 12, 7.5, 12.25 ], "texture": "#spade9_atlas" }
			}
		},
		{
			"__comment": "Voxels",
			"from": [ 6.3333, 13, 7.6667 ],
			"to": [ 6.666633, 13.33333, 8.333366 ],
			"faces": {
				"down": { "uv": [ 1, 8.5, 1.25, 9 ], "texture": "#spade9_atlas" },
				"up": { "uv": [ 1.25, 9, 1.5, 8.5 ], "texture": "#spade9_atlas" },
				"north": { "uv": [ 1.25, 8.25, 1, 8.5 ], "texture": "#spade9_atlas" },
				"south": { "uv": [ 1.25, 8.25, 1.5, 8.5 ], "texture": "#spade9_atlas" },
				"west": { "uv": [ 7.5, 11.25, 8, 11.5 ], "texture": "#spade9_atlas" },
				"east": { "uv": [ 6, 9, 5.5, 9.25 ], "texture": "#spade9_atlas" }
			}
		},
		{
			"__comment": "Voxels",
			"from": [ 6.6667, 12.3333, 7.6667 ],
			"to": [ 9.333366, 12.66663, 8.333366 ],
			"faces": {
				"down": { "uv": [ 2, 14.5, 4, 15 ], "texture": "#spade9_atlas" },
				"up": { "uv": [ 4, 15, 6, 14.5 ], "texture": "#spade9_atlas" },
				"north": { "uv": [ 8, 13.5, 6, 13.75 ], "texture": "#spade9_atlas" },
				"south": { "uv": [ 6, 13.75, 8, 14 ], "texture": "#spade9_atlas" },
				"west": { "uv": [ 6, 9, 6.5, 9.25 ], "texture": "#spade9_atlas" },
				"east": { "uv": [ 8, 10.5, 7.5, 10.75 ], "texture": "#spade9_atlas" }
			}
		},
		{
			"__comment": "Voxels",
			"from": [ 7, 11.3333, 7.6667 ],
			"to": [ 9, 11.66663, 8.333366 ],
			"faces": {
				"down": { "uv": [ 6, 14, 7.5, 14.5 ], "texture": "#spade9_atlas" },
				"up": { "uv": [ 3, 14, 4.5, 13.5 ], "texture": "#spade9_atlas" },
				"north": { "uv": [ 6, 11.75, 4.5, 12 ], "texture": "#spade9_atlas" },
				"south": { "uv": [ 4.5, 12, 6, 12.25 ], "texture": "#spade9_atlas" },
				"west": { "uv": [ 7.5, 9.5, 8, 9.75 ], "texture": "#spade9_atlas" },
				"east": { "uv": [ 8, 10.25, 7.5, 10.5 ], "texture": "#spade9_atlas" }
			}
		},
		{
			"__comment": "Voxels",
			"from": [ 7, 12, 7.6667 ],
			"to": [ 9, 12.33333, 8.333366 ],
			"faces": {
				"down": { "uv": [ 4.5, 14, 6, 14.5 ], "texture": "#spade9_atlas" },
				"up": { "uv": [ 6, 15, 7.5, 14.5 ], "texture": "#spade9_atlas" },
				"north": { "uv": [ 7.5, 12, 6, 12.25 ], "texture": "#spade9_atlas" },
				"south": { "uv": [ 6, 11.75, 7.5, 12 ], "texture": "#spade9_atlas" },
				"west": { "uv": [ 7.5, 10, 8, 10.25 ], "texture": "#spade9_atlas" },
				"east": { "uv": [ 8, 9.75, 7.5, 10 ], "texture": "#spade9_atlas" }
			}
		},
		{
			"__comment": "Voxels",
			"from": [ 7, 14.3333, 7.6667 ],
			"to": [ 9, 15.66663, 8.333366 ],
			"faces": {
				"down": { "uv": [ 3, 14, 4.5, 14.5 ], "texture": "#spade9_atlas" },
				"up": { "uv": [ 4.5, 14, 6, 13.5 ], "texture": "#spade9_atlas" },
				"north": { "uv": [ 5, 15, 3.5, 16 ], "texture": "#spade9_atlas" },
				"south": { "uv": [ 2, 15, 3.5, 16 ], "texture": "#spade9_atlas" },
				"west": { "uv": [ 3.5, 11.25, 4, 12.25 ], "texture": "#spade9_atlas" },
				"east": { "uv": [ 3.5, 11.25, 3, 12.25 ], "texture": "#spade9_atlas" }
			}
		},
		{
			"__comment": "Voxels",
			"from": [ 7.3333, -0.6667, 7.6667 ],
			"to": [ 8.666633, 0.3333, 8.333366 ],
			"faces": {
				"down": { "uv": [ 3, 10.75, 4, 11.25 ], "texture": "#spade9_atlas" },
				"up": { "uv": [ 3, 10.75, 4, 10.25 ], "texture": "#spade9_atlas" },
				"north": { "uv": [ 3, 9.5, 2, 10.25 ], "texture": "#spade9_atlas" },
				"south": { "uv": [ 2, 10.25, 3, 11 ], "texture": "#spade9_atlas" },
				"west": { "uv": [ 4.5, 9.5, 5, 10.25 ], "texture": "#spade9_atlas" },
				"east": { "uv": [ 5.5, 9.5, 5, 10.25 ], "texture": "#spade9_atlas" }
			}
		},
		{
			"__comment": "Voxels",
			"from": [ 7.3333, 9.666699, 7.6667 ],
			"to": [ 8.666633, 10.33337, 8.333366 ],
			"faces": {
				"down": { "uv": [ 3, 9.25, 4, 9.75 ], "texture": "#spade9_atlas" },
				"up": { "uv": [ 4, 13.25, 5, 12.75 ], "texture": "#spade9_atlas" },
				"north": { "uv": [ 4, 12.75, 3, 13.25 ], "texture": "#spade9_atlas" },
				"south": { "uv": [ 5, 12.75, 6, 13.25 ], "texture": "#spade9_atlas" },
				"west": { "uv": [ 5.5, 9.25, 6, 9.75 ], "texture": "#spade9_atlas" },
				"east": { "uv": [ 6.5, 10.75, 6, 11.25 ], "texture": "#spade9_atlas" }
			}
		},
		{
			"__comment": "Voxels",
			"from": [ 7.3333, 11, 7.6667 ],
			"to": [ 8.666633, 11.33333, 8.333366 ],
			"faces": {
				"down": { "uv": [ 3, 9.75, 4, 10.25 ], "texture": "#spade9_atlas" },
				"up": { "uv": [ 7, 13.25, 8, 12.75 ], "texture": "#spade9_atlas" },
				"north": { "uv": [ 7.5, 11.25, 6.5, 11.5 ], "texture": "#spade9_atlas" },
				"south": { "uv": [ 6.5, 11, 7.5, 11.25 ], "texture": "#spade9_atlas" },
				"west": { "uv": [ 1.5, 8.75, 2, 9 ], "texture": "#spade9_atlas" },
				"east": { "uv": [ 2, 8.5, 1.5, 8.75 ], "texture": "#spade9_atlas" }
			}
		},
		{
			"__comment": "Voxels",
			"from": [ 7.3333, 11.3333, 7.3333 ],
			"to": [ 8.666633, 11.66663, 7.666633 ],
			"faces": {
				"down": { "uv": [ 6.5, 10.75, 7.5, 11 ], "texture": "#spade9_atlas" },
				"up": { "uv": [ 6.5, 10.75, 7.5, 10.5 ], "texture": "#spade9_atlas" },
				"north": { "uv": [ 7.5, 10.25, 6.5, 10.5 ], "texture": "#spade9_atlas" },
				"south": { "uv": [ 6.5, 10, 7.5, 10.25 ], "texture": "#spade9_atlas" },
				"west": { "uv": [ 4, 8.25, 4.25, 8.5 ], "texture": "#spade9_atlas" },
				"east": { "uv": [ 4.5, 8.25, 4.25, 8.5 ], "texture": "#spade9_atlas" }
			}
		},
		{
			"__comment": "Voxels",
			"from": [ 7.3333, 11.3333, 8.3333 ],
			"to": [ 8.666633, 11.66663, 8.666633 ],
			"faces": {
				"down": { "uv": [ 6.5, 9.75, 7.5, 10 ], "texture": "#spade9_atlas" },
				"up": { "uv": [ 6.5, 9.75, 7.5, 9.5 ], "texture": "#spade9_atlas" },
				"north": { "uv": [ 4, 9, 3, 9.25 ], "texture": "#spade9_atlas" },
				"south": { "uv": [ 5.5, 11.5, 6.5, 11.75 ], "texture": "#spade9_atlas" },
				"west": { "uv": [ 4.5, 8.25, 4.75, 8.5 ], "texture": "#spade9_atlas" },
				"east": { "uv": [ 5.75, 8.5, 5.5, 8.75 ], "texture": "#spade9_atlas" }
			}
		},
		{
			"__comment": "Voxels",
			"from": [ 7.3333, 11.6667, 7.6667 ],
			"to": [ 8.666633, 12.00003, 8.333366 ],
			"faces": {
				"down": { "uv": [ 3, 12.25, 4, 12.75 ], "texture": "#spade9_atlas" },
				"up": { "uv": [ 2, 9.5, 3, 9 ], "texture": "#spade9_atlas" },
				"north": { "uv": [ 6.5, 11.25, 5.5, 11.5 ], "texture": "#spade9_atlas" },
				"south": { "uv": [ 6.5, 11.5, 7.5, 11.75 ], "texture": "#spade9_atlas" },
				"west": { "uv": [ 2.5, 8.75, 3, 9 ], "texture": "#spade9_atlas" },
				"east": { "uv": [ 3.5, 8.5, 3, 8.75 ], "texture": "#spade9_atlas" }
			}
		},
		{
			"__comment": "Voxels",
			"from": [ 7.3333, 13, 7.6667 ],
			"to": [ 8.666633, 14.33333, 8.333366 ],
			"faces": {
				"down": { "uv": [ 4.5, 12.25, 5.5, 12.75 ], "texture": "#spade9_atlas" },
				"up": { "uv": [ 5.5, 12.75, 6.5, 12.25 ], "texture": "#spade9_atlas" },
				"north": { "uv": [ 3, 13.5, 2, 14.5 ], "texture": "#spade9_atlas" },
				"south": { "uv": [ 2, 12.5, 3, 13.5 ], "texture": "#spade9_atlas" },
				"west": { "uv": [ 4, 10.75, 4.5, 11.75 ], "texture": "#spade9_atlas" },
				"east": { "uv": [ 4.5, 11.75, 4, 12.75 ], "texture": "#spade9_atlas" }
			}
		},
		{
			"__comment": "Voxels",
			"from": [ 7.3333, 15.6667, 7.6667 ],
			"to": [ 8.666633, 16.6667, 8.333366 ],
			"faces": {
				"down": { "uv": [ 6, 12.75, 7, 13.25 ], "texture": "#spade9_atlas" },
				"up": { "uv": [ 6.5, 12.75, 7.5, 12.25 ], "texture": "#spade9_atlas" },
				"north": { "uv": [ 3, 11.75, 2, 12.5 ], "texture": "#spade9_atlas" },
				"south": { "uv": [ 2, 11, 3, 11.75 ], "texture": "#spade9_atlas" },
				"west": { "uv": [ 4.5, 10.25, 5, 11 ], "texture": "#spade9_atlas" },
				"east": { "uv": [ 5, 11, 4.5, 11.75 ], "texture": "#spade9_atlas" }
			}
		},
		{
			"__comment": "Voxels",
			"from": [ 7.6667, -1, 7.6667 ],
			"to": [ 8.6667, -0.6666666, 8.000033 ],
			"faces": {
				"down": { "uv": [ 7.25, 9.25, 8, 9.5 ], "texture": "#spade9_atlas" },
				"up": { "uv": [ 6.5, 9.25, 7.25, 9 ], "texture": "#spade9_atlas" },
				"north": { "uv": [ 8, 9, 7.25, 9.25 ], "texture": "#spade9_atlas" },
				"south": { "uv": [ 6.5, 9.25, 7.25, 9.5 ], "texture": "#spade9_atlas" },
				"west": { "uv": [ 0.5, 7.75, 0.75, 8 ], "texture": "#spade9_atlas" },
				"east": { "uv": [ 8, 8.5, 7.75, 8.75 ], "texture": "#spade9_atlas" }
			}
		},
		{
			"__comment": "Voxels",
			"from": [ 7.6667, -1, 8 ],
			"to": [ 8.333366, -0.6666666, 8.333333 ],
			"faces": {
				"down": { "uv": [ 3, 8.75, 3.5, 9 ], "texture": "#spade9_atlas" },
				"up": { "uv": [ 2.5, 8.75, 3, 8.5 ], "texture": "#spade9_atlas" },
				"north": { "uv": [ 3, 8.25, 2.5, 8.5 ], "texture": "#spade9_atlas" },
				"south": { "uv": [ 3.5, 8.5, 4, 8.75 ], "texture": "#spade9_atlas" },
				"west": { "uv": [ 5.5, 8.25, 5.75, 8.5 ], "texture": "#spade9_atlas" },
				"east": { "uv": [ 8, 8.75, 7.75, 9 ], "texture": "#spade9_atlas" }
			}
		},
		{
			"__comment": "Voxels",
			"from": [ 7.6667, -0.6667, 7.3333 ],
			"to": [ 8.333366, 0.3333, 7.666633 ],
			"faces": {
				"down": { "uv": [ 5.25, 8.75, 5.75, 9 ], "texture": "#spade9_atlas" },
				"up": { "uv": [ 5.75, 9, 6.25, 8.75 ], "texture": "#spade9_atlas" },
				"north": { "uv": [ 4.5, 9.25, 4, 10 ], "texture": "#spade9_atlas" },
				"south": { "uv": [ 4, 10, 4.5, 10.75 ], "texture": "#spade9_atlas" },
				"west": { "uv": [ 0, 8.25, 0.25, 9 ], "texture": "#spade9_atlas" },
				"east": { "uv": [ 0.5, 8.25, 0.25, 9 ], "texture": "#spade9_atlas" }
			}
		},
		{
			"__comment": "Voxels",
			"from": [ 7.6667, -0.6667, 8.3333 ],
			"to": [ 8.333366, 0.3333, 8.666633 ],
			"faces": {
				"down": { "uv": [ 5.75, 8.25, 6.25, 8.5 ], "texture": "#spade9_atlas" },
				"up": { "uv": [ 6.75, 9, 7.25, 8.75 ], "texture": "#spade9_atlas" },
				"north": { "uv": [ 5.5, 11, 5, 11.75 ], "texture": "#spade9_atlas" },
				"south": { "uv": [ 5, 10.25, 5.5, 11 ], "texture": "#spade9_atlas" },
				"west": { "uv": [ 0.5, 8.25, 0.75, 9 ], "texture": "#spade9_atlas" },
				"east": { "uv": [ 1, 8.25, 0.75, 9 ], "texture": "#spade9_atlas" }
			}
		},
		{
			"__comment": "Voxels",
			"from": [ 7.6667, 0.3333, 7.6667 ],
			"to": [ 8.333366, 9.666634, 8.333366 ],
			"faces": {
				"down": { "uv": [ 7.5, 14, 8, 14.5 ], "texture": "#spade9_atlas" },
				"up": { "uv": [ 7.5, 12.75, 8, 12.25 ], "texture": "#spade9_atlas" },
				"north": { "uv": [ 1, 9, 0.5, 16 ], "texture": "#spade9_atlas" },
				"south": { "uv": [ 0, 9, 0.5, 16 ], "texture": "#spade9_atlas" },
				"west": { "uv": [ 1, 9, 1.5, 16 ], "texture": "#spade9_atlas" },
				"east": { "uv": [ 2, 9, 1.5, 16 ], "texture": "#spade9_atlas" }
			}
		},
		{
			"__comment": "Voxels",
			"from": [ 7.6667, 9.666699, 7.3333 ],
			"to": [ 8.333366, 10.33337, 7.666633 ],
			"faces": {
				"down": { "uv": [ 3, 8.25, 3.5, 8.5 ], "texture": "#spade9_atlas" },
				"up": { "uv": [ 3.5, 9, 4, 8.75 ], "texture": "#spade9_atlas" },
				"north": { "uv": [ 5, 9, 4.5, 9.5 ], "texture": "#spade9_atlas" },
				"south": { "uv": [ 5, 9, 5.5, 9.5 ], "texture": "#spade9_atlas" },
				"west": { "uv": [ 4.25, 8.5, 4.5, 9 ], "texture": "#spade9_atlas" },
				"east": { "uv": [ 4.75, 8.5, 4.5, 9 ], "texture": "#spade9_atlas" }
			}
		},
		{
			"__comment": "Voxels",
			"from": [ 7.6667, 9.666699, 8.3333 ],
			"to": [ 8.333366, 10.33337, 8.666633 ],
			"faces": {
				"down": { "uv": [ 3.5, 8.25, 4, 8.5 ], "texture": "#spade9_atlas" },
				"up": { "uv": [ 4.75, 9, 5.25, 8.75 ], "texture": "#spade9_atlas" },
				"north": { "uv": [ 6, 10.75, 5.5, 11.25 ], "texture": "#spade9_atlas" },
				"south": { "uv": [ 5.5, 10.25, 6, 10.75 ], "texture": "#spade9_atlas" },
				"west": { "uv": [ 5, 8.25, 5.25, 8.75 ], "texture": "#spade9_atlas" },
				"east": { "uv": [ 5.5, 8.25, 5.25, 8.75 ], "texture": "#spade9_atlas" }
			}
		},
		{
			"__comment": "Voxels",
			"from": [ 7.6667, 10.3333, 7.6667 ],
			"to": [ 8.333366, 10.99997, 8.333366 ],
			"faces": {
				"down": { "uv": [ 5.5, 9.75, 6, 10.25 ], "texture": "#spade9_atlas" },
				"up": { "uv": [ 7.5, 11.25, 8, 10.75 ], "texture": "#spade9_atlas" },
				"north": { "uv": [ 6.5, 10.25, 6, 10.75 ], "texture": "#spade9_atlas" },
				"south": { "uv": [ 6, 9.75, 6.5, 10.25 ], "texture": "#spade9_atlas" },
				"west": { "uv": [ 6, 9.25, 6.5, 9.75 ], "texture": "#spade9_atlas" },
				"east": { "uv": [ 8, 15.5, 7.5, 16 ], "texture": "#spade9_atlas" }
			}
		},
		{
			"__comment": "Voxels",
			"from": [ 7.6667, 11, 7.3333 ],
			"to": [ 8.333366, 11.33333, 7.666633 ],
			"faces": {
				"down": { "uv": [ 6.25, 8.75, 6.75, 9 ], "texture": "#spade9_atlas" },
				"up": { "uv": [ 6.25, 8.75, 6.75, 8.5 ], "texture": "#spade9_atlas" },
				"north": { "uv": [ 6.75, 8.25, 6.25, 8.5 ], "texture": "#spade9_atlas" },
				"south": { "uv": [ 7.5, 11.5, 8, 11.75 ], "texture": "#spade9_atlas" },
				"west": { "uv": [ 3.5, 8, 3.75, 8.25 ], "texture": "#spade9_atlas" },
				"east": { "uv": [ 4, 8, 3.75, 8.25 ], "texture": "#spade9_atlas" }
			}
		},
		{
			"__comment": "Voxels",
			"from": [ 7.6667, 11, 8.3333 ],
			"to": [ 8.333366, 11.33333, 8.666633 ],
			"faces": {
				"down": { "uv": [ 6.75, 8.5, 7.25, 8.75 ], "texture": "#spade9_atlas" },
				"up": { "uv": [ 6.75, 8.5, 7.25, 8.25 ], "texture": "#spade9_atlas" },
				"north": { "uv": [ 7.75, 8.75, 7.25, 9 ], "texture": "#spade9_atlas" },
				"south": { "uv": [ 7.25, 8.5, 7.75, 8.75 ], "texture": "#spade9_atlas" },
				"west": { "uv": [ 4, 8, 4.25, 8.25 ], "texture": "#spade9_atlas" },
				"east": { "uv": [ 4.5, 8, 4.25, 8.25 ], "texture": "#spade9_atlas" }
			}
		},
		{
			"__comment": "Voxels",
			"from": [ 7.6667, 11.6667, 7.3333 ],
			"to": [ 8.333366, 12.00003, 7.666633 ],
			"faces": {
				"down": { "uv": [ 7.25, 8.25, 7.75, 8.5 ], "texture": "#spade9_atlas" },
				"up": { "uv": [ 0, 8.25, 0.5, 8 ], "texture": "#spade9_atlas" },
				"north": { "uv": [ 1, 8, 0.5, 8.25 ], "texture": "#spade9_atlas" },
				"south": { "uv": [ 1, 8, 1.5, 8.25 ], "texture": "#spade9_atlas" },
				"west": { "uv": [ 7.75, 8, 8, 8.25 ], "texture": "#spade9_atlas" },
				"east": { "uv": [ 8, 8.25, 7.75, 8.5 ], "texture": "#spade9_atlas" }
			}
		},
		{
			"__comment": "Voxels",
			"from": [ 7.6667, 11.6667, 8.3333 ],
			"to": [ 8.333366, 12.00003, 8.666633 ],
			"faces": {
				"down": { "uv": [ 1.5, 8, 2, 8.25 ], "texture": "#spade9_atlas" },
				"up": { "uv": [ 2, 8.25, 2.5, 8 ], "texture": "#spade9_atlas" },
				"north": { "uv": [ 3, 8, 2.5, 8.25 ], "texture": "#spade9_atlas" },
				"south": { "uv": [ 3, 8, 3.5, 8.25 ], "texture": "#spade9_atlas" },
				"west": { "uv": [ 7.5, 8, 7.75, 8.25 ], "texture": "#spade9_atlas" },
				"east": { "uv": [ 6, 8, 5.75, 8.25 ], "texture": "#spade9_atlas" }
			}
		},
		{
			"__comment": "Voxels",
			"from": [ 7.6667, 16.6667, 7.6667 ],
			"to": [ 8.333366, 17.00003, 8.333366 ],
			"faces": {
				"down": { "uv": [ 7.5, 14.5, 8, 15 ], "texture": "#spade9_atlas" },
				"up": { "uv": [ 7.5, 15.5, 8, 15 ], "texture": "#spade9_atlas" },
				"north": { "uv": [ 2, 8.25, 1.5, 8.5 ], "texture": "#spade9_atlas" },
				"south": { "uv": [ 2, 8.75, 2.5, 9 ], "texture": "#spade9_atlas" },
				"west": { "uv": [ 2, 8.5, 2.5, 8.75 ], "texture": "#spade9_atlas" },
				"east": { "uv": [ 2.5, 8.25, 2, 8.5 ], "texture": "#spade9_atlas" }
			}
		},
		{
			"__comment": "Voxels",
			"from": [ 8, -1.3333, 7.6667 ],
			"to": [ 8.333333, -0.9999666, 8.000033 ],
			"faces": {
				"down": { "uv": [ 4.5, 8, 4.75, 8.25 ], "texture": "#spade9_atlas" },
				"up": { "uv": [ 4.75, 8.25, 5, 8 ], "texture": "#spade9_atlas" },
				"north": { "uv": [ 5.25, 8, 5, 8.25 ], "texture": "#spade9_atlas" },
				"south": { "uv": [ 5.25, 8, 5.5, 8.25 ], "texture": "#spade9_atlas" },
				"west": { "uv": [ 5.5, 8, 5.75, 8.25 ], "texture": "#spade9_atlas" },
				"east": { "uv": [ 1, 7.75, 0.75, 8 ], "texture": "#spade9_atlas" }
			}
		},
		{
			"__comment": "Voxels",
			"from": [ 8, -1, 7.3333 ],
			"to": [ 8.333333, -0.6666666, 7.666633 ],
			"faces": {
				"down": { "uv": [ 6, 8, 6.25, 8.25 ], "texture": "#spade9_atlas" },
				"up": { "uv": [ 6.25, 8.25, 6.5, 8 ], "texture": "#spade9_atlas" },
				"north": { "uv": [ 6.75, 8, 6.5, 8.25 ], "texture": "#spade9_atlas" },
				"south": { "uv": [ 6.75, 8, 7, 8.25 ], "texture": "#spade9_atlas" },
				"west": { "uv": [ 7, 8, 7.25, 8.25 ], "texture": "#spade9_atlas" },
				"east": { "uv": [ 7.5, 8, 7.25, 8.25 ], "texture": "#spade9_atlas" }
			}
		},
		{
			"__comment": "Voxels",
			"from": [ 9.3333, 13, 7.6667 ],
			"to": [ 9.666633, 13.33333, 8.333366 ],
			"faces": {
				"down": { "uv": [ 4, 8.5, 4.25, 9 ], "texture": "#spade9_atlas" },
				"up": { "uv": [ 4.75, 8.75, 5, 8.25 ], "texture": "#spade9_atlas" },
				"north": { "uv": [ 0.25, 7.75, 0, 8 ], "texture": "#spade9_atlas" },
				"south": { "uv": [ 0.25, 7.75, 0.5, 8 ], "texture": "#spade9_atlas" },
				"west": { "uv": [ 5.75, 8.5, 6.25, 8.75 ], "texture": "#spade9_atlas" },
				"east": { "uv": [ 8, 11.75, 7.5, 12 ], "texture": "#spade9_atlas" }
			}
		}
	],
	"display": {
		"thirdperson_righthand": {
			"rotation":  [ 10, 90, 0 ],
			"translation":  [ 0, 2, 2 ],
			"scale":  [ 1.5, 1.5, 1.5 ]
		},
		"thirdperson_lefthand": {
			"rotation":  [ 10, -90, 0 ],
			"translation":  [ 0, 2, 2 ],
			"scale":  [ 1.5, 1.5, 1.5 ]
		},
		"firstperson_righthand": {
			"rotation":  [ -80, 90, 0 ],
			"translation":  [ 0, 3.5, 0 ]
		},
		"firstperson_lefthand": {
			"rotation":  [ -80, -90, 0 ],
			"translation":  [ 0, 3.5, 0 ]
		},
		"gui": {
			"rotation":  [ 0, 0, -50 ]
		},
		"ground": {
			"translation":  [ 0, 10, 0 ]
		}
	}
}