{
	"__comment": "Designed by Xiaoxiafeng with Cubik Studio - https://cubik.studio",
	"textures": {
		"texture": "trademodel/e_texture",
		"spade8_atlas": "trademodel/spade8_atlas"
	},
	"elements": [ 	 
		{
			"__comment": "Voxels",
			"from": [ 6.75, 12.5, 7.75 ],
			"to": [ 9.25, 13.25, 8.25 ],
			"faces": {
				"down": { "uv": [ 4, 14, 6.5, 14.5 ], "texture": "#spade8_atlas" },
				"up": { "uv": [ 6.5, 16, 9, 15.5 ], "texture": "#spade8_atlas" },
				"north": { "uv": [ 6.5, 15.25, 4, 16 ], "texture": "#spade8_atlas" },
				"south": { "uv": [ 4, 14.5, 6.5, 15.25 ], "texture": "#spade8_atlas" },
				"west": { "uv": [ 1.5, 3.75, 2, 4.5 ], "texture": "#spade8_atlas" },
				"east": { "uv": [ 2, 4.5, 1.5, 5.25 ], "texture": "#spade8_atlas" }
			}
		},
		{
			"__comment": "Voxels",
			"from": [ 6.75, 13.25, 7.75 ],
			"to": [ 7.25, 13.5, 8.25 ],
			"faces": {
				"down": { "uv": [ 1, 0, 1.5, 0.5 ], "texture": "#spade8_atlas" },
				"up": { "uv": [ 1.5, 3.75, 2, 3.25 ], "texture": "#spade8_atlas" },
				"north": { "uv": [ 0.5, 0, 0, 0.25 ], "texture": "#spade8_atlas" },
				"south": { "uv": [ 0.5, 0, 1, 0.25 ], "texture": "#spade8_atlas" },
				"west": { "uv": [ 1.5, 0, 2, 0.25 ], "texture": "#spade8_atlas" },
				"east": { "uv": [ 6.5, 13.75, 6, 14 ], "texture": "#spade8_atlas" }
			}
		},
		{
			"__comment": "Voxels",
			"from": [ 6.75, 13.5, 7.75 ],
			"to": [ 7, 13.75, 8.25 ],
			"faces": {
				"down": { "uv": [ 10.25, 14.25, 10.5, 14.75 ], "texture": "#spade8_atlas" },
				"up": { "uv": [ 10.25, 14.25, 10.5, 13.75 ], "texture": "#spade8_atlas" },
				"north": { "uv": [ 15.5, 13.75, 15.25, 14 ], "texture": "#spade8_atlas" },
				"south": { "uv": [ 15.75, 13.5, 16, 13.75 ], "texture": "#spade8_atlas" },
				"west": { "uv": [ 11.5, 14.25, 12, 14.5 ], "texture": "#spade8_atlas" },
				"east": { "uv": [ 16, 14.5, 15.5, 14.75 ], "texture": "#spade8_atlas" }
			}
		},
		{
			"__comment": "Voxels",
			"from": [ 7, 12.25, 7.75 ],
			"to": [ 9, 12.5, 8.25 ],
			"faces": {
				"down": { "uv": [ 6.5, 14.5, 8.5, 15 ], "texture": "#spade8_atlas" },
				"up": { "uv": [ 6.5, 15.5, 8.5, 15 ], "texture": "#spade8_atlas" },
				"north": { "uv": [ 6, 13.75, 4, 14 ], "texture": "#spade8_atlas" },
				"south": { "uv": [ 14, 14.75, 16, 15 ], "texture": "#spade8_atlas" },
				"west": { "uv": [ 15.5, 14.25, 16, 14.5 ], "texture": "#spade8_atlas" },
				"east": { "uv": [ 2.5, 4.75, 2, 5 ], "texture": "#spade8_atlas" }
			}
		},
		{
			"__comment": "Voxels",
			"from": [ 7.25, 10.5, 7.75 ],
			"to": [ 8.25, 11, 8 ],
			"faces": {
				"down": { "uv": [ 3.5, 13.25, 4.5, 13.5 ], "texture": "#spade8_atlas" },
				"up": { "uv": [ 12, 14, 13, 13.75 ], "texture": "#spade8_atlas" },
				"north": { "uv": [ 13, 15, 12, 15.5 ], "texture": "#spade8_atlas" },
				"south": { "uv": [ 12, 14.5, 13, 15 ], "texture": "#spade8_atlas" },
				"west": { "uv": [ 2, 4.25, 2.25, 4.75 ], "texture": "#spade8_atlas" },
				"east": { "uv": [ 2.5, 4.25, 2.25, 4.75 ], "texture": "#spade8_atlas" }
			}
		},
		{
			"__comment": "Voxels",
			"from": [ 7.25, 10.5, 8 ],
			"to": [ 8.25, 10.75, 8.25 ],
			"faces": {
				"down": { "uv": [ 13, 13.75, 14, 14 ], "texture": "#spade8_atlas" },
				"up": { "uv": [ 5.75, 13.75, 6.75, 13.5 ], "texture": "#spade8_atlas" },
				"north": { "uv": [ 7.75, 13.5, 6.75, 13.75 ], "texture": "#spade8_atlas" },
				"south": { "uv": [ 7.75, 13.5, 8.75, 13.75 ], "texture": "#spade8_atlas" },
				"west": { "uv": [ 11, 13.25, 11.25, 13.5 ], "texture": "#spade8_atlas" },
				"east": { "uv": [ 11.5, 13.25, 11.25, 13.5 ], "texture": "#spade8_atlas" }
			}
		},
		{
			"__comment": "Voxels",
			"from": [ 7.25, 12.75, 7.5 ],
			"to": [ 8.75, 13, 7.75 ],
			"faces": {
				"down": { "uv": [ 6.5, 13.75, 8, 14 ], "texture": "#spade8_atlas" },
				"up": { "uv": [ 14, 14.75, 15.5, 14.5 ], "texture": "#spade8_atlas" },
				"north": { "uv": [ 15.5, 14.25, 14, 14.5 ], "texture": "#spade8_atlas" },
				"south": { "uv": [ 14, 14, 15.5, 14.25 ], "texture": "#spade8_atlas" },
				"west": { "uv": [ 11.5, 13.25, 11.75, 13.5 ], "texture": "#spade8_atlas" },
				"east": { "uv": [ 12, 13.25, 11.75, 13.5 ], "texture": "#spade8_atlas" }
			}
		},
		{
			"__comment": "Voxels",
			"from": [ 7.25, 14, 7.75 ],
			"to": [ 8.75, 14.5, 8.25 ],
			"faces": {
				"down": { "uv": [ 10.5, 15.5, 12, 16 ], "texture": "#spade8_atlas" },
				"up": { "uv": [ 6.5, 14.5, 8, 14 ], "texture": "#spade8_atlas" },
				"north": { "uv": [ 12, 15, 10.5, 15.5 ], "texture": "#spade8_atlas" },
				"south": { "uv": [ 10.5, 13.75, 12, 14.25 ], "texture": "#spade8_atlas" },
				"west": { "uv": [ 2, 10, 2.5, 10.5 ], "texture": "#spade8_atlas" },
				"east": { "uv": [ 2.5, 9.5, 2, 10 ], "texture": "#spade8_atlas" }
			}
		},
		{
			"__comment": "Voxels",
			"from": [ 7.5, -1.25, 7.75 ],
			"to": [ 7.75, 0.5, 8.25 ],
			"faces": {
				"down": { "uv": [ 2, 2.75, 2.25, 3.25 ], "texture": "#spade8_atlas" },
				"up": { "uv": [ 2.25, 4.25, 2.5, 3.75 ], "texture": "#spade8_atlas" },
				"north": { "uv": [ 1.25, 1.25, 1, 3 ], "texture": "#spade8_atlas" },
				"south": { "uv": [ 1.25, 1.25, 1.5, 3 ], "texture": "#spade8_atlas" },
				"west": { "uv": [ 0.5, 4.25, 1, 6 ], "texture": "#spade8_atlas" },
				"east": { "uv": [ 1, 2.5, 0.5, 4.25 ], "texture": "#spade8_atlas" }
			}
		},
		{
			"__comment": "Voxels",
			"from": [ 7.5, 10.75, 8 ],
			"to": [ 8.5, 11.25, 8.25 ],
			"faces": {
				"down": { "uv": [ 8.75, 13.5, 9.75, 13.75 ], "texture": "#spade8_atlas" },
				"up": { "uv": [ 9.75, 13.75, 10.75, 13.5 ], "texture": "#spade8_atlas" },
				"north": { "uv": [ 15, 15, 14, 15.5 ], "texture": "#spade8_atlas" },
				"south": { "uv": [ 15, 15, 16, 15.5 ], "texture": "#spade8_atlas" },
				"west": { "uv": [ 2.5, 9.75, 2.75, 10.25 ], "texture": "#spade8_atlas" },
				"east": { "uv": [ 2.75, 10.25, 2.5, 10.75 ], "texture": "#spade8_atlas" }
			}
		},
		{
			"__comment": "Voxels",
			"from": [ 7.5, 11, 7.75 ],
			"to": [ 8.75, 11.25, 8 ],
			"faces": {
				"down": { "uv": [ 4.5, 13.5, 5.75, 13.75 ], "texture": "#spade8_atlas" },
				"up": { "uv": [ 14, 14, 15.25, 13.75 ], "texture": "#spade8_atlas" },
				"north": { "uv": [ 4.5, 13.5, 3.25, 13.75 ], "texture": "#spade8_atlas" },
				"south": { "uv": [ 2, 13.5, 3.25, 13.75 ], "texture": "#spade8_atlas" },
				"west": { "uv": [ 14.75, 13.25, 15, 13.5 ], "texture": "#spade8_atlas" },
				"east": { "uv": [ 2.75, 5.5, 2.5, 5.75 ], "texture": "#spade8_atlas" }
			}
		},
		{
			"__comment": "Voxels",
			"from": [ 7.5, 12, 7.75 ],
			"to": [ 8.5, 12.25, 8.25 ],
			"faces": {
				"down": { "uv": [ 13, 15, 14, 15.5 ], "texture": "#spade8_atlas" },
				"up": { "uv": [ 13, 15, 14, 14.5 ], "texture": "#spade8_atlas" },
				"north": { "uv": [ 11.75, 13.5, 10.75, 13.75 ], "texture": "#spade8_atlas" },
				"south": { "uv": [ 11.75, 13.5, 12.75, 13.75 ], "texture": "#spade8_atlas" },
				"west": { "uv": [ 8.5, 13.25, 9, 13.5 ], "texture": "#spade8_atlas" },
				"east": { "uv": [ 2.5, 1, 2, 1.25 ], "texture": "#spade8_atlas" }
			}
		},
		{
			"__comment": "Voxels",
			"from": [ 7.5, 12.5, 7.5 ],
			"to": [ 7.75, 12.75, 7.75 ],
			"faces": {
				"down": { "uv": [ 2.5, 7.5, 2.75, 7.75 ], "texture": "#spade8_atlas" },
				"up": { "uv": [ 12, 13.5, 12.25, 13.25 ], "texture": "#spade8_atlas" },
				"north": { "uv": [ 2.75, 8, 2.5, 8.25 ], "texture": "#spade8_atlas" },
				"south": { "uv": [ 13.75, 13.25, 14, 13.5 ], "texture": "#spade8_atlas" },
				"west": { "uv": [ 13.5, 13.25, 13.75, 13.5 ], "texture": "#spade8_atlas" },
				"east": { "uv": [ 13.5, 13.25, 13.25, 13.5 ], "texture": "#spade8_atlas" }
			}
		},
		{
			"__comment": "Voxels",
			"from": [ 7.5, 13, 7.5 ],
			"to": [ 8.5, 13.25, 7.75 ],
			"faces": {
				"down": { "uv": [ 12.75, 13.5, 13.75, 13.75 ], "texture": "#spade8_atlas" },
				"up": { "uv": [ 13.75, 13.75, 14.75, 13.5 ], "texture": "#spade8_atlas" },
				"north": { "uv": [ 15.75, 13.5, 14.75, 13.75 ], "texture": "#spade8_atlas" },
				"south": { "uv": [ 2.5, 13.25, 3.5, 13.5 ], "texture": "#spade8_atlas" },
				"west": { "uv": [ 12.5, 13.25, 12.75, 13.5 ], "texture": "#spade8_atlas" },
				"east": { "uv": [ 12.5, 13.25, 12.25, 13.5 ], "texture": "#spade8_atlas" }
			}
		},
		{
			"__comment": "Voxels",
			"from": [ 7.5, 13.25, 7.75 ],
			"to": [ 8.5, 14, 8.25 ],
			"faces": {
				"down": { "uv": [ 13, 15.5, 14, 16 ], "texture": "#spade8_atlas" },
				"up": { "uv": [ 13, 14.5, 14, 14 ], "texture": "#spade8_atlas" },
				"north": { "uv": [ 9, 13.75, 8, 14.5 ], "texture": "#spade8_atlas" },
				"south": { "uv": [ 10.5, 14.25, 11.5, 15 ], "texture": "#spade8_atlas" },
				"west": { "uv": [ 1, 0.5, 1.5, 1.25 ], "texture": "#spade8_atlas" },
				"east": { "uv": [ 2, 5.25, 1.5, 6 ], "texture": "#spade8_atlas" }
			}
		},
		{
			"__comment": "Voxels",
			"from": [ 7.5, 14.5, 7.75 ],
			"to": [ 8.5, 16.75, 8.25 ],
			"faces": {
				"down": { "uv": [ 12, 14, 13, 14.5 ], "texture": "#spade8_atlas" },
				"up": { "uv": [ 14, 16, 15, 15.5 ], "texture": "#spade8_atlas" },
				"north": { "uv": [ 3, 13.75, 2, 16 ], "texture": "#spade8_atlas" },
				"south": { "uv": [ 3, 13.75, 4, 16 ], "texture": "#spade8_atlas" },
				"west": { "uv": [ 0, 1.5, 0.5, 3.75 ], "texture": "#spade8_atlas" },
				"east": { "uv": [ 0.5, 3.75, 0, 6 ], "texture": "#spade8_atlas" }
			}
		},
		{
			"__comment": "Voxels",
			"from": [ 7.75, -0.75, 7.75 ],
			"to": [ 8.5, 0.5, 8.25 ],
			"faces": {
				"down": { "uv": [ 9, 13.75, 9.75, 14.25 ], "texture": "#spade8_atlas" },
				"up": { "uv": [ 9, 14.75, 9.75, 14.25 ], "texture": "#spade8_atlas" },
				"north": { "uv": [ 9.75, 14.75, 9, 16 ], "texture": "#spade8_atlas" },
				"south": { "uv": [ 9.75, 14.75, 10.5, 16 ], "texture": "#spade8_atlas" },
				"west": { "uv": [ 0, 0.25, 0.5, 1.5 ], "texture": "#spade8_atlas" },
				"east": { "uv": [ 1, 1.25, 0.5, 2.5 ], "texture": "#spade8_atlas" }
			}
		},
		{
			"__comment": "Voxels",
			"from": [ 7.75, -0.5, 7.5 ],
			"to": [ 8.25, 0.5, 7.75 ],
			"faces": {
				"down": { "uv": [ 10.5, 13.25, 11, 13.5 ], "texture": "#spade8_atlas" },
				"up": { "uv": [ 2, 3.75, 2.5, 3.5 ], "texture": "#spade8_atlas" },
				"north": { "uv": [ 1, 0.25, 0.5, 1.25 ], "texture": "#spade8_atlas" },
				"south": { "uv": [ 1, 4, 1.5, 5 ], "texture": "#spade8_atlas" },
				"west": { "uv": [ 2, 8, 2.25, 9 ], "texture": "#spade8_atlas" },
				"east": { "uv": [ 2.5, 8, 2.25, 9 ], "texture": "#spade8_atlas" }
			}
		},
		{
			"__comment": "Voxels",
			"from": [ 7.75, -0.5, 8.25 ],
			"to": [ 8.25, 0.5, 8.5 ],
			"faces": {
				"down": { "uv": [ 2, 1.5, 2.5, 1.75 ], "texture": "#spade8_atlas" },
				"up": { "uv": [ 2, 1.5, 2.5, 1.25 ], "texture": "#spade8_atlas" },
				"north": { "uv": [ 1.5, 3, 1, 4 ], "texture": "#spade8_atlas" },
				"south": { "uv": [ 1, 5, 1.5, 6 ], "texture": "#spade8_atlas" },
				"west": { "uv": [ 2, 7, 2.25, 8 ], "texture": "#spade8_atlas" },
				"east": { "uv": [ 2.5, 7, 2.25, 8 ], "texture": "#spade8_atlas" }
			}
		},
		{
			"__comment": "Voxels",
			"from": [ 7.75, 0.5, 7.75 ],
			"to": [ 8.25, 10.5, 8.25 ],
			"faces": {
				"down": { "uv": [ 2, 6.5, 2.5, 7 ], "texture": "#spade8_atlas" },
				"up": { "uv": [ 2, 6.5, 2.5, 6 ], "texture": "#spade8_atlas" },
				"north": { "uv": [ 1, 6, 0.5, 16 ], "texture": "#spade8_atlas" },
				"south": { "uv": [ 0, 6, 0.5, 16 ], "texture": "#spade8_atlas" },
				"west": { "uv": [ 1, 6, 1.5, 16 ], "texture": "#spade8_atlas" },
				"east": { "uv": [ 2, 6, 1.5, 16 ], "texture": "#spade8_atlas" }
			}
		},
		{
			"__comment": "Voxels",
			"from": [ 7.75, 11.25, 7.75 ],
			"to": [ 8.75, 11.5, 8.25 ],
			"faces": {
				"down": { "uv": [ 12, 15.5, 13, 16 ], "texture": "#spade8_atlas" },
				"up": { "uv": [ 15, 16, 16, 15.5 ], "texture": "#spade8_atlas" },
				"north": { "uv": [ 5.5, 13.25, 4.5, 13.5 ], "texture": "#spade8_atlas" },
				"south": { "uv": [ 5.5, 13.25, 6.5, 13.5 ], "texture": "#spade8_atlas" },
				"west": { "uv": [ 2, 2.25, 2.5, 2.5 ], "texture": "#spade8_atlas" },
				"east": { "uv": [ 2.5, 2.5, 2, 2.75 ], "texture": "#spade8_atlas" }
			}
		},
		{
			"__comment": "Voxels",
			"from": [ 7.75, 11.5, 7.75 ],
			"to": [ 8.25, 12, 8.25 ],
			"faces": {
				"down": { "uv": [ 2, 5.5, 2.5, 6 ], "texture": "#spade8_atlas" },
				"up": { "uv": [ 1.5, 3.25, 2, 2.75 ], "texture": "#spade8_atlas" },
				"north": { "uv": [ 2, 2.25, 1.5, 2.75 ], "texture": "#spade8_atlas" },
				"south": { "uv": [ 1.5, 1.75, 2, 2.25 ], "texture": "#spade8_atlas" },
				"west": { "uv": [ 1.5, 1.25, 2, 1.75 ], "texture": "#spade8_atlas" },
				"east": { "uv": [ 2, 0.75, 1.5, 1.25 ], "texture": "#spade8_atlas" }
			}
		},
		{
			"__comment": "Voxels",
			"from": [ 7.75, 13.25, 7.5 ],
			"to": [ 8.25, 13.5, 7.75 ],
			"faces": {
				"down": { "uv": [ 2, 0.75, 2.5, 1 ], "texture": "#spade8_atlas" },
				"up": { "uv": [ 2, 0.75, 2.5, 0.5 ], "texture": "#spade8_atlas" },
				"north": { "uv": [ 2.5, 0.25, 2, 0.5 ], "texture": "#spade8_atlas" },
				"south": { "uv": [ 2, 0, 2.5, 0.25 ], "texture": "#spade8_atlas" },
				"west": { "uv": [ 12.75, 13.25, 13, 13.5 ], "texture": "#spade8_atlas" },
				"east": { "uv": [ 13.25, 13.25, 13, 13.5 ], "texture": "#spade8_atlas" }
			}
		},
		{
			"__comment": "Voxels",
			"from": [ 7.75, 16.25, 7.5 ],
			"to": [ 8.25, 16.75, 7.75 ],
			"faces": {
				"down": { "uv": [ 7.5, 13.25, 8, 13.5 ], "texture": "#spade8_atlas" },
				"up": { "uv": [ 8, 13.5, 8.5, 13.25 ], "texture": "#spade8_atlas" },
				"north": { "uv": [ 2, 0.25, 1.5, 0.75 ], "texture": "#spade8_atlas" },
				"south": { "uv": [ 8.5, 15, 9, 15.5 ], "texture": "#spade8_atlas" },
				"west": { "uv": [ 2.5, 12.75, 2.75, 13.25 ], "texture": "#spade8_atlas" },
				"east": { "uv": [ 2.75, 12.25, 2.5, 12.75 ], "texture": "#spade8_atlas" }
			}
		},
		{
			"__comment": "Voxels",
			"from": [ 7.75, 16.25, 8.25 ],
			"to": [ 8.25, 16.75, 8.5 ],
			"faces": {
				"down": { "uv": [ 9, 13.25, 9.5, 13.5 ], "texture": "#spade8_atlas" },
				"up": { "uv": [ 9.5, 13.5, 10, 13.25 ], "texture": "#spade8_atlas" },
				"north": { "uv": [ 9, 14.5, 8.5, 15 ], "texture": "#spade8_atlas" },
				"south": { "uv": [ 9.75, 14.25, 10.25, 14.75 ], "texture": "#spade8_atlas" },
				"west": { "uv": [ 2.5, 11.25, 2.75, 11.75 ], "texture": "#spade8_atlas" },
				"east": { "uv": [ 2.75, 10.75, 2.5, 11.25 ], "texture": "#spade8_atlas" }
			}
		},
		{
			"__comment": "Voxels",
			"from": [ 7.75, 16.75, 7.75 ],
			"to": [ 8.25, 17.25, 8.25 ],
			"faces": {
				"down": { "uv": [ 9.75, 13.75, 10.25, 14.25 ], "texture": "#spade8_atlas" },
				"up": { "uv": [ 11.5, 15, 12, 14.5 ], "texture": "#spade8_atlas" },
				"north": { "uv": [ 16, 13.75, 15.5, 14.25 ], "texture": "#spade8_atlas" },
				"south": { "uv": [ 2, 13, 2.5, 13.5 ], "texture": "#spade8_atlas" },
				"west": { "uv": [ 2, 12.5, 2.5, 13 ], "texture": "#spade8_atlas" },
				"east": { "uv": [ 2.5, 12, 2, 12.5 ], "texture": "#spade8_atlas" }
			}
		},
		{
			"__comment": "Voxels",
			"from": [ 8.25, -1.25, 7.75 ],
			"to": [ 8.5, -0.75, 8.25 ],
			"faces": {
				"down": { "uv": [ 2.5, 9.25, 2.75, 9.75 ], "texture": "#spade8_atlas" },
				"up": { "uv": [ 2, 5.5, 2.25, 5 ], "texture": "#spade8_atlas" },
				"north": { "uv": [ 2.5, 5, 2.25, 5.5 ], "texture": "#spade8_atlas" },
				"south": { "uv": [ 2, 3.75, 2.25, 4.25 ], "texture": "#spade8_atlas" },
				"west": { "uv": [ 2, 11.5, 2.5, 12 ], "texture": "#spade8_atlas" },
				"east": { "uv": [ 2.5, 11, 2, 11.5 ], "texture": "#spade8_atlas" }
			}
		},
		{
			"__comment": "Voxels",
			"from": [ 8.25, 10.75, 7.75 ],
			"to": [ 8.5, 11, 8 ],
			"faces": {
				"down": { "uv": [ 2.5, 7.25, 2.75, 7.5 ], "texture": "#spade8_atlas" },
				"up": { "uv": [ 2.5, 7.25, 2.75, 7 ], "texture": "#spade8_atlas" },
				"north": { "uv": [ 2.75, 6.75, 2.5, 7 ], "texture": "#spade8_atlas" },
				"south": { "uv": [ 2.5, 6.5, 2.75, 6.75 ], "texture": "#spade8_atlas" },
				"west": { "uv": [ 2.5, 6.25, 2.75, 6.5 ], "texture": "#spade8_atlas" },
				"east": { "uv": [ 2.75, 5.25, 2.5, 5.5 ], "texture": "#spade8_atlas" }
			}
		},
		{
			"__comment": "Voxels",
			"from": [ 8.25, 12.5, 7.5 ],
			"to": [ 8.5, 12.75, 7.75 ],
			"faces": {
				"down": { "uv": [ 14, 13.25, 14.25, 13.5 ], "texture": "#spade8_atlas" },
				"up": { "uv": [ 14.25, 13.5, 14.5, 13.25 ], "texture": "#spade8_atlas" },
				"north": { "uv": [ 14.75, 13.25, 14.5, 13.5 ], "texture": "#spade8_atlas" },
				"south": { "uv": [ 2.5, 7.75, 2.75, 8 ], "texture": "#spade8_atlas" },
				"west": { "uv": [ 15, 13.25, 15.25, 13.5 ], "texture": "#spade8_atlas" },
				"east": { "uv": [ 15.5, 13.25, 15.25, 13.5 ], "texture": "#spade8_atlas" }
			}
		},
		{
			"__comment": "Voxels",
			"from": [ 8.5, 11, 8 ],
			"to": [ 8.75, 11.25, 8.25 ],
			"faces": {
				"down": { "uv": [ 15.5, 13.25, 15.75, 13.5 ], "texture": "#spade8_atlas" },
				"up": { "uv": [ 15.75, 13.5, 16, 13.25 ], "texture": "#spade8_atlas" },
				"north": { "uv": [ 2.75, 9, 2.5, 9.25 ], "texture": "#spade8_atlas" },
				"south": { "uv": [ 2.5, 8.75, 2.75, 9 ], "texture": "#spade8_atlas" },
				"west": { "uv": [ 2.5, 8.5, 2.75, 8.75 ], "texture": "#spade8_atlas" },
				"east": { "uv": [ 2.75, 8.25, 2.5, 8.5 ], "texture": "#spade8_atlas" }
			}
		},
		{
			"__comment": "Voxels",
			"from": [ 8.75, 13.25, 7.75 ],
			"to": [ 9.25, 13.5, 8.25 ],
			"faces": {
				"down": { "uv": [ 2, 10.5, 2.5, 11 ], "texture": "#spade8_atlas" },
				"up": { "uv": [ 2, 9.5, 2.5, 9 ], "texture": "#spade8_atlas" },
				"north": { "uv": [ 2.5, 2, 2, 2.25 ], "texture": "#spade8_atlas" },
				"south": { "uv": [ 2, 1.75, 2.5, 2 ], "texture": "#spade8_atlas" },
				"west": { "uv": [ 6.5, 13.25, 7, 13.5 ], "texture": "#spade8_atlas" },
				"east": { "uv": [ 7.5, 13.25, 7, 13.5 ], "texture": "#spade8_atlas" }
			}
		},
		{
			"__comment": "Voxels",
			"from": [ 9, 13.5, 7.75 ],
			"to": [ 9.25, 13.75, 8.25 ],
			"faces": {
				"down": { "uv": [ 2.25, 2.75, 2.5, 3.25 ], "texture": "#spade8_atlas" },
				"up": { "uv": [ 2.5, 12.25, 2.75, 11.75 ], "texture": "#spade8_atlas" },
				"north": { "uv": [ 2.75, 6, 2.5, 6.25 ], "texture": "#spade8_atlas" },
				"south": { "uv": [ 2.5, 5.75, 2.75, 6 ], "texture": "#spade8_atlas" },
				"west": { "uv": [ 10, 13.25, 10.5, 13.5 ], "texture": "#spade8_atlas" },
				"east": { "uv": [ 2.5, 3.25, 2, 3.5 ], "texture": "#spade8_atlas" }
			}
		}
	],
	"display": {
		"thirdperson_righthand": {
			"rotation":  [ 10, 90, 0 ],
			"translation":  [ 0, 2, 2 ],
			"scale":  [ 1.5, 1.5, 1.5 ]
		},
		"thirdperson_lefthand": {
			"rotation":  [ 10, -90, 0 ],
			"translation":  [ 0, 2, 2 ],
			"scale":  [ 1.5, 1.5, 1.5 ]
		},
		"firstperson_righthand": {
			"rotation":  [ -80, 90, 0 ],
			"translation":  [ 0, 3.5, 0 ]
		},
		"firstperson_lefthand": {
			"rotation":  [ -80, -90, 0 ],
			"translation":  [ 0, 3.5, 0 ]
		},
		"gui": {
			"rotation":  [ 0, 0, -50 ]
		},
		"ground": {
			"translation":  [ 0, 10, 0 ]
		}
	}
}