{
	"__comment": "Designed by Xiaoxiafeng with Cubik Studio - https://cubik.studio",
	"textures": {
		"texture": "trademodel/e_texture",
		"spade7_atlas": "trademodel/spade7_atlas"
	},
	"elements": [ 	 
		{
			"__comment": "Voxels",
			"from": [ 6.6667, 11.6667, 7.6667 ],
			"to": [ 8.333366, 12.33337, 8.333366 ],
			"faces": {
				"down": { "uv": [ 4.25, 10, 5.5, 10.5 ], "texture": "#spade7_atlas" },
				"up": { "uv": [ 4.25, 12, 5.5, 11.5 ], "texture": "#spade7_atlas" },
				"north": { "uv": [ 5.5, 11, 4.25, 11.5 ], "texture": "#spade7_atlas" },
				"south": { "uv": [ 4.25, 10.5, 5.5, 11 ], "texture": "#spade7_atlas" },
				"west": { "uv": [ 1.5, 8.25, 2, 8.75 ], "texture": "#spade7_atlas" },
				"east": { "uv": [ 0.5, 8, 0, 8.5 ], "texture": "#spade7_atlas" }
			}
		},
		{
			"__comment": "Voxels",
			"from": [ 6.6667, 13.6667, 7.6667 ],
			"to": [ 8.6667, 14.33337, 8.333366 ],
			"faces": {
				"down": { "uv": [ 4.25, 14.5, 5.75, 15 ], "texture": "#spade7_atlas" },
				"up": { "uv": [ 4.25, 14, 5.75, 13.5 ], "texture": "#spade7_atlas" },
				"north": { "uv": [ 5.75, 13, 4.25, 13.5 ], "texture": "#spade7_atlas" },
				"south": { "uv": [ 4.25, 12.5, 5.75, 13 ], "texture": "#spade7_atlas" },
				"west": { "uv": [ 0.5, 8, 1, 8.5 ], "texture": "#spade7_atlas" },
				"east": { "uv": [ 1.5, 9.25, 1, 9.75 ], "texture": "#spade7_atlas" }
			}
		},
		{
			"__comment": "Voxels",
			"from": [ 6.6667, 16.3333, 7.6667 ],
			"to": [ 8.000033, 16.66663, 8.333366 ],
			"faces": {
				"down": { "uv": [ 6, 13, 7, 13.5 ], "texture": "#spade7_atlas" },
				"up": { "uv": [ 6, 14, 7, 13.5 ], "texture": "#spade7_atlas" },
				"north": { "uv": [ 10, 15.25, 9, 15.5 ], "texture": "#spade7_atlas" },
				"south": { "uv": [ 10, 15.25, 11, 15.5 ], "texture": "#spade7_atlas" },
				"west": { "uv": [ 8.25, 13.25, 8.75, 13.5 ], "texture": "#spade7_atlas" },
				"east": { "uv": [ 8.75, 13, 8.25, 13.25 ], "texture": "#spade7_atlas" }
			}
		},
		{
			"__comment": "Voxels",
			"from": [ 6.6667, 16.6667, 7.6667 ],
			"to": [ 7.333366, 17.00003, 8.333366 ],
			"faces": {
				"down": { "uv": [ 1, 8.75, 1.5, 9.25 ], "texture": "#spade7_atlas" },
				"up": { "uv": [ 1, 8.75, 1.5, 8.25 ], "texture": "#spade7_atlas" },
				"north": { "uv": [ 8.75, 12.75, 8.25, 13 ], "texture": "#spade7_atlas" },
				"south": { "uv": [ 7.75, 12.5, 8.25, 12.75 ], "texture": "#spade7_atlas" },
				"west": { "uv": [ 8.25, 12.5, 8.75, 12.75 ], "texture": "#spade7_atlas" },
				"east": { "uv": [ 8.5, 11.25, 8, 11.5 ], "texture": "#spade7_atlas" }
			}
		},
		{
			"__comment": "Voxels",
			"from": [ 7, -1, 7.6667 ],
			"to": [ 8, -0.6666666, 8.333366 ],
			"faces": {
				"down": { "uv": [ 7, 15, 7.75, 15.5 ], "texture": "#spade7_atlas" },
				"up": { "uv": [ 7, 15, 7.75, 14.5 ], "texture": "#spade7_atlas" },
				"north": { "uv": [ 7.75, 9.5, 7, 9.75 ], "texture": "#spade7_atlas" },
				"south": { "uv": [ 7, 9.75, 7.75, 10 ], "texture": "#spade7_atlas" },
				"west": { "uv": [ 8, 11, 8.5, 11.25 ], "texture": "#spade7_atlas" },
				"east": { "uv": [ 8.25, 10.75, 7.75, 11 ], "texture": "#spade7_atlas" }
			}
		},
		{
			"__comment": "Voxels",
			"from": [ 7, -0.3333, 7.6667 ],
			"to": [ 8.333333, 0.000033349, 8.333366 ],
			"faces": {
				"down": { "uv": [ 6, 11.5, 7, 12 ], "texture": "#spade7_atlas" },
				"up": { "uv": [ 6, 10, 7, 9.5 ], "texture": "#spade7_atlas" },
				"north": { "uv": [ 8.75, 15, 7.75, 15.25 ], "texture": "#spade7_atlas" },
				"south": { "uv": [ 15, 15.25, 16, 15.5 ], "texture": "#spade7_atlas" },
				"west": { "uv": [ 8.25, 10.75, 8.75, 11 ], "texture": "#spade7_atlas" },
				"east": { "uv": [ 16, 15.5, 15.5, 15.75 ], "texture": "#spade7_atlas" }
			}
		},
		{
			"__comment": "Voxels",
			"from": [ 7, 0.3333, 7.6667 ],
			"to": [ 8.333333, 1.3333, 8.000033 ],
			"faces": {
				"down": { "uv": [ 14, 15.25, 15, 15.5 ], "texture": "#spade7_atlas" },
				"up": { "uv": [ 13, 15.5, 14, 15.25 ], "texture": "#spade7_atlas" },
				"north": { "uv": [ 4, 11.75, 3, 12.5 ], "texture": "#spade7_atlas" },
				"south": { "uv": [ 3, 11, 4, 11.75 ], "texture": "#spade7_atlas" },
				"west": { "uv": [ 4, 11.75, 4.25, 12.5 ], "texture": "#spade7_atlas" },
				"east": { "uv": [ 4.25, 11, 4, 11.75 ], "texture": "#spade7_atlas" }
			}
		},
		{
			"__comment": "Voxels",
			"from": [ 7, 0.3333, 8 ],
			"to": [ 8.333333, 0.9999667, 8.333333 ],
			"faces": {
				"down": { "uv": [ 12, 15.25, 13, 15.5 ], "texture": "#spade7_atlas" },
				"up": { "uv": [ 11, 15.5, 12, 15.25 ], "texture": "#spade7_atlas" },
				"north": { "uv": [ 7, 10.5, 6, 11 ], "texture": "#spade7_atlas" },
				"south": { "uv": [ 6, 10, 7, 10.5 ], "texture": "#spade7_atlas" },
				"west": { "uv": [ 8.5, 9.5, 8.75, 10 ], "texture": "#spade7_atlas" },
				"east": { "uv": [ 8, 9, 7.75, 9.5 ], "texture": "#spade7_atlas" }
			}
		},
		{
			"__comment": "Voxels",
			"from": [ 7, 11, 7.6667 ],
			"to": [ 9.333334, 11.66667, 8.000033 ],
			"faces": {
				"down": { "uv": [ 14, 15.75, 15.75, 16 ], "texture": "#spade7_atlas" },
				"up": { "uv": [ 12.25, 16, 14, 15.75 ], "texture": "#spade7_atlas" },
				"north": { "uv": [ 6, 15.5, 4.25, 16 ], "texture": "#spade7_atlas" },
				"south": { "uv": [ 4.25, 15, 6, 15.5 ], "texture": "#spade7_atlas" },
				"west": { "uv": [ 8, 9, 8.25, 9.5 ], "texture": "#spade7_atlas" },
				"east": { "uv": [ 8.5, 9, 8.25, 9.5 ], "texture": "#spade7_atlas" }
			}
		},
		{
			"__comment": "Voxels",
			"from": [ 7, 11.3333, 8 ],
			"to": [ 9.333334, 11.66663, 8.333333 ],
			"faces": {
				"down": { "uv": [ 7, 15.5, 8.75, 15.75 ], "texture": "#spade7_atlas" },
				"up": { "uv": [ 7, 16, 8.75, 15.75 ], "texture": "#spade7_atlas" },
				"north": { "uv": [ 10.5, 15.75, 8.75, 16 ], "texture": "#spade7_atlas" },
				"south": { "uv": [ 10.5, 15.75, 12.25, 16 ], "texture": "#spade7_atlas" },
				"west": { "uv": [ 12, 14.75, 12.25, 15 ], "texture": "#spade7_atlas" },
				"east": { "uv": [ 12, 14.75, 11.75, 15 ], "texture": "#spade7_atlas" }
			}
		},
		{
			"__comment": "Voxels",
			"from": [ 7, 12.3333, 7.6667 ],
			"to": [ 8.666667, 12.66663, 8.333366 ],
			"faces": {
				"down": { "uv": [ 4.25, 8, 5.5, 8.5 ], "texture": "#spade7_atlas" },
				"up": { "uv": [ 4.25, 9.5, 5.5, 9 ], "texture": "#spade7_atlas" },
				"north": { "uv": [ 13, 15.5, 11.75, 15.75 ], "texture": "#spade7_atlas" },
				"south": { "uv": [ 13, 15.5, 14.25, 15.75 ], "texture": "#spade7_atlas" },
				"west": { "uv": [ 8.25, 10, 8.75, 10.25 ], "texture": "#spade7_atlas" },
				"east": { "uv": [ 8.25, 8.75, 7.75, 9 ], "texture": "#spade7_atlas" }
			}
		},
		{
			"__comment": "Voxels",
			"from": [ 7, 13.3333, 7.6667 ],
			"to": [ 8.666667, 13.66663, 8.333366 ],
			"faces": {
				"down": { "uv": [ 3, 8.5, 4.25, 9 ], "texture": "#spade7_atlas" },
				"up": { "uv": [ 4.25, 9, 5.5, 8.5 ], "texture": "#spade7_atlas" },
				"north": { "uv": [ 15.5, 15.5, 14.25, 15.75 ], "texture": "#spade7_atlas" },
				"south": { "uv": [ 7.75, 15.25, 9, 15.5 ], "texture": "#spade7_atlas" },
				"west": { "uv": [ 8.25, 8.75, 8.75, 9 ], "texture": "#spade7_atlas" },
				"east": { "uv": [ 8.25, 8.5, 7.75, 8.75 ], "texture": "#spade7_atlas" }
			}
		},
		{
			"__comment": "Voxels",
			"from": [ 7, 14.3333, 7.6667 ],
			"to": [ 9, 14.66663, 8.333366 ],
			"faces": {
				"down": { "uv": [ 4.25, 14, 5.75, 14.5 ], "texture": "#spade7_atlas" },
				"up": { "uv": [ 4.25, 12.5, 5.75, 12 ], "texture": "#spade7_atlas" },
				"north": { "uv": [ 11.75, 15.5, 10.25, 15.75 ], "texture": "#spade7_atlas" },
				"south": { "uv": [ 8.75, 15.5, 10.25, 15.75 ], "texture": "#spade7_atlas" },
				"west": { "uv": [ 8.25, 8.5, 8.75, 8.75 ], "texture": "#spade7_atlas" },
				"east": { "uv": [ 8.25, 8.25, 7.75, 8.5 ], "texture": "#spade7_atlas" }
			}
		},
		{
			"__comment": "Voxels",
			"from": [ 7, 14.6667, 7.6667 ],
			"to": [ 8.666667, 15.6667, 8.333366 ],
			"faces": {
				"down": { "uv": [ 4.25, 9.5, 5.5, 10 ], "texture": "#spade7_atlas" },
				"up": { "uv": [ 3, 8.5, 4.25, 8 ], "texture": "#spade7_atlas" },
				"north": { "uv": [ 4.25, 14.5, 3, 15.25 ], "texture": "#spade7_atlas" },
				"south": { "uv": [ 3, 15.25, 4.25, 16 ], "texture": "#spade7_atlas" },
				"west": { "uv": [ 0, 8.5, 0.5, 9.25 ], "texture": "#spade7_atlas" },
				"east": { "uv": [ 1, 8.5, 0.5, 9.25 ], "texture": "#spade7_atlas" }
			}
		},
		{
			"__comment": "Voxels",
			"from": [ 7, 15.6667, 7.6667 ],
			"to": [ 8.333333, 16.33337, 8.333366 ],
			"faces": {
				"down": { "uv": [ 6, 12, 7, 12.5 ], "texture": "#spade7_atlas" },
				"up": { "uv": [ 6, 13, 7, 12.5 ], "texture": "#spade7_atlas" },
				"north": { "uv": [ 7, 8, 6, 8.5 ], "texture": "#spade7_atlas" },
				"south": { "uv": [ 6, 14.5, 7, 15 ], "texture": "#spade7_atlas" },
				"west": { "uv": [ 3.75, 12.5, 4.25, 13 ], "texture": "#spade7_atlas" },
				"east": { "uv": [ 4.25, 10.5, 3.75, 11 ], "texture": "#spade7_atlas" }
			}
		},
		{
			"__comment": "Voxels",
			"from": [ 7.3333, -0.6667, 7.6667 ],
			"to": [ 8.3333, -0.3333667, 8.333366 ],
			"faces": {
				"down": { "uv": [ 7, 14, 7.75, 14.5 ], "texture": "#spade7_atlas" },
				"up": { "uv": [ 7, 14, 7.75, 13.5 ], "texture": "#spade7_atlas" },
				"north": { "uv": [ 7.75, 8, 7, 8.25 ], "texture": "#spade7_atlas" },
				"south": { "uv": [ 7, 9.25, 7.75, 9.5 ], "texture": "#spade7_atlas" },
				"west": { "uv": [ 8.25, 8, 8.75, 8.25 ], "texture": "#spade7_atlas" },
				"east": { "uv": [ 9.25, 15, 8.75, 15.25 ], "texture": "#spade7_atlas" }
			}
		},
		{
			"__comment": "Voxels",
			"from": [ 7.3333, 0, 7.6667 ],
			"to": [ 8.666633, 0.3333333, 8.333366 ],
			"faces": {
				"down": { "uv": [ 6, 8.5, 7, 9 ], "texture": "#spade7_atlas" },
				"up": { "uv": [ 6, 9.5, 7, 9 ], "texture": "#spade7_atlas" },
				"north": { "uv": [ 8.75, 14.75, 7.75, 15 ], "texture": "#spade7_atlas" },
				"south": { "uv": [ 7.75, 14.5, 8.75, 14.75 ], "texture": "#spade7_atlas" },
				"west": { "uv": [ 11.25, 15, 11.75, 15.25 ], "texture": "#spade7_atlas" },
				"east": { "uv": [ 12.25, 15, 11.75, 15.25 ], "texture": "#spade7_atlas" }
			}
		},
		{
			"__comment": "Voxels",
			"from": [ 7.3333, 0.6667, 7.3333 ],
			"to": [ 7.999966, 1.333367, 7.666633 ],
			"faces": {
				"down": { "uv": [ 1, 8, 1.5, 8.25 ], "texture": "#spade7_atlas" },
				"up": { "uv": [ 1.5, 8.25, 2, 8 ], "texture": "#spade7_atlas" },
				"north": { "uv": [ 4.25, 9, 3.75, 9.5 ], "texture": "#spade7_atlas" },
				"south": { "uv": [ 5.5, 11.5, 6, 12 ], "texture": "#spade7_atlas" },
				"west": { "uv": [ 5.75, 14, 6, 14.5 ], "texture": "#spade7_atlas" },
				"east": { "uv": [ 6, 14.5, 5.75, 15 ], "texture": "#spade7_atlas" }
			}
		},
		{
			"__comment": "Voxels",
			"from": [ 7.3333, 0.6667, 8.3333 ],
			"to": [ 7.999966, 1.000033, 8.666633 ],
			"faces": {
				"down": { "uv": [ 5.5, 9.75, 6, 10 ], "texture": "#spade7_atlas" },
				"up": { "uv": [ 5.5, 9.75, 6, 9.5 ], "texture": "#spade7_atlas" },
				"north": { "uv": [ 6, 9.25, 5.5, 9.5 ], "texture": "#spade7_atlas" },
				"south": { "uv": [ 5.5, 9, 6, 9.25 ], "texture": "#spade7_atlas" },
				"west": { "uv": [ 12.5, 14.75, 12.75, 15 ], "texture": "#spade7_atlas" },
				"east": { "uv": [ 12.5, 14.75, 12.25, 15 ], "texture": "#spade7_atlas" }
			}
		},
		{
			"__comment": "Voxels",
			"from": [ 7.3333, 1, 8 ],
			"to": [ 8.3333, 2.333333, 8.333333 ],
			"faces": {
				"down": { "uv": [ 7, 8.25, 7.75, 8.5 ], "texture": "#spade7_atlas" },
				"up": { "uv": [ 7, 9.25, 7.75, 9 ], "texture": "#spade7_atlas" },
				"north": { "uv": [ 3.75, 10, 3, 11 ], "texture": "#spade7_atlas" },
				"south": { "uv": [ 3, 9, 3.75, 10 ], "texture": "#spade7_atlas" },
				"west": { "uv": [ 4, 13.5, 4.25, 14.5 ], "texture": "#spade7_atlas" },
				"east": { "uv": [ 2.75, 8.75, 2.5, 9.75 ], "texture": "#spade7_atlas" }
			}
		},
		{
			"__comment": "Voxels",
			"from": [ 7.3333, 1.3333, 7.6667 ],
			"to": [ 8.3333, 2.666633, 8.000033 ],
			"faces": {
				"down": { "uv": [ 7, 10.25, 7.75, 10.5 ], "texture": "#spade7_atlas" },
				"up": { "uv": [ 7, 10.25, 7.75, 10 ], "texture": "#spade7_atlas" },
				"north": { "uv": [ 3.75, 12.5, 3, 13.5 ], "texture": "#spade7_atlas" },
				"south": { "uv": [ 3, 13.5, 3.75, 14.5 ], "texture": "#spade7_atlas" },
				"west": { "uv": [ 2.75, 8.75, 3, 9.75 ], "texture": "#spade7_atlas" },
				"east": { "uv": [ 4, 13.5, 3.75, 14.5 ], "texture": "#spade7_atlas" }
			}
		},
		{
			"__comment": "Voxels",
			"from": [ 7.3333, 2.3333, 8 ],
			"to": [ 7.999966, 11.3333, 8.333333 ],
			"faces": {
				"down": { "uv": [ 5.5, 8.75, 6, 9 ], "texture": "#spade7_atlas" },
				"up": { "uv": [ 5.5, 8.75, 6, 8.5 ], "texture": "#spade7_atlas" },
				"north": { "uv": [ 0.5, 9.25, 0, 16 ], "texture": "#spade7_atlas" },
				"south": { "uv": [ 0.5, 9.25, 1, 16 ], "texture": "#spade7_atlas" },
				"west": { "uv": [ 2.25, 9.25, 2.5, 16 ], "texture": "#spade7_atlas" },
				"east": { "uv": [ 2.25, 9.25, 2, 16 ], "texture": "#spade7_atlas" }
			}
		},
		{
			"__comment": "Voxels",
			"from": [ 7.3333, 2.6667, 7.6667 ],
			"to": [ 7.999966, 11.00003, 8.000033 ],
			"faces": {
				"down": { "uv": [ 5.5, 8.25, 6, 8.5 ], "texture": "#spade7_atlas" },
				"up": { "uv": [ 5.5, 8.25, 6, 8 ], "texture": "#spade7_atlas" },
				"north": { "uv": [ 1.5, 9.75, 1, 16 ], "texture": "#spade7_atlas" },
				"south": { "uv": [ 1.5, 9.75, 2, 16 ], "texture": "#spade7_atlas" },
				"west": { "uv": [ 2.5, 9.75, 2.75, 16 ], "texture": "#spade7_atlas" },
				"east": { "uv": [ 3, 9.75, 2.75, 16 ], "texture": "#spade7_atlas" }
			}
		},
		{
			"__comment": "Voxels",
			"from": [ 7.3333, 12.6667, 7.6667 ],
			"to": [ 8.666633, 13.33337, 8.333366 ],
			"faces": {
				"down": { "uv": [ 6, 15.5, 7, 16 ], "texture": "#spade7_atlas" },
				"up": { "uv": [ 6, 14.5, 7, 14 ], "texture": "#spade7_atlas" },
				"north": { "uv": [ 7, 15, 6, 15.5 ], "texture": "#spade7_atlas" },
				"south": { "uv": [ 6, 11, 7, 11.5 ], "texture": "#spade7_atlas" },
				"west": { "uv": [ 3.75, 9.5, 4.25, 10 ], "texture": "#spade7_atlas" },
				"east": { "uv": [ 2, 9.25, 1.5, 9.75 ], "texture": "#spade7_atlas" }
			}
		},
		{
			"__comment": "Voxels",
			"from": [ 7.6667, -0.3333, 7.3333 ],
			"to": [ 8.000033, 0.000033349, 7.666633 ],
			"faces": {
				"down": { "uv": [ 13.25, 14.75, 13.5, 15 ], "texture": "#spade7_atlas" },
				"up": { "uv": [ 13.5, 15, 13.75, 14.75 ], "texture": "#spade7_atlas" },
				"north": { "uv": [ 14, 14.75, 13.75, 15 ], "texture": "#spade7_atlas" },
				"south": { "uv": [ 14.5, 14.75, 14.75, 15 ], "texture": "#spade7_atlas" },
				"west": { "uv": [ 15.25, 14.75, 15.5, 15 ], "texture": "#spade7_atlas" },
				"east": { "uv": [ 15.75, 14.75, 15.5, 15 ], "texture": "#spade7_atlas" }
			}
		},
		{
			"__comment": "Voxels",
			"from": [ 7.6667, -0.3333, 8.3333 ],
			"to": [ 8.000033, 0.000033349, 8.666633 ],
			"faces": {
				"down": { "uv": [ 15.75, 14.75, 16, 15 ], "texture": "#spade7_atlas" },
				"up": { "uv": [ 9, 14.75, 9.25, 14.5 ], "texture": "#spade7_atlas" },
				"north": { "uv": [ 9.25, 13.75, 9, 14 ], "texture": "#spade7_atlas" },
				"south": { "uv": [ 9, 13.5, 9.25, 13.75 ], "texture": "#spade7_atlas" },
				"west": { "uv": [ 9, 13.25, 9.25, 13.5 ], "texture": "#spade7_atlas" },
				"east": { "uv": [ 9.25, 13, 9, 13.25 ], "texture": "#spade7_atlas" }
			}
		},
		{
			"__comment": "Voxels",
			"from": [ 7.6667, 0.3333, 7.3333 ],
			"to": [ 8.000033, 0.6666334, 7.666633 ],
			"faces": {
				"down": { "uv": [ 15, 15, 15.25, 15.25 ], "texture": "#spade7_atlas" },
				"up": { "uv": [ 15.25, 15.25, 15.5, 15 ], "texture": "#spade7_atlas" },
				"north": { "uv": [ 15.75, 15, 15.5, 15.25 ], "texture": "#spade7_atlas" },
				"south": { "uv": [ 15.75, 15, 16, 15.25 ], "texture": "#spade7_atlas" },
				"west": { "uv": [ 8.75, 14, 9, 14.25 ], "texture": "#spade7_atlas" },
				"east": { "uv": [ 9, 9.25, 8.75, 9.5 ], "texture": "#spade7_atlas" }
			}
		},
		{
			"__comment": "Voxels",
			"from": [ 7.6667, 0.3333, 8.3333 ],
			"to": [ 8.000033, 0.6666334, 8.666633 ],
			"faces": {
				"down": { "uv": [ 8.75, 9, 9, 9.25 ], "texture": "#spade7_atlas" },
				"up": { "uv": [ 8.75, 9, 9, 8.75 ], "texture": "#spade7_atlas" },
				"north": { "uv": [ 9, 8.5, 8.75, 8.75 ], "texture": "#spade7_atlas" },
				"south": { "uv": [ 9, 14.75, 9.25, 15 ], "texture": "#spade7_atlas" },
				"west": { "uv": [ 9.25, 14.75, 9.5, 15 ], "texture": "#spade7_atlas" },
				"east": { "uv": [ 9.75, 14.75, 9.5, 15 ], "texture": "#spade7_atlas" }
			}
		},
		{
			"__comment": "Voxels",
			"from": [ 7.6667, 1, 8.3333 ],
			"to": [ 8.000033, 2.333333, 8.666633 ],
			"faces": {
				"down": { "uv": [ 9.75, 14.75, 10, 15 ], "texture": "#spade7_atlas" },
				"up": { "uv": [ 11.5, 15, 11.75, 14.75 ], "texture": "#spade7_atlas" },
				"north": { "uv": [ 2.25, 8.25, 2, 9.25 ], "texture": "#spade7_atlas" },
				"south": { "uv": [ 2.25, 8.25, 2.5, 9.25 ], "texture": "#spade7_atlas" },
				"west": { "uv": [ 7, 11.5, 7.25, 12.5 ], "texture": "#spade7_atlas" },
				"east": { "uv": [ 7.5, 11.5, 7.25, 12.5 ], "texture": "#spade7_atlas" }
			}
		},
		{
			"__comment": "Voxels",
			"from": [ 7.6667, 1.3333, 7.3333 ],
			"to": [ 8.000033, 2.3333, 7.666633 ],
			"faces": {
				"down": { "uv": [ 12.75, 14.75, 13, 15 ], "texture": "#spade7_atlas" },
				"up": { "uv": [ 13, 15, 13.25, 14.75 ], "texture": "#spade7_atlas" },
				"north": { "uv": [ 8, 12.75, 7.75, 13.5 ], "texture": "#spade7_atlas" },
				"south": { "uv": [ 2.5, 8, 2.75, 8.75 ], "texture": "#spade7_atlas" },
				"west": { "uv": [ 2.75, 8, 3, 8.75 ], "texture": "#spade7_atlas" },
				"east": { "uv": [ 8.25, 12.75, 8, 13.5 ], "texture": "#spade7_atlas" }
			}
		},
		{
			"__comment": "Voxels",
			"from": [ 7.6667, 8.666699, 7.3333 ],
			"to": [ 8.000033, 9.333366, 7.666633 ],
			"faces": {
				"down": { "uv": [ 14.75, 14.75, 15, 15 ], "texture": "#spade7_atlas" },
				"up": { "uv": [ 15, 15, 15.25, 14.75 ], "texture": "#spade7_atlas" },
				"north": { "uv": [ 6, 13.5, 5.75, 14 ], "texture": "#spade7_atlas" },
				"south": { "uv": [ 5.75, 13, 6, 13.5 ], "texture": "#spade7_atlas" },
				"west": { "uv": [ 5.75, 12.5, 6, 13 ], "texture": "#spade7_atlas" },
				"east": { "uv": [ 6, 12, 5.75, 12.5 ], "texture": "#spade7_atlas" }
			}
		},
		{
			"__comment": "Voxels",
			"from": [ 7.6667, 8.666699, 8.3333 ],
			"to": [ 8.000033, 9.333366, 8.666633 ],
			"faces": {
				"down": { "uv": [ 9, 14.25, 9.25, 14.5 ], "texture": "#spade7_atlas" },
				"up": { "uv": [ 9, 14.25, 9.25, 14 ], "texture": "#spade7_atlas" },
				"north": { "uv": [ 8, 12, 7.75, 12.5 ], "texture": "#spade7_atlas" },
				"south": { "uv": [ 8, 12, 8.25, 12.5 ], "texture": "#spade7_atlas" },
				"west": { "uv": [ 8.25, 12, 8.5, 12.5 ], "texture": "#spade7_atlas" },
				"east": { "uv": [ 8.75, 12, 8.5, 12.5 ], "texture": "#spade7_atlas" }
			}
		},
		{
			"__comment": "Voxels",
			"from": [ 7.6667, 9.666699, 7.3333 ],
			"to": [ 8.000033, 10.00003, 7.666633 ],
			"faces": {
				"down": { "uv": [ 9, 12.75, 9.25, 13 ], "texture": "#spade7_atlas" },
				"up": { "uv": [ 9, 12.75, 9.25, 12.5 ], "texture": "#spade7_atlas" },
				"north": { "uv": [ 9.25, 12.25, 9, 12.5 ], "texture": "#spade7_atlas" },
				"south": { "uv": [ 9, 12, 9.25, 12.25 ], "texture": "#spade7_atlas" },
				"west": { "uv": [ 9, 11.75, 9.25, 12 ], "texture": "#spade7_atlas" },
				"east": { "uv": [ 9.25, 11.5, 9, 11.75 ], "texture": "#spade7_atlas" }
			}
		},
		{
			"__comment": "Voxels",
			"from": [ 7.6667, 9.666699, 8.3333 ],
			"to": [ 8.000033, 10.00003, 8.666633 ],
			"faces": {
				"down": { "uv": [ 9, 11.25, 9.25, 11.5 ], "texture": "#spade7_atlas" },
				"up": { "uv": [ 9, 10.75, 9.25, 10.5 ], "texture": "#spade7_atlas" },
				"north": { "uv": [ 2.25, 8, 2, 8.25 ], "texture": "#spade7_atlas" },
				"south": { "uv": [ 2.25, 8, 2.5, 8.25 ], "texture": "#spade7_atlas" },
				"west": { "uv": [ 15.75, 15.75, 16, 16 ], "texture": "#spade7_atlas" },
				"east": { "uv": [ 8.75, 11.25, 8.5, 11.5 ], "texture": "#spade7_atlas" }
			}
		},
		{
			"__comment": "Voxels",
			"from": [ 7.6667, 10.6667, 7.3333 ],
			"to": [ 8.000033, 11.33337, 7.666633 ],
			"faces": {
				"down": { "uv": [ 8.5, 11, 8.75, 11.25 ], "texture": "#spade7_atlas" },
				"up": { "uv": [ 14.75, 15.25, 15, 15 ], "texture": "#spade7_atlas" },
				"north": { "uv": [ 8, 11.5, 7.75, 12 ], "texture": "#spade7_atlas" },
				"south": { "uv": [ 8, 11.5, 8.25, 12 ], "texture": "#spade7_atlas" },
				"west": { "uv": [ 8.25, 11.5, 8.5, 12 ], "texture": "#spade7_atlas" },
				"east": { "uv": [ 8.75, 11.5, 8.5, 12 ], "texture": "#spade7_atlas" }
			}
		},
		{
			"__comment": "Voxels",
			"from": [ 7.6667, 11, 8.3333 ],
			"to": [ 8.000033, 11.33333, 8.666633 ],
			"faces": {
				"down": { "uv": [ 8.75, 14.25, 9, 14.5 ], "texture": "#spade7_atlas" },
				"up": { "uv": [ 9, 10.5, 9.25, 10.25 ], "texture": "#spade7_atlas" },
				"north": { "uv": [ 9, 13.75, 8.75, 14 ], "texture": "#spade7_atlas" },
				"south": { "uv": [ 8.75, 13.5, 9, 13.75 ], "texture": "#spade7_atlas" },
				"west": { "uv": [ 8.75, 13.25, 9, 13.5 ], "texture": "#spade7_atlas" },
				"east": { "uv": [ 9, 13, 8.75, 13.25 ], "texture": "#spade7_atlas" }
			}
		},
		{
			"__comment": "Voxels",
			"from": [ 8, 0, 7.3333 ],
			"to": [ 8.333333, 0.3333333, 7.666633 ],
			"faces": {
				"down": { "uv": [ 8.75, 12.75, 9, 13 ], "texture": "#spade7_atlas" },
				"up": { "uv": [ 8.75, 12.75, 9, 12.5 ], "texture": "#spade7_atlas" },
				"north": { "uv": [ 9, 12.25, 8.75, 12.5 ], "texture": "#spade7_atlas" },
				"south": { "uv": [ 8.75, 12, 9, 12.25 ], "texture": "#spade7_atlas" },
				"west": { "uv": [ 8.75, 11.75, 9, 12 ], "texture": "#spade7_atlas" },
				"east": { "uv": [ 9, 11.5, 8.75, 11.75 ], "texture": "#spade7_atlas" }
			}
		},
		{
			"__comment": "Voxels",
			"from": [ 8, 0, 8.3333 ],
			"to": [ 8.333333, 0.3333333, 8.666633 ],
			"faces": {
				"down": { "uv": [ 8.75, 11.25, 9, 11.5 ], "texture": "#spade7_atlas" },
				"up": { "uv": [ 8.75, 11.25, 9, 11 ], "texture": "#spade7_atlas" },
				"north": { "uv": [ 9, 10.75, 8.75, 11 ], "texture": "#spade7_atlas" },
				"south": { "uv": [ 8.75, 10.5, 9, 10.75 ], "texture": "#spade7_atlas" },
				"west": { "uv": [ 8.75, 10.25, 9, 10.5 ], "texture": "#spade7_atlas" },
				"east": { "uv": [ 9, 10, 8.75, 10.25 ], "texture": "#spade7_atlas" }
			}
		},
		{
			"__comment": "Voxels",
			"from": [ 8, 8.666699, 7.6667 ],
			"to": [ 8.333333, 10.00003, 8.000033 ],
			"faces": {
				"down": { "uv": [ 8.75, 9.75, 9, 10 ], "texture": "#spade7_atlas" },
				"up": { "uv": [ 8.75, 9.75, 9, 9.5 ], "texture": "#spade7_atlas" },
				"north": { "uv": [ 7.75, 11.5, 7.5, 12.5 ], "texture": "#spade7_atlas" },
				"south": { "uv": [ 7, 10.5, 7.25, 11.5 ], "texture": "#spade7_atlas" },
				"west": { "uv": [ 7.25, 10.5, 7.5, 11.5 ], "texture": "#spade7_atlas" },
				"east": { "uv": [ 7.75, 10.5, 7.5, 11.5 ], "texture": "#spade7_atlas" }
			}
		},
		{
			"__comment": "Voxels",
			"from": [ 8, 8.666699, 8 ],
			"to": [ 8.333333, 9.333366, 8.333333 ],
			"faces": {
				"down": { "uv": [ 8.75, 8.25, 9, 8.5 ], "texture": "#spade7_atlas" },
				"up": { "uv": [ 8.75, 8.25, 9, 8 ], "texture": "#spade7_atlas" },
				"north": { "uv": [ 8, 10.25, 7.75, 10.75 ], "texture": "#spade7_atlas" },
				"south": { "uv": [ 8, 10.25, 8.25, 10.75 ], "texture": "#spade7_atlas" },
				"west": { "uv": [ 8.25, 10.25, 8.5, 10.75 ], "texture": "#spade7_atlas" },
				"east": { "uv": [ 8.75, 10.25, 8.5, 10.75 ], "texture": "#spade7_atlas" }
			}
		},
		{
			"__comment": "Voxels",
			"from": [ 8, 9.666699, 8 ],
			"to": [ 8.333333, 10.00003, 8.333333 ],
			"faces": {
				"down": { "uv": [ 10, 14.75, 10.25, 15 ], "texture": "#spade7_atlas" },
				"up": { "uv": [ 10.25, 15, 10.5, 14.75 ], "texture": "#spade7_atlas" },
				"north": { "uv": [ 10.75, 14.75, 10.5, 15 ], "texture": "#spade7_atlas" },
				"south": { "uv": [ 10.75, 14.75, 11, 15 ], "texture": "#spade7_atlas" },
				"west": { "uv": [ 11, 14.75, 11.25, 15 ], "texture": "#spade7_atlas" },
				"east": { "uv": [ 11.5, 14.75, 11.25, 15 ], "texture": "#spade7_atlas" }
			}
		},
		{
			"__comment": "Voxels",
			"from": [ 8, 10.3333, 7.6667 ],
			"to": [ 8.333333, 10.99997, 8.333366 ],
			"faces": {
				"down": { "uv": [ 7.75, 11, 8, 11.5 ], "texture": "#spade7_atlas" },
				"up": { "uv": [ 7.75, 10, 8, 9.5 ], "texture": "#spade7_atlas" },
				"north": { "uv": [ 8.25, 9.5, 8, 10 ], "texture": "#spade7_atlas" },
				"south": { "uv": [ 8.25, 9.5, 8.5, 10 ], "texture": "#spade7_atlas" },
				"west": { "uv": [ 5.5, 11, 6, 11.5 ], "texture": "#spade7_atlas" },
				"east": { "uv": [ 6, 10.5, 5.5, 11 ], "texture": "#spade7_atlas" }
			}
		},
		{
			"__comment": "Voxels",
			"from": [ 8, 11, 8 ],
			"to": [ 9.333333, 11.33333, 8.333333 ],
			"faces": {
				"down": { "uv": [ 7.75, 14, 8.75, 14.25 ], "texture": "#spade7_atlas" },
				"up": { "uv": [ 7.75, 14, 8.75, 13.75 ], "texture": "#spade7_atlas" },
				"north": { "uv": [ 8.75, 14.25, 7.75, 14.5 ], "texture": "#spade7_atlas" },
				"south": { "uv": [ 7.75, 13.5, 8.75, 13.75 ], "texture": "#spade7_atlas" },
				"west": { "uv": [ 14, 14.75, 14.25, 15 ], "texture": "#spade7_atlas" },
				"east": { "uv": [ 14.5, 14.75, 14.25, 15 ], "texture": "#spade7_atlas" }
			}
		},
		{
			"__comment": "Voxels",
			"from": [ 8.3333, 10.6667, 7.6667 ],
			"to": [ 9.3333, 11.00003, 8.333366 ],
			"faces": {
				"down": { "uv": [ 7, 12.5, 7.75, 13 ], "texture": "#spade7_atlas" },
				"up": { "uv": [ 7, 13.5, 7.75, 13 ], "texture": "#spade7_atlas" },
				"north": { "uv": [ 7.75, 8.75, 7, 9 ], "texture": "#spade7_atlas" },
				"south": { "uv": [ 7, 8.5, 7.75, 8.75 ], "texture": "#spade7_atlas" },
				"west": { "uv": [ 7.75, 8, 8.25, 8.25 ], "texture": "#spade7_atlas" },
				"east": { "uv": [ 8.75, 8.25, 8.25, 8.5 ], "texture": "#spade7_atlas" }
			}
		},
		{
			"__comment": "Voxels",
			"from": [ 8.666699, 10.3333, 7.6667 ],
			"to": [ 9.333366, 10.66663, 8.333366 ],
			"faces": {
				"down": { "uv": [ 5.5, 10, 6, 10.5 ], "texture": "#spade7_atlas" },
				"up": { "uv": [ 1.5, 9.25, 2, 8.75 ], "texture": "#spade7_atlas" },
				"north": { "uv": [ 9.75, 15, 9.25, 15.25 ], "texture": "#spade7_atlas" },
				"south": { "uv": [ 9.75, 15, 10.25, 15.25 ], "texture": "#spade7_atlas" },
				"west": { "uv": [ 10.25, 15, 10.75, 15.25 ], "texture": "#spade7_atlas" },
				"east": { "uv": [ 11.25, 15, 10.75, 15.25 ], "texture": "#spade7_atlas" }
			}
		},
		{
			"__comment": "Voxels",
			"from": [ 8.666699, 11.6667, 7.6667 ],
			"to": [ 9.333366, 12.00003, 8.333366 ],
			"faces": {
				"down": { "uv": [ 3.75, 13, 4.25, 13.5 ], "texture": "#spade7_atlas" },
				"up": { "uv": [ 3.75, 10.5, 4.25, 10 ], "texture": "#spade7_atlas" },
				"north": { "uv": [ 12.75, 15, 12.25, 15.25 ], "texture": "#spade7_atlas" },
				"south": { "uv": [ 12.75, 15, 13.25, 15.25 ], "texture": "#spade7_atlas" },
				"west": { "uv": [ 13.25, 15, 13.75, 15.25 ], "texture": "#spade7_atlas" },
				"east": { "uv": [ 14.25, 15, 13.75, 15.25 ], "texture": "#spade7_atlas" }
			}
		},
		{
			"__comment": "Voxels",
			"from": [ 9, 10, 7.6667 ],
			"to": [ 9.333333, 10.33333, 8.333366 ],
			"faces": {
				"down": { "uv": [ 8.5, 9, 8.75, 9.5 ], "texture": "#spade7_atlas" },
				"up": { "uv": [ 8.75, 15, 9, 14.5 ], "texture": "#spade7_atlas" },
				"north": { "uv": [ 9.25, 11, 9, 11.25 ], "texture": "#spade7_atlas" },
				"south": { "uv": [ 9, 10.75, 9.25, 11 ], "texture": "#spade7_atlas" },
				"west": { "uv": [ 14.25, 15, 14.75, 15.25 ], "texture": "#spade7_atlas" },
				"east": { "uv": [ 8.25, 10, 7.75, 10.25 ], "texture": "#spade7_atlas" }
			}
		}
	],
	"display": {
		"thirdperson_righthand": {
			"rotation":  [ 10, 90, 0 ],
			"translation":  [ 0, 2, 2 ],
			"scale":  [ 1.5, 1.5, 1.5 ]
		},
		"thirdperson_lefthand": {
			"rotation":  [ 10, -90, 0 ],
			"translation":  [ 0, 2, 2 ],
			"scale":  [ 1.5, 1.5, 1.5 ]
		},
		"firstperson_righthand": {
			"rotation":  [ -80, 90, 0 ],
			"translation":  [ 0, 3.5, 0 ]
		},
		"firstperson_lefthand": {
			"rotation":  [ -80, -90, 0 ],
			"translation":  [ 0, 3.5, 0 ]
		},
		"gui": {
			"rotation":  [ 0, 0, -50 ]
		},
		"ground": {
			"translation":  [ 0, 10, 0 ]
		}
	}
}