{
	"__comment": "Designed by Xiaoxiafeng with Cubik Studio - https://cubik.studio",
	"textures": {
		"texture": "trademodel/e_texture",
		"spade4_atlas": "trademodel/spade4_atlas"
	},
	"elements": [ 	 
		{
			"__comment": "Voxels",
			"from": [ 5.3333, 12, 7.6667 ],
			"to": [ 6.666633, 13, 8.333366 ],
			"faces": {
				"down": { "uv": [ 8, 14.5, 9, 15 ], "texture": "#spade4_atlas" },
				"up": { "uv": [ 8, 9.5, 9, 9 ], "texture": "#spade4_atlas" },
				"north": { "uv": [ 5, 10.25, 4, 11 ], "texture": "#spade4_atlas" },
				"south": { "uv": [ 5, 10.25, 6, 11 ], "texture": "#spade4_atlas" },
				"west": { "uv": [ 11.25, 13.25, 11.75, 14 ], "texture": "#spade4_atlas" },
				"east": { "uv": [ 16, 13.25, 15.5, 14 ], "texture": "#spade4_atlas" }
			}
		},
		{
			"__comment": "Voxels",
			"from": [ 5.3333, 13, 7.6667 ],
			"to": [ 5.999966, 13.33333, 8.333366 ],
			"faces": {
				"down": { "uv": [ 13.75, 12.75, 14.25, 13.25 ], "texture": "#spade4_atlas" },
				"up": { "uv": [ 10.75, 10.75, 11.25, 10.25 ], "texture": "#spade4_atlas" },
				"north": { "uv": [ 12, 12.5, 11.5, 12.75 ], "texture": "#spade4_atlas" },
				"south": { "uv": [ 12.25, 13.25, 12.75, 13.5 ], "texture": "#spade4_atlas" },
				"west": { "uv": [ 15.5, 14.25, 16, 14.5 ], "texture": "#spade4_atlas" },
				"east": { "uv": [ 5.5, 8, 5, 8.25 ], "texture": "#spade4_atlas" }
			}
		},
		{
			"__comment": "Voxels",
			"from": [ 5.6667, 11.6667, 7.6667 ],
			"to": [ 7.6667, 12.00003, 8.333366 ],
			"faces": {
				"down": { "uv": [ 6.5, 15.5, 8, 16 ], "texture": "#spade4_atlas" },
				"up": { "uv": [ 6.5, 15.5, 8, 15 ], "texture": "#spade4_atlas" },
				"north": { "uv": [ 15, 13.75, 13.5, 14 ], "texture": "#spade4_atlas" },
				"south": { "uv": [ 14.5, 14, 16, 14.25 ], "texture": "#spade4_atlas" },
				"west": { "uv": [ 3.5, 12.75, 4, 13 ], "texture": "#spade4_atlas" },
				"east": { "uv": [ 1, 8, 0.5, 8.25 ], "texture": "#spade4_atlas" }
			}
		},
		{
			"__comment": "Voxels",
			"from": [ 6, 11, 7.6667 ],
			"to": [ 7.333333, 11.66667, 8.333366 ],
			"faces": {
				"down": { "uv": [ 9, 11.5, 10, 12 ], "texture": "#spade4_atlas" },
				"up": { "uv": [ 9, 11.5, 10, 11 ], "texture": "#spade4_atlas" },
				"north": { "uv": [ 6.5, 9.75, 5.5, 10.25 ], "texture": "#spade4_atlas" },
				"south": { "uv": [ 14.5, 15.5, 15.5, 16 ], "texture": "#spade4_atlas" },
				"west": { "uv": [ 14.5, 13.25, 15, 13.75 ], "texture": "#spade4_atlas" },
				"east": { "uv": [ 16, 15.5, 15.5, 16 ], "texture": "#spade4_atlas" }
			}
		},
		{
			"__comment": "Voxels",
			"from": [ 6.3333, 10.6667, 7.6667 ],
			"to": [ 9.666634, 11.00003, 8.333366 ],
			"faces": {
				"down": { "uv": [ 4, 15, 6.5, 15.5 ], "texture": "#spade4_atlas" },
				"up": { "uv": [ 4, 14.5, 6.5, 14 ], "texture": "#spade4_atlas" },
				"north": { "uv": [ 12, 15.5, 9.5, 15.75 ], "texture": "#spade4_atlas" },
				"south": { "uv": [ 9.5, 15.75, 12, 16 ], "texture": "#spade4_atlas" },
				"west": { "uv": [ 0, 8, 0.5, 8.25 ], "texture": "#spade4_atlas" },
				"east": { "uv": [ 15.25, 12, 14.75, 12.25 ], "texture": "#spade4_atlas" }
			}
		},
		{
			"__comment": "Voxels",
			"from": [ 6.3333, 11, 7.3333 ],
			"to": [ 9.666634, 11.66667, 7.666633 ],
			"faces": {
				"down": { "uv": [ 8, 15.25, 10.5, 15.5 ], "texture": "#spade4_atlas" },
				"up": { "uv": [ 13, 15.5, 15.5, 15.25 ], "texture": "#spade4_atlas" },
				"north": { "uv": [ 6.5, 14.5, 4, 15 ], "texture": "#spade4_atlas" },
				"south": { "uv": [ 4, 15.5, 6.5, 16 ], "texture": "#spade4_atlas" },
				"west": { "uv": [ 11.5, 10.5, 11.75, 11 ], "texture": "#spade4_atlas" },
				"east": { "uv": [ 11.75, 11, 11.5, 11.5 ], "texture": "#spade4_atlas" }
			}
		},
		{
			"__comment": "Voxels",
			"from": [ 6.3333, 11, 8.3333 ],
			"to": [ 9.666634, 11.66667, 8.666633 ],
			"faces": {
				"down": { "uv": [ 12, 15.5, 14.5, 15.75 ], "texture": "#spade4_atlas" },
				"up": { "uv": [ 10.5, 15.5, 13, 15.25 ], "texture": "#spade4_atlas" },
				"north": { "uv": [ 6.5, 12, 4, 12.5 ], "texture": "#spade4_atlas" },
				"south": { "uv": [ 4, 12.5, 6.5, 13 ], "texture": "#spade4_atlas" },
				"west": { "uv": [ 11.5, 11.5, 11.75, 12 ], "texture": "#spade4_atlas" },
				"east": { "uv": [ 11.5, 8.5, 11.25, 9 ], "texture": "#spade4_atlas" }
			}
		},
		{
			"__comment": "Voxels",
			"from": [ 6.3333, 14.3333, 7.6667 ],
			"to": [ 9.666634, 14.66663, 8.333366 ],
			"faces": {
				"down": { "uv": [ 4, 13, 6.5, 13.5 ], "texture": "#spade4_atlas" },
				"up": { "uv": [ 4, 14, 6.5, 13.5 ], "texture": "#spade4_atlas" },
				"north": { "uv": [ 14.5, 15.75, 12, 16 ], "texture": "#spade4_atlas" },
				"south": { "uv": [ 8, 15, 10.5, 15.25 ], "texture": "#spade4_atlas" },
				"west": { "uv": [ 14.5, 12.5, 15, 12.75 ], "texture": "#spade4_atlas" },
				"east": { "uv": [ 15.25, 12.25, 14.75, 12.5 ], "texture": "#spade4_atlas" }
			}
		},
		{
			"__comment": "Voxels",
			"from": [ 6.6667, 10.3333, 7.6667 ],
			"to": [ 9.333366, 10.66663, 8.333366 ],
			"faces": {
				"down": { "uv": [ 2, 10.25, 4, 10.75 ], "texture": "#spade4_atlas" },
				"up": { "uv": [ 2, 10.25, 4, 9.75 ], "texture": "#spade4_atlas" },
				"north": { "uv": [ 4, 8, 2, 8.25 ], "texture": "#spade4_atlas" },
				"south": { "uv": [ 10.5, 15, 12.5, 15.25 ], "texture": "#spade4_atlas" },
				"west": { "uv": [ 14.25, 12, 14.75, 12.25 ], "texture": "#spade4_atlas" },
				"east": { "uv": [ 13.25, 12, 12.75, 12.25 ], "texture": "#spade4_atlas" }
			}
		},
		{
			"__comment": "Voxels",
			"from": [ 6.6667, 10.6667, 7.3333 ],
			"to": [ 9.333366, 11.00003, 7.666633 ],
			"faces": {
				"down": { "uv": [ 12.5, 15, 14.5, 15.25 ], "texture": "#spade4_atlas" },
				"up": { "uv": [ 9, 15, 11, 14.75 ], "texture": "#spade4_atlas" },
				"north": { "uv": [ 13, 14.75, 11, 15 ], "texture": "#spade4_atlas" },
				"south": { "uv": [ 13, 14.75, 15, 15 ], "texture": "#spade4_atlas" },
				"west": { "uv": [ 13.75, 11.75, 14, 12 ], "texture": "#spade4_atlas" },
				"east": { "uv": [ 13.25, 11.75, 13, 12 ], "texture": "#spade4_atlas" }
			}
		},
		{
			"__comment": "Voxels",
			"from": [ 6.6667, 10.6667, 8.3333 ],
			"to": [ 9.333366, 11.00003, 8.666633 ],
			"faces": {
				"down": { "uv": [ 9, 14.5, 11, 14.75 ], "texture": "#spade4_atlas" },
				"up": { "uv": [ 11, 14.75, 13, 14.5 ], "texture": "#spade4_atlas" },
				"north": { "uv": [ 15, 14.5, 13, 14.75 ], "texture": "#spade4_atlas" },
				"south": { "uv": [ 11, 14, 13, 14.25 ], "texture": "#spade4_atlas" },
				"west": { "uv": [ 12.75, 11.75, 13, 12 ], "texture": "#spade4_atlas" },
				"east": { "uv": [ 16, 12.25, 15.75, 12.5 ], "texture": "#spade4_atlas" }
			}
		},
		{
			"__comment": "Voxels",
			"from": [ 6.6667, 13, 7.6667 ],
			"to": [ 9.333366, 13.33333, 8.333366 ],
			"faces": {
				"down": { "uv": [ 4, 11, 6, 11.5 ], "texture": "#spade4_atlas" },
				"up": { "uv": [ 2, 9.75, 4, 9.25 ], "texture": "#spade4_atlas" },
				"north": { "uv": [ 11, 14.25, 9, 14.5 ], "texture": "#spade4_atlas" },
				"south": { "uv": [ 11, 14.25, 13, 14.5 ], "texture": "#spade4_atlas" },
				"west": { "uv": [ 13.25, 12.25, 13.75, 12.5 ], "texture": "#spade4_atlas" },
				"east": { "uv": [ 13.25, 12.25, 12.75, 12.5 ], "texture": "#spade4_atlas" }
			}
		},
		{
			"__comment": "Voxels",
			"from": [ 6.6667, 14, 7.6667 ],
			"to": [ 9.333366, 14.33333, 8.333366 ],
			"faces": {
				"down": { "uv": [ 2, 8.25, 4, 8.75 ], "texture": "#spade4_atlas" },
				"up": { "uv": [ 4, 12, 6, 11.5 ], "texture": "#spade4_atlas" },
				"north": { "uv": [ 15, 14.25, 13, 14.5 ], "texture": "#spade4_atlas" },
				"south": { "uv": [ 9, 14, 11, 14.25 ], "texture": "#spade4_atlas" },
				"west": { "uv": [ 12.25, 12.25, 12.75, 12.5 ], "texture": "#spade4_atlas" },
				"east": { "uv": [ 16, 12.5, 15.5, 12.75 ], "texture": "#spade4_atlas" }
			}
		},
		{
			"__comment": "Voxels",
			"from": [ 6.6667, 14.6667, 7.6667 ],
			"to": [ 9.333366, 15.6667, 8.333366 ],
			"faces": {
				"down": { "uv": [ 2, 8.75, 4, 9.25 ], "texture": "#spade4_atlas" },
				"up": { "uv": [ 2, 11.25, 4, 10.75 ], "texture": "#spade4_atlas" },
				"north": { "uv": [ 4, 15.25, 2, 16 ], "texture": "#spade4_atlas" },
				"south": { "uv": [ 2, 14.5, 4, 15.25 ], "texture": "#spade4_atlas" },
				"west": { "uv": [ 15, 13.25, 15.5, 14 ], "texture": "#spade4_atlas" },
				"east": { "uv": [ 1.5, 8.5, 1, 9.25 ], "texture": "#spade4_atlas" }
			}
		},
		{
			"__comment": "Voxels",
			"from": [ 7, 9.666699, 7.6667 ],
			"to": [ 9, 10.33337, 8.333366 ],
			"faces": {
				"down": { "uv": [ 6.5, 8.5, 8, 9 ], "texture": "#spade4_atlas" },
				"up": { "uv": [ 6.5, 8.5, 8, 8 ], "texture": "#spade4_atlas" },
				"north": { "uv": [ 8, 9.5, 6.5, 10 ], "texture": "#spade4_atlas" },
				"south": { "uv": [ 6.5, 9, 8, 9.5 ], "texture": "#spade4_atlas" },
				"west": { "uv": [ 10.75, 11.75, 11.25, 12.25 ], "texture": "#spade4_atlas" },
				"east": { "uv": [ 11.25, 9.75, 10.75, 10.25 ], "texture": "#spade4_atlas" }
			}
		},
		{
			"__comment": "Voxels",
			"from": [ 7, 10.3333, 7.3333 ],
			"to": [ 7.333333, 10.66663, 7.666633 ],
			"faces": {
				"down": { "uv": [ 11.5, 8.5, 11.75, 8.75 ], "texture": "#spade4_atlas" },
				"up": { "uv": [ 11.5, 9, 11.75, 8.75 ], "texture": "#spade4_atlas" },
				"north": { "uv": [ 11.75, 9, 11.5, 9.25 ], "texture": "#spade4_atlas" },
				"south": { "uv": [ 11.5, 9.25, 11.75, 9.5 ], "texture": "#spade4_atlas" },
				"west": { "uv": [ 11, 10.75, 11.25, 11 ], "texture": "#spade4_atlas" },
				"east": { "uv": [ 13, 13.25, 12.75, 13.5 ], "texture": "#spade4_atlas" }
			}
		},
		{
			"__comment": "Voxels",
			"from": [ 7, 10.3333, 8.3333 ],
			"to": [ 7.333333, 10.66663, 8.666633 ],
			"faces": {
				"down": { "uv": [ 11.75, 11.5, 12, 11.75 ], "texture": "#spade4_atlas" },
				"up": { "uv": [ 11.75, 10, 12, 9.75 ], "texture": "#spade4_atlas" },
				"north": { "uv": [ 16, 11.75, 15.75, 12 ], "texture": "#spade4_atlas" },
				"south": { "uv": [ 14.5, 11.75, 14.75, 12 ], "texture": "#spade4_atlas" },
				"west": { "uv": [ 14.25, 11.75, 14.5, 12 ], "texture": "#spade4_atlas" },
				"east": { "uv": [ 15, 11.75, 14.75, 12 ], "texture": "#spade4_atlas" }
			}
		},
		{
			"__comment": "Voxels",
			"from": [ 7, 12, 7.6667 ],
			"to": [ 9, 13, 8.333366 ],
			"faces": {
				"down": { "uv": [ 8, 15.5, 9.5, 16 ], "texture": "#spade4_atlas" },
				"up": { "uv": [ 6.5, 15, 8, 14.5 ], "texture": "#spade4_atlas" },
				"north": { "uv": [ 3.5, 12, 2, 12.75 ], "texture": "#spade4_atlas" },
				"south": { "uv": [ 2, 11.25, 3.5, 12 ], "texture": "#spade4_atlas" },
				"west": { "uv": [ 3.5, 12, 4, 12.75 ], "texture": "#spade4_atlas" },
				"east": { "uv": [ 4, 11.25, 3.5, 12 ], "texture": "#spade4_atlas" }
			}
		},
		{
			"__comment": "Voxels",
			"from": [ 7, 13.3333, 7.6667 ],
			"to": [ 9, 13.99997, 8.333366 ],
			"faces": {
				"down": { "uv": [ 6.5, 11.5, 8, 12 ], "texture": "#spade4_atlas" },
				"up": { "uv": [ 6.5, 12.5, 8, 12 ], "texture": "#spade4_atlas" },
				"north": { "uv": [ 8, 13, 6.5, 13.5 ], "texture": "#spade4_atlas" },
				"south": { "uv": [ 6.5, 13.5, 8, 14 ], "texture": "#spade4_atlas" },
				"west": { "uv": [ 1, 8, 1.5, 8.5 ], "texture": "#spade4_atlas" },
				"east": { "uv": [ 2, 8, 1.5, 8.5 ], "texture": "#spade4_atlas" }
			}
		},
		{
			"__comment": "Voxels",
			"from": [ 7, 15.6667, 7.6667 ],
			"to": [ 9, 16.33337, 8.333366 ],
			"faces": {
				"down": { "uv": [ 6.5, 10.5, 8, 11 ], "texture": "#spade4_atlas" },
				"up": { "uv": [ 6.5, 11.5, 8, 11 ], "texture": "#spade4_atlas" },
				"north": { "uv": [ 8, 14, 6.5, 14.5 ], "texture": "#spade4_atlas" },
				"south": { "uv": [ 6.5, 10, 8, 10.5 ], "texture": "#spade4_atlas" },
				"west": { "uv": [ 13.5, 13.25, 14, 13.75 ], "texture": "#spade4_atlas" },
				"east": { "uv": [ 14.5, 13.25, 14, 13.75 ], "texture": "#spade4_atlas" }
			}
		},
		{
			"__comment": "Voxels",
			"from": [ 7.3333, -0.6667, 7.6667 ],
			"to": [ 8.3333, 1.666633, 8.333366 ],
			"faces": {
				"down": { "uv": [ 9, 8, 9.75, 8.5 ], "texture": "#spade4_atlas" },
				"up": { "uv": [ 12.25, 14, 13, 13.5 ], "texture": "#spade4_atlas" },
				"north": { "uv": [ 2.75, 12.75, 2, 14.5 ], "texture": "#spade4_atlas" },
				"south": { "uv": [ 2.75, 12.75, 3.5, 14.5 ], "texture": "#spade4_atlas" },
				"west": { "uv": [ 0, 9, 0.5, 10.75 ], "texture": "#spade4_atlas" },
				"east": { "uv": [ 1, 9, 0.5, 10.75 ], "texture": "#spade4_atlas" }
			}
		},
		{
			"__comment": "Voxels",
			"from": [ 7.3333, 8.666699, 7.6667 ],
			"to": [ 8.666633, 9.666699, 8.333366 ],
			"faces": {
				"down": { "uv": [ 8, 10, 9, 10.5 ], "texture": "#spade4_atlas" },
				"up": { "uv": [ 8, 10, 9, 9.5 ], "texture": "#spade4_atlas" },
				"north": { "uv": [ 5, 9, 4, 9.75 ], "texture": "#spade4_atlas" },
				"south": { "uv": [ 4, 8.25, 5, 9 ], "texture": "#spade4_atlas" },
				"west": { "uv": [ 0.5, 8.25, 1, 9 ], "texture": "#spade4_atlas" },
				"east": { "uv": [ 0.5, 8.25, 0, 9 ], "texture": "#spade4_atlas" }
			}
		},
		{
			"__comment": "Voxels",
			"from": [ 7.3333, 11.6667, 7.3333 ],
			"to": [ 8.666633, 12.33337, 7.666633 ],
			"faces": {
				"down": { "uv": [ 15, 14.5, 16, 14.75 ], "texture": "#spade4_atlas" },
				"up": { "uv": [ 15, 15, 16, 14.75 ], "texture": "#spade4_atlas" },
				"north": { "uv": [ 9, 10.5, 8, 11 ], "texture": "#spade4_atlas" },
				"south": { "uv": [ 8, 11, 9, 11.5 ], "texture": "#spade4_atlas" },
				"west": { "uv": [ 9.75, 8, 10, 8.5 ], "texture": "#spade4_atlas" },
				"east": { "uv": [ 16, 12.75, 15.75, 13.25 ], "texture": "#spade4_atlas" }
			}
		},
		{
			"__comment": "Voxels",
			"from": [ 7.3333, 11.6667, 8.3333 ],
			"to": [ 8.666633, 12.33337, 8.666633 ],
			"faces": {
				"down": { "uv": [ 5.5, 8, 6.5, 8.25 ], "texture": "#spade4_atlas" },
				"up": { "uv": [ 4, 8.25, 5, 8 ], "texture": "#spade4_atlas" },
				"north": { "uv": [ 9, 11.5, 8, 12 ], "texture": "#spade4_atlas" },
				"south": { "uv": [ 8, 12, 9, 12.5 ], "texture": "#spade4_atlas" },
				"west": { "uv": [ 11.25, 8, 11.5, 8.5 ], "texture": "#spade4_atlas" },
				"east": { "uv": [ 11.75, 12, 11.5, 12.5 ], "texture": "#spade4_atlas" }
			}
		},
		{
			"__comment": "Voxels",
			"from": [ 7.3333, 16.3333, 7.6667 ],
			"to": [ 8.666633, 16.99997, 8.333366 ],
			"faces": {
				"down": { "uv": [ 8, 12.5, 9, 13 ], "texture": "#spade4_atlas" },
				"up": { "uv": [ 8, 13.5, 9, 13 ], "texture": "#spade4_atlas" },
				"north": { "uv": [ 9, 13.5, 8, 14 ], "texture": "#spade4_atlas" },
				"south": { "uv": [ 8, 14, 9, 14.5 ], "texture": "#spade4_atlas" },
				"west": { "uv": [ 13.25, 12.75, 13.75, 13.25 ], "texture": "#spade4_atlas" },
				"east": { "uv": [ 15.25, 12.75, 14.75, 13.25 ], "texture": "#spade4_atlas" }
			}
		},
		{
			"__comment": "Voxels",
			"from": [ 7.6667, -2, 8 ],
			"to": [ 8.000033, -0.6666666, 8.333333 ],
			"faces": {
				"down": { "uv": [ 12.5, 11.75, 12.75, 12 ], "texture": "#spade4_atlas" },
				"up": { "uv": [ 11.75, 11.25, 12, 11 ], "texture": "#spade4_atlas" },
				"north": { "uv": [ 10.75, 8.75, 10.5, 9.75 ], "texture": "#spade4_atlas" },
				"south": { "uv": [ 10.75, 10.75, 11, 11.75 ], "texture": "#spade4_atlas" },
				"west": { "uv": [ 10.5, 10.75, 10.75, 11.75 ], "texture": "#spade4_atlas" },
				"east": { "uv": [ 10.75, 9.75, 10.5, 10.75 ], "texture": "#spade4_atlas" }
			}
		},
		{
			"__comment": "Voxels",
			"from": [ 7.6667, -1.6667, 7.6667 ],
			"to": [ 8.333366, -0.6667, 8.000033 ],
			"faces": {
				"down": { "uv": [ 13.25, 12, 13.75, 12.25 ], "texture": "#spade4_atlas" },
				"up": { "uv": [ 13.75, 12.25, 14.25, 12 ], "texture": "#spade4_atlas" },
				"north": { "uv": [ 2, 8.5, 1.5, 9.25 ], "texture": "#spade4_atlas" },
				"south": { "uv": [ 6, 10.25, 6.5, 11 ], "texture": "#spade4_atlas" },
				"west": { "uv": [ 11.25, 11.25, 11.5, 12 ], "texture": "#spade4_atlas" },
				"east": { "uv": [ 11.5, 12, 11.25, 12.75 ], "texture": "#spade4_atlas" }
			}
		},
		{
			"__comment": "Voxels",
			"from": [ 7.6667, 0.6667, 7.3333 ],
			"to": [ 8.333366, 1.6667, 7.666633 ],
			"faces": {
				"down": { "uv": [ 13.5, 12.5, 14, 12.75 ], "texture": "#spade4_atlas" },
				"up": { "uv": [ 14, 12.75, 14.5, 12.5 ], "texture": "#spade4_atlas" },
				"north": { "uv": [ 9.5, 8.5, 9, 9.25 ], "texture": "#spade4_atlas" },
				"south": { "uv": [ 9.5, 8.5, 10, 9.25 ], "texture": "#spade4_atlas" },
				"west": { "uv": [ 11.25, 10.5, 11.5, 11.25 ], "texture": "#spade4_atlas" },
				"east": { "uv": [ 11.5, 9.75, 11.25, 10.5 ], "texture": "#spade4_atlas" }
			}
		},
		{
			"__comment": "Voxels",
			"from": [ 7.6667, 0.6667, 8.3333 ],
			"to": [ 8.333366, 1.6667, 8.666633 ],
			"faces": {
				"down": { "uv": [ 15, 12.5, 15.5, 12.75 ], "texture": "#spade4_atlas" },
				"up": { "uv": [ 11.75, 12.5, 12.25, 12.25 ], "texture": "#spade4_atlas" },
				"north": { "uv": [ 10.75, 13.25, 10.25, 14 ], "texture": "#spade4_atlas" },
				"south": { "uv": [ 10.75, 13.25, 11.25, 14 ], "texture": "#spade4_atlas" },
				"west": { "uv": [ 11.25, 9, 11.5, 9.75 ], "texture": "#spade4_atlas" },
				"east": { "uv": [ 11.25, 8, 11, 8.75 ], "texture": "#spade4_atlas" }
			}
		},
		{
			"__comment": "Voxels",
			"from": [ 7.6667, 1.6667, 7.6667 ],
			"to": [ 8.333366, 8.6667, 8.333366 ],
			"faces": {
				"down": { "uv": [ 6, 11.5, 6.5, 12 ], "texture": "#spade4_atlas" },
				"up": { "uv": [ 6, 11.5, 6.5, 11 ], "texture": "#spade4_atlas" },
				"north": { "uv": [ 1.5, 10.75, 1, 16 ], "texture": "#spade4_atlas" },
				"south": { "uv": [ 1.5, 10.75, 2, 16 ], "texture": "#spade4_atlas" },
				"west": { "uv": [ 0, 10.75, 0.5, 16 ], "texture": "#spade4_atlas" },
				"east": { "uv": [ 1, 10.75, 0.5, 16 ], "texture": "#spade4_atlas" }
			}
		},
		{
			"__comment": "Voxels",
			"from": [ 7.6667, 8.666699, 7.3333 ],
			"to": [ 8.333366, 10.6667, 7.666633 ],
			"faces": {
				"down": { "uv": [ 15.5, 15.25, 16, 15.5 ], "texture": "#spade4_atlas" },
				"up": { "uv": [ 15, 14.5, 15.5, 14.25 ], "texture": "#spade4_atlas" },
				"north": { "uv": [ 5.5, 8.25, 5, 9.75 ], "texture": "#spade4_atlas" },
				"south": { "uv": [ 3.5, 13, 4, 14.5 ], "texture": "#spade4_atlas" },
				"west": { "uv": [ 10.5, 11.75, 10.75, 13.25 ], "texture": "#spade4_atlas" },
				"east": { "uv": [ 10.5, 10.25, 10.25, 11.75 ], "texture": "#spade4_atlas" }
			}
		},
		{
			"__comment": "Voxels",
			"from": [ 7.6667, 8.666699, 8.3333 ],
			"to": [ 8.333366, 10.6667, 8.666633 ],
			"faces": {
				"down": { "uv": [ 12.5, 12.5, 13, 12.75 ], "texture": "#spade4_atlas" },
				"up": { "uv": [ 13, 12.75, 13.5, 12.5 ], "texture": "#spade4_atlas" },
				"north": { "uv": [ 2, 9.25, 1.5, 10.75 ], "texture": "#spade4_atlas" },
				"south": { "uv": [ 1, 9.25, 1.5, 10.75 ], "texture": "#spade4_atlas" },
				"west": { "uv": [ 10.25, 8.75, 10.5, 10.25 ], "texture": "#spade4_atlas" },
				"east": { "uv": [ 10.25, 12.5, 10, 14 ], "texture": "#spade4_atlas" }
			}
		},
		{
			"__comment": "Voxels",
			"from": [ 7.6667, 17, 7.6667 ],
			"to": [ 8.333366, 17.66667, 8.333366 ],
			"faces": {
				"down": { "uv": [ 14.25, 12.75, 14.75, 13.25 ], "texture": "#spade4_atlas" },
				"up": { "uv": [ 10.75, 13.25, 11.25, 12.75 ], "texture": "#spade4_atlas" },
				"north": { "uv": [ 11.75, 12.75, 11.25, 13.25 ], "texture": "#spade4_atlas" },
				"south": { "uv": [ 11.75, 12.75, 12.25, 13.25 ], "texture": "#spade4_atlas" },
				"west": { "uv": [ 12.25, 12.75, 12.75, 13.25 ], "texture": "#spade4_atlas" },
				"east": { "uv": [ 13.25, 12.75, 12.75, 13.25 ], "texture": "#spade4_atlas" }
			}
		},
		{
			"__comment": "Voxels",
			"from": [ 8, -1.6667, 8 ],
			"to": [ 8.333333, -0.6667, 8.333333 ],
			"faces": {
				"down": { "uv": [ 11.5, 8.25, 11.75, 8.5 ], "texture": "#spade4_atlas" },
				"up": { "uv": [ 11.5, 8.25, 11.75, 8 ], "texture": "#spade4_atlas" },
				"north": { "uv": [ 10.5, 8, 10.25, 8.75 ], "texture": "#spade4_atlas" },
				"south": { "uv": [ 10.5, 8, 10.75, 8.75 ], "texture": "#spade4_atlas" },
				"west": { "uv": [ 11, 11, 11.25, 11.75 ], "texture": "#spade4_atlas" },
				"east": { "uv": [ 11, 8, 10.75, 8.75 ], "texture": "#spade4_atlas" }
			}
		},
		{
			"__comment": "Voxels",
			"from": [ 8.3333, -0.6667, 8 ],
			"to": [ 8.666633, 1.666633, 8.333333 ],
			"faces": {
				"down": { "uv": [ 15.75, 12, 16, 12.25 ], "texture": "#spade4_atlas" },
				"up": { "uv": [ 12.25, 12, 12.5, 11.75 ], "texture": "#spade4_atlas" },
				"north": { "uv": [ 10, 9.25, 9.75, 11 ], "texture": "#spade4_atlas" },
				"south": { "uv": [ 9.25, 9.25, 9.5, 11 ], "texture": "#spade4_atlas" },
				"west": { "uv": [ 9, 9.25, 9.25, 11 ], "texture": "#spade4_atlas" },
				"east": { "uv": [ 9.75, 9.25, 9.5, 11 ], "texture": "#spade4_atlas" }
			}
		},
		{
			"__comment": "Voxels",
			"from": [ 8.3333, -0.3333, 7.6667 ],
			"to": [ 8.666633, 1.6667, 8.000033 ],
			"faces": {
				"down": { "uv": [ 13.25, 11.75, 13.5, 12 ], "texture": "#spade4_atlas" },
				"up": { "uv": [ 13.5, 12, 13.75, 11.75 ], "texture": "#spade4_atlas" },
				"north": { "uv": [ 10.25, 11, 10, 12.5 ], "texture": "#spade4_atlas" },
				"south": { "uv": [ 10, 9.5, 10.25, 11 ], "texture": "#spade4_atlas" },
				"west": { "uv": [ 10, 8, 10.25, 9.5 ], "texture": "#spade4_atlas" },
				"east": { "uv": [ 10.5, 11.75, 10.25, 13.25 ], "texture": "#spade4_atlas" }
			}
		},
		{
			"__comment": "Voxels",
			"from": [ 8.3333, 11.6667, 7.6667 ],
			"to": [ 10.3333, 12.00003, 8.333366 ],
			"faces": {
				"down": { "uv": [ 4, 9.75, 5.5, 10.25 ], "texture": "#spade4_atlas" },
				"up": { "uv": [ 6.5, 13, 8, 12.5 ], "texture": "#spade4_atlas" },
				"north": { "uv": [ 16, 15, 14.5, 15.25 ], "texture": "#spade4_atlas" },
				"south": { "uv": [ 13, 14, 14.5, 14.25 ], "texture": "#spade4_atlas" },
				"west": { "uv": [ 15.25, 12, 15.75, 12.25 ], "texture": "#spade4_atlas" },
				"east": { "uv": [ 12.25, 11.75, 11.75, 12 ], "texture": "#spade4_atlas" }
			}
		},
		{
			"__comment": "Voxels",
			"from": [ 8.666699, 10.3333, 7.3333 ],
			"to": [ 9.000032, 10.66663, 7.666633 ],
			"faces": {
				"down": { "uv": [ 11.75, 9.5, 12, 9.75 ], "texture": "#spade4_atlas" },
				"up": { "uv": [ 11.75, 9, 12, 8.75 ], "texture": "#spade4_atlas" },
				"north": { "uv": [ 14.25, 11.75, 14, 12 ], "texture": "#spade4_atlas" },
				"south": { "uv": [ 11.75, 8.5, 12, 8.75 ], "texture": "#spade4_atlas" },
				"west": { "uv": [ 15, 11.75, 15.25, 12 ], "texture": "#spade4_atlas" },
				"east": { "uv": [ 15.5, 11.75, 15.25, 12 ], "texture": "#spade4_atlas" }
			}
		},
		{
			"__comment": "Voxels",
			"from": [ 8.666699, 10.3333, 8.3333 ],
			"to": [ 9.000032, 10.66663, 8.666633 ],
			"faces": {
				"down": { "uv": [ 15.5, 11.75, 15.75, 12 ], "texture": "#spade4_atlas" },
				"up": { "uv": [ 11.75, 11.5, 12, 11.25 ], "texture": "#spade4_atlas" },
				"north": { "uv": [ 12, 10.75, 11.75, 11 ], "texture": "#spade4_atlas" },
				"south": { "uv": [ 11.75, 10.5, 12, 10.75 ], "texture": "#spade4_atlas" },
				"west": { "uv": [ 11.75, 10.25, 12, 10.5 ], "texture": "#spade4_atlas" },
				"east": { "uv": [ 12, 10, 11.75, 10.25 ], "texture": "#spade4_atlas" }
			}
		},
		{
			"__comment": "Voxels",
			"from": [ 8.666699, 11, 7.6667 ],
			"to": [ 10.00003, 11.66667, 8.333366 ],
			"faces": {
				"down": { "uv": [ 8, 8.5, 9, 9 ], "texture": "#spade4_atlas" },
				"up": { "uv": [ 8, 8.5, 9, 8 ], "texture": "#spade4_atlas" },
				"north": { "uv": [ 10, 13.5, 9, 14 ], "texture": "#spade4_atlas" },
				"south": { "uv": [ 9, 13, 10, 13.5 ], "texture": "#spade4_atlas" },
				"west": { "uv": [ 15.25, 12.75, 15.75, 13.25 ], "texture": "#spade4_atlas" },
				"east": { "uv": [ 11.25, 12.25, 10.75, 12.75 ], "texture": "#spade4_atlas" }
			}
		},
		{
			"__comment": "Voxels",
			"from": [ 9.3333, 12, 7.6667 ],
			"to": [ 10.66663, 13, 8.333366 ],
			"faces": {
				"down": { "uv": [ 9, 12.5, 10, 13 ], "texture": "#spade4_atlas" },
				"up": { "uv": [ 9, 12.5, 10, 12 ], "texture": "#spade4_atlas" },
				"north": { "uv": [ 6.5, 9, 5.5, 9.75 ], "texture": "#spade4_atlas" },
				"south": { "uv": [ 5.5, 8.25, 6.5, 9 ], "texture": "#spade4_atlas" },
				"west": { "uv": [ 11.75, 13.25, 12.25, 14 ], "texture": "#spade4_atlas" },
				"east": { "uv": [ 13.5, 13.25, 13, 14 ], "texture": "#spade4_atlas" }
			}
		},
		{
			"__comment": "Voxels",
			"from": [ 10, 13, 7.6667 ],
			"to": [ 10.66667, 13.33333, 8.333366 ],
			"faces": {
				"down": { "uv": [ 10.75, 9.25, 11.25, 9.75 ], "texture": "#spade4_atlas" },
				"up": { "uv": [ 10.75, 9.25, 11.25, 8.75 ], "texture": "#spade4_atlas" },
				"north": { "uv": [ 14.25, 12.25, 13.75, 12.5 ], "texture": "#spade4_atlas" },
				"south": { "uv": [ 14.25, 12.25, 14.75, 12.5 ], "texture": "#spade4_atlas" },
				"west": { "uv": [ 15.25, 12.25, 15.75, 12.5 ], "texture": "#spade4_atlas" },
				"east": { "uv": [ 12.25, 12, 11.75, 12.25 ], "texture": "#spade4_atlas" }
			}
		},
		{
			"__comment": "Voxels",
			"from": [ 10.3333, 13.3333, 7.6667 ],
			"to": [ 10.66663, 13.66663, 8.333366 ],
			"faces": {
				"down": { "uv": [ 11.5, 10, 11.75, 10.5 ], "texture": "#spade4_atlas" },
				"up": { "uv": [ 11.5, 10, 11.75, 9.5 ], "texture": "#spade4_atlas" },
				"north": { "uv": [ 12, 9.25, 11.75, 9.5 ], "texture": "#spade4_atlas" },
				"south": { "uv": [ 11.75, 9, 12, 9.25 ], "texture": "#spade4_atlas" },
				"west": { "uv": [ 12.25, 12, 12.75, 12.25 ], "texture": "#spade4_atlas" },
				"east": { "uv": [ 12.5, 12.5, 12, 12.75 ], "texture": "#spade4_atlas" }
			}
		}
	],
	"display": {
		"thirdperson_righthand": {
			"rotation":  [ 10, 90, 0 ],
			"translation":  [ 0, 2, 2 ],
			"scale":  [ 1.5, 1.5, 1.5 ]
		},
		"thirdperson_lefthand": {
			"rotation":  [ 10, 90, 0 ],
			"translation":  [ 0, 2, 2 ],
			"scale":  [ 1.5, 1.5, 1.5 ]
		},
		"firstperson_righthand": {
			"rotation":  [ -80, 90, 0 ],
			"translation":  [ 0, 3.5, 0 ]
		},
		"firstperson_lefthand": {
			"rotation":  [ -80, 90, 0 ],
			"translation":  [ 0, 3.5, 0 ]
		},
		"gui": {
			"rotation":  [ 0, 0, -50 ]
		},
		"ground": {
			"translation":  [ 0, 10, 0 ]
		}
	}
}