{
	"__comment": "Designed by Xiaoxiafeng with Cubik Studio - https://cubik.studio",
	"textures": {
		"texture": "trademodel/e_texture",
		"spade5_atlas": "trademodel/spade5_atlas"
	},
	"elements": [ 	 
		{
			"__comment": "Voxels",
			"from": [ 5, 13, 7.6667 ],
			"to": [ 5.666667, 13.33333, 8.333366 ],
			"faces": {
				"down": { "uv": [ 7.25, 11.25, 7.75, 11.75 ], "texture": "#spade5_atlas" },
				"up": { "uv": [ 1, 8.5, 1.5, 8 ], "texture": "#spade5_atlas" },
				"north": { "uv": [ 2.5, 8, 2, 8.25 ], "texture": "#spade5_atlas" },
				"south": { "uv": [ 7.25, 8, 7.75, 8.25 ], "texture": "#spade5_atlas" },
				"west": { "uv": [ 7.75, 8, 8.25, 8.25 ], "texture": "#spade5_atlas" },
				"east": { "uv": [ 8.75, 8.25, 8.25, 8.5 ], "texture": "#spade5_atlas" }
			}
		},
		{
			"__comment": "Voxels",
			"from": [ 5.6667, 12.6667, 7.6667 ],
			"to": [ 10.33337, 13.00003, 8.333366 ],
			"faces": {
				"down": { "uv": [ 2.5, 15.5, 6, 16 ], "texture": "#spade5_atlas" },
				"up": { "uv": [ 2.5, 15.5, 6, 15 ], "texture": "#spade5_atlas" },
				"north": { "uv": [ 6, 12.5, 2.5, 12.75 ], "texture": "#spade5_atlas" },
				"south": { "uv": [ 2.5, 12.25, 6, 12.5 ], "texture": "#spade5_atlas" },
				"west": { "uv": [ 8.25, 8, 8.75, 8.25 ], "texture": "#spade5_atlas" },
				"east": { "uv": [ 10.25, 14.5, 9.75, 14.75 ], "texture": "#spade5_atlas" }
			}
		},
		{
			"__comment": "Voxels",
			"from": [ 6, 12.3333, 7.6667 ],
			"to": [ 7.666667, 12.66663, 8.333366 ],
			"faces": {
				"down": { "uv": [ 4, 8.25, 5.25, 8.75 ], "texture": "#spade5_atlas" },
				"up": { "uv": [ 4, 9.25, 5.25, 8.75 ], "texture": "#spade5_atlas" },
				"north": { "uv": [ 16, 15.5, 14.75, 15.75 ], "texture": "#spade5_atlas" },
				"south": { "uv": [ 4, 8, 5.25, 8.25 ], "texture": "#spade5_atlas" },
				"west": { "uv": [ 10.25, 14.5, 10.75, 14.75 ], "texture": "#spade5_atlas" },
				"east": { "uv": [ 11.25, 14.5, 10.75, 14.75 ], "texture": "#spade5_atlas" }
			}
		},
		{
			"__comment": "Voxels",
			"from": [ 6, 13, 7.6667 ],
			"to": [ 10, 13.33333, 8.000033 ],
			"faces": {
				"down": { "uv": [ 3, 9.75, 6, 10 ], "texture": "#spade5_atlas" },
				"up": { "uv": [ 3, 9.75, 6, 9.5 ], "texture": "#spade5_atlas" },
				"north": { "uv": [ 6, 10.75, 3, 11 ], "texture": "#spade5_atlas" },
				"south": { "uv": [ 3, 9.25, 6, 9.5 ], "texture": "#spade5_atlas" },
				"west": { "uv": [ 15.75, 15.25, 16, 15.5 ], "texture": "#spade5_atlas" },
				"east": { "uv": [ 7.75, 11.75, 7.5, 12 ], "texture": "#spade5_atlas" }
			}
		},
		{
			"__comment": "Voxels",
			"from": [ 6, 13, 8 ],
			"to": [ 9, 13.33333, 8.333333 ],
			"faces": {
				"down": { "uv": [ 6, 15.75, 8.25, 16 ], "texture": "#spade5_atlas" },
				"up": { "uv": [ 8.25, 16, 10.5, 15.75 ], "texture": "#spade5_atlas" },
				"north": { "uv": [ 12.75, 15.75, 10.5, 16 ], "texture": "#spade5_atlas" },
				"south": { "uv": [ 12.75, 15.75, 15, 16 ], "texture": "#spade5_atlas" },
				"west": { "uv": [ 8.5, 10.75, 8.75, 11 ], "texture": "#spade5_atlas" },
				"east": { "uv": [ 16, 15, 15.75, 15.25 ], "texture": "#spade5_atlas" }
			}
		},
		{
			"__comment": "Voxels",
			"from": [ 6.3333, 12, 7.6667 ],
			"to": [ 7.666633, 12.33333, 8.333366 ],
			"faces": {
				"down": { "uv": [ 6, 11.75, 7, 12.25 ], "texture": "#spade5_atlas" },
				"up": { "uv": [ 6, 11.75, 7, 11.25 ], "texture": "#spade5_atlas" },
				"north": { "uv": [ 5.5, 13.75, 4.5, 14 ], "texture": "#spade5_atlas" },
				"south": { "uv": [ 5, 12.75, 6, 13 ], "texture": "#spade5_atlas" },
				"west": { "uv": [ 12.25, 14.5, 12.75, 14.75 ], "texture": "#spade5_atlas" },
				"east": { "uv": [ 13.25, 14.5, 12.75, 14.75 ], "texture": "#spade5_atlas" }
			}
		},
		{
			"__comment": "Voxels",
			"from": [ 6.3333, 13.3333, 7.6667 ],
			"to": [ 6.999966, 13.99997, 8.333366 ],
			"faces": {
				"down": { "uv": [ 8.25, 12.25, 8.75, 12.75 ], "texture": "#spade5_atlas" },
				"up": { "uv": [ 7.75, 14.25, 8.25, 13.75 ], "texture": "#spade5_atlas" },
				"north": { "uv": [ 8.25, 13.25, 7.75, 13.75 ], "texture": "#spade5_atlas" },
				"south": { "uv": [ 7.75, 12.75, 8.25, 13.25 ], "texture": "#spade5_atlas" },
				"west": { "uv": [ 7.75, 12.25, 8.25, 12.75 ], "texture": "#spade5_atlas" },
				"east": { "uv": [ 8.25, 11.75, 7.75, 12.25 ], "texture": "#spade5_atlas" }
			}
		},
		{
			"__comment": "Voxels",
			"from": [ 6.6667, 14, 7.6667 ],
			"to": [ 7.000033, 14.33333, 8.333366 ],
			"faces": {
				"down": { "uv": [ 8.75, 12.5, 9, 13 ], "texture": "#spade5_atlas" },
				"up": { "uv": [ 8.75, 12.5, 9, 12 ], "texture": "#spade5_atlas" },
				"north": { "uv": [ 16, 14.75, 15.75, 15 ], "texture": "#spade5_atlas" },
				"south": { "uv": [ 15.75, 14.5, 16, 14.75 ], "texture": "#spade5_atlas" },
				"west": { "uv": [ 14.25, 14.5, 14.75, 14.75 ], "texture": "#spade5_atlas" },
				"east": { "uv": [ 15.25, 14.5, 14.75, 14.75 ], "texture": "#spade5_atlas" }
			}
		},
		{
			"__comment": "Voxels",
			"from": [ 7, 11.6667, 7.6667 ],
			"to": [ 9, 12.00003, 8.333366 ],
			"faces": {
				"down": { "uv": [ 3.5, 13.25, 5, 13.75 ], "texture": "#spade5_atlas" },
				"up": { "uv": [ 3.5, 13.25, 5, 12.75 ], "texture": "#spade5_atlas" },
				"north": { "uv": [ 11.75, 15.5, 10.25, 15.75 ], "texture": "#spade5_atlas" },
				"south": { "uv": [ 8.75, 15.25, 10.25, 15.5 ], "texture": "#spade5_atlas" },
				"west": { "uv": [ 15.25, 14.5, 15.75, 14.75 ], "texture": "#spade5_atlas" },
				"east": { "uv": [ 9.5, 14.25, 9, 14.5 ], "texture": "#spade5_atlas" }
			}
		},
		{
			"__comment": "Voxels",
			"from": [ 7, 15, 7.6667 ],
			"to": [ 9, 15.33333, 8.000033 ],
			"faces": {
				"down": { "uv": [ 7.25, 15.25, 8.75, 15.5 ], "texture": "#spade5_atlas" },
				"up": { "uv": [ 8.75, 15.75, 10.25, 15.5 ], "texture": "#spade5_atlas" },
				"north": { "uv": [ 8.75, 15.5, 7.25, 15.75 ], "texture": "#spade5_atlas" },
				"south": { "uv": [ 10.25, 15.25, 11.75, 15.5 ], "texture": "#spade5_atlas" },
				"west": { "uv": [ 9.5, 8, 9.75, 8.25 ], "texture": "#spade5_atlas" },
				"east": { "uv": [ 14, 14, 13.75, 14.25 ], "texture": "#spade5_atlas" }
			}
		},
		{
			"__comment": "Voxels",
			"from": [ 7.3333, 0.6667, 7.6667 ],
			"to": [ 8.666633, 1.333367, 8.000033 ],
			"faces": {
				"down": { "uv": [ 12.75, 15.25, 13.75, 15.5 ], "texture": "#spade5_atlas" },
				"up": { "uv": [ 13.75, 15.5, 14.75, 15.25 ], "texture": "#spade5_atlas" },
				"north": { "uv": [ 7, 9.75, 6, 10.25 ], "texture": "#spade5_atlas" },
				"south": { "uv": [ 6, 10.25, 7, 10.75 ], "texture": "#spade5_atlas" },
				"west": { "uv": [ 8.75, 11.5, 9, 12 ], "texture": "#spade5_atlas" },
				"east": { "uv": [ 9, 11, 8.75, 11.5 ], "texture": "#spade5_atlas" }
			}
		},
		{
			"__comment": "Voxels",
			"from": [ 7.3333, 1, 8 ],
			"to": [ 8.666633, 1.333333, 8.333333 ],
			"faces": {
				"down": { "uv": [ 14.75, 15.25, 15.75, 15.5 ], "texture": "#spade5_atlas" },
				"up": { "uv": [ 8.75, 15.25, 9.75, 15 ], "texture": "#spade5_atlas" },
				"north": { "uv": [ 10.75, 15, 9.75, 15.25 ], "texture": "#spade5_atlas" },
				"south": { "uv": [ 10.75, 15, 11.75, 15.25 ], "texture": "#spade5_atlas" },
				"west": { "uv": [ 14, 14, 14.25, 14.25 ], "texture": "#spade5_atlas" },
				"east": { "uv": [ 14.5, 14, 14.25, 14.25 ], "texture": "#spade5_atlas" }
			}
		},
		{
			"__comment": "Voxels",
			"from": [ 7.3333, 2, 7.6667 ],
			"to": [ 8.666633, 2.333333, 8.333366 ],
			"faces": {
				"down": { "uv": [ 6, 13.25, 7, 13.75 ], "texture": "#spade5_atlas" },
				"up": { "uv": [ 6, 13.25, 7, 12.75 ], "texture": "#spade5_atlas" },
				"north": { "uv": [ 12.75, 15, 11.75, 15.25 ], "texture": "#spade5_atlas" },
				"south": { "uv": [ 12.75, 15, 13.75, 15.25 ], "texture": "#spade5_atlas" },
				"west": { "uv": [ 9, 13, 9.5, 13.25 ], "texture": "#spade5_atlas" },
				"east": { "uv": [ 10.75, 14, 10.25, 14.25 ], "texture": "#spade5_atlas" }
			}
		},
		{
			"__comment": "Voxels",
			"from": [ 7.3333, 9, 7.6667 ],
			"to": [ 8.666633, 10, 8.000033 ],
			"faces": {
				"down": { "uv": [ 13.75, 15, 14.75, 15.25 ], "texture": "#spade5_atlas" },
				"up": { "uv": [ 14.75, 15.25, 15.75, 15 ], "texture": "#spade5_atlas" },
				"north": { "uv": [ 5, 11, 4, 11.75 ], "texture": "#spade5_atlas" },
				"south": { "uv": [ 5, 11, 6, 11.75 ], "texture": "#spade5_atlas" },
				"west": { "uv": [ 2.5, 8, 2.75, 8.75 ], "texture": "#spade5_atlas" },
				"east": { "uv": [ 8.5, 10, 8.25, 10.75 ], "texture": "#spade5_atlas" }
			}
		},
		{
			"__comment": "Voxels",
			"from": [ 7.3333, 9, 8 ],
			"to": [ 8.666633, 9.666667, 8.333333 ],
			"faces": {
				"down": { "uv": [ 8.75, 14.75, 9.75, 15 ], "texture": "#spade5_atlas" },
				"up": { "uv": [ 9.75, 15, 10.75, 14.75 ], "texture": "#spade5_atlas" },
				"north": { "uv": [ 4, 8, 3, 8.5 ], "texture": "#spade5_atlas" },
				"south": { "uv": [ 6, 15.25, 7, 15.75 ], "texture": "#spade5_atlas" },
				"west": { "uv": [ 9.5, 12.25, 9.75, 12.75 ], "texture": "#spade5_atlas" },
				"east": { "uv": [ 9.75, 12.75, 9.5, 13.25 ], "texture": "#spade5_atlas" }
			}
		},
		{
			"__comment": "Voxels",
			"from": [ 7.3333, 10.6667, 7.6667 ],
			"to": [ 8.666633, 11.6667, 8.333366 ],
			"faces": {
				"down": { "uv": [ 6, 14.25, 7, 14.75 ], "texture": "#spade5_atlas" },
				"up": { "uv": [ 6, 14.25, 7, 13.75 ], "texture": "#spade5_atlas" },
				"north": { "uv": [ 5, 10, 4, 10.75 ], "texture": "#spade5_atlas" },
				"south": { "uv": [ 3, 8.5, 4, 9.25 ], "texture": "#spade5_atlas" },
				"west": { "uv": [ 6.5, 8.5, 7, 9.25 ], "texture": "#spade5_atlas" },
				"east": { "uv": [ 6, 14.25, 5.5, 15 ], "texture": "#spade5_atlas" }
			}
		},
		{
			"__comment": "Voxels",
			"from": [ 7.3333, 11.6667, 7.3333 ],
			"to": [ 8.666633, 13.00003, 7.666633 ],
			"faces": {
				"down": { "uv": [ 10.75, 14.75, 11.75, 15 ], "texture": "#spade5_atlas" },
				"up": { "uv": [ 11.75, 15, 12.75, 14.75 ], "texture": "#spade5_atlas" },
				"north": { "uv": [ 5.5, 14, 4.5, 15 ], "texture": "#spade5_atlas" },
				"south": { "uv": [ 2.5, 12.75, 3.5, 13.75 ], "texture": "#spade5_atlas" },
				"west": { "uv": [ 7.5, 12, 7.75, 13 ], "texture": "#spade5_atlas" },
				"east": { "uv": [ 8.5, 10.75, 8.25, 11.75 ], "texture": "#spade5_atlas" }
			}
		},
		{
			"__comment": "Voxels",
			"from": [ 7.3333, 13.3333, 7.6667 ],
			"to": [ 8.666633, 14.99997, 8.333366 ],
			"faces": {
				"down": { "uv": [ 6, 10.75, 7, 11.25 ], "texture": "#spade5_atlas" },
				"up": { "uv": [ 6, 15.25, 7, 14.75 ], "texture": "#spade5_atlas" },
				"north": { "uv": [ 3.5, 13.75, 2.5, 15 ], "texture": "#spade5_atlas" },
				"south": { "uv": [ 3.5, 13.75, 4.5, 15 ], "texture": "#spade5_atlas" },
				"west": { "uv": [ 1.5, 8.5, 2, 9.75 ], "texture": "#spade5_atlas" },
				"east": { "uv": [ 2, 9.75, 1.5, 11 ], "texture": "#spade5_atlas" }
			}
		},
		{
			"__comment": "Voxels",
			"from": [ 7.3333, 15, 8 ],
			"to": [ 8.666633, 16, 8.333333 ],
			"faces": {
				"down": { "uv": [ 12.75, 14.75, 13.75, 15 ], "texture": "#spade5_atlas" },
				"up": { "uv": [ 13.75, 15, 14.75, 14.75 ], "texture": "#spade5_atlas" },
				"north": { "uv": [ 4, 10, 3, 10.75 ], "texture": "#spade5_atlas" },
				"south": { "uv": [ 5, 10, 6, 10.75 ], "texture": "#spade5_atlas" },
				"west": { "uv": [ 8.5, 11, 8.75, 11.75 ], "texture": "#spade5_atlas" },
				"east": { "uv": [ 9, 13, 8.75, 13.75 ], "texture": "#spade5_atlas" }
			}
		},
		{
			"__comment": "Voxels",
			"from": [ 7.3333, 15.3333, 7.6667 ],
			"to": [ 8.666633, 16.3333, 8.000033 ],
			"faces": {
				"down": { "uv": [ 14.75, 14.75, 15.75, 15 ], "texture": "#spade5_atlas" },
				"up": { "uv": [ 8.75, 14.75, 9.75, 14.5 ], "texture": "#spade5_atlas" },
				"north": { "uv": [ 6, 13, 5, 13.75 ], "texture": "#spade5_atlas" },
				"south": { "uv": [ 3, 11, 4, 11.75 ], "texture": "#spade5_atlas" },
				"west": { "uv": [ 8.75, 13.75, 9, 14.5 ], "texture": "#spade5_atlas" },
				"east": { "uv": [ 8.75, 10, 8.5, 10.75 ], "texture": "#spade5_atlas" }
			}
		},
		{
			"__comment": "Voxels",
			"from": [ 7.6667, -1, 7.6667 ],
			"to": [ 8.333366, 0.6666667, 8.000033 ],
			"faces": {
				"down": { "uv": [ 9.5, 14.25, 10, 14.5 ], "texture": "#spade5_atlas" },
				"up": { "uv": [ 9, 8.25, 9.5, 8 ], "texture": "#spade5_atlas" },
				"north": { "uv": [ 1.5, 8.5, 1, 9.75 ], "texture": "#spade5_atlas" },
				"south": { "uv": [ 1, 9.75, 1.5, 11 ], "texture": "#spade5_atlas" },
				"west": { "uv": [ 7, 11, 7.25, 12.25 ], "texture": "#spade5_atlas" },
				"east": { "uv": [ 7.5, 11.75, 7.25, 13 ], "texture": "#spade5_atlas" }
			}
		},
		{
			"__comment": "Voxels",
			"from": [ 7.6667, -0.6667, 8 ],
			"to": [ 8.333366, 0.9999667, 8.333333 ],
			"faces": {
				"down": { "uv": [ 9, 8.25, 9.5, 8.5 ], "texture": "#spade5_atlas" },
				"up": { "uv": [ 9, 8.75, 9.5, 8.5 ], "texture": "#spade5_atlas" },
				"north": { "uv": [ 1, 8, 0.5, 9.25 ], "texture": "#spade5_atlas" },
				"south": { "uv": [ 0, 8, 0.5, 9.25 ], "texture": "#spade5_atlas" },
				"west": { "uv": [ 7, 9.75, 7.25, 11 ], "texture": "#spade5_atlas" },
				"east": { "uv": [ 7.25, 8.5, 7, 9.75 ], "texture": "#spade5_atlas" }
			}
		},
		{
			"__comment": "Voxels",
			"from": [ 7.6667, 0.6667, 7.3333 ],
			"to": [ 8.333366, 1.333367, 7.666633 ],
			"faces": {
				"down": { "uv": [ 9, 8.75, 9.5, 9 ], "texture": "#spade5_atlas" },
				"up": { "uv": [ 9, 9.75, 9.5, 9.5 ], "texture": "#spade5_atlas" },
				"north": { "uv": [ 2, 8, 1.5, 8.5 ], "texture": "#spade5_atlas" },
				"south": { "uv": [ 5.5, 13.75, 6, 14.25 ], "texture": "#spade5_atlas" },
				"west": { "uv": [ 8.75, 8, 9, 8.5 ], "texture": "#spade5_atlas" },
				"east": { "uv": [ 9, 9.5, 8.75, 10 ], "texture": "#spade5_atlas" }
			}
		},
		{
			"__comment": "Voxels",
			"from": [ 7.6667, 1, 8.3333 ],
			"to": [ 8.333366, 1.333333, 8.666633 ],
			"faces": {
				"down": { "uv": [ 9, 12.75, 9.5, 13 ], "texture": "#spade5_atlas" },
				"up": { "uv": [ 9, 14, 9.5, 13.75 ], "texture": "#spade5_atlas" },
				"north": { "uv": [ 15.5, 14.25, 15, 14.5 ], "texture": "#spade5_atlas" },
				"south": { "uv": [ 11.75, 14, 12.25, 14.25 ], "texture": "#spade5_atlas" },
				"west": { "uv": [ 9.75, 11.25, 10, 11.5 ], "texture": "#spade5_atlas" },
				"east": { "uv": [ 10, 11.5, 9.75, 11.75 ], "texture": "#spade5_atlas" }
			}
		},
		{
			"__comment": "Voxels",
			"from": [ 7.6667, 1.3333, 7.6667 ],
			"to": [ 8.333366, 1.999967, 8.333366 ],
			"faces": {
				"down": { "uv": [ 5.25, 8.75, 5.75, 9.25 ], "texture": "#spade5_atlas" },
				"up": { "uv": [ 6, 8.5, 6.5, 8 ], "texture": "#spade5_atlas" },
				"north": { "uv": [ 7, 8, 6.5, 8.5 ], "texture": "#spade5_atlas" },
				"south": { "uv": [ 7.75, 14.75, 8.25, 15.25 ], "texture": "#spade5_atlas" },
				"west": { "uv": [ 7.25, 10.75, 7.75, 11.25 ], "texture": "#spade5_atlas" },
				"east": { "uv": [ 7.75, 10.25, 7.25, 10.75 ], "texture": "#spade5_atlas" }
			}
		},
		{
			"__comment": "Voxels",
			"from": [ 7.6667, 2, 7.3333 ],
			"to": [ 8.333366, 2.333333, 7.666633 ],
			"faces": {
				"down": { "uv": [ 10.75, 14, 11.25, 14.25 ], "texture": "#spade5_atlas" },
				"up": { "uv": [ 11.25, 14.25, 11.75, 14 ], "texture": "#spade5_atlas" },
				"north": { "uv": [ 9.5, 12, 9, 12.25 ], "texture": "#spade5_atlas" },
				"south": { "uv": [ 9, 11.75, 9.5, 12 ], "texture": "#spade5_atlas" },
				"west": { "uv": [ 14.5, 14, 14.75, 14.25 ], "texture": "#spade5_atlas" },
				"east": { "uv": [ 10, 13.25, 9.75, 13.5 ], "texture": "#spade5_atlas" }
			}
		},
		{
			"__comment": "Voxels",
			"from": [ 7.6667, 2, 8.3333 ],
			"to": [ 8.333366, 2.333333, 8.666633 ],
			"faces": {
				"down": { "uv": [ 9, 10.25, 9.5, 10.5 ], "texture": "#spade5_atlas" },
				"up": { "uv": [ 12, 14.5, 12.5, 14.25 ], "texture": "#spade5_atlas" },
				"north": { "uv": [ 13, 14.25, 12.5, 14.5 ], "texture": "#spade5_atlas" },
				"south": { "uv": [ 9.75, 14, 10.25, 14.25 ], "texture": "#spade5_atlas" },
				"west": { "uv": [ 9.75, 13.5, 10, 13.75 ], "texture": "#spade5_atlas" },
				"east": { "uv": [ 10, 12.25, 9.75, 12.5 ], "texture": "#spade5_atlas" }
			}
		},
		{
			"__comment": "Voxels",
			"from": [ 7.6667, 2.3333, 7.6667 ],
			"to": [ 8.333366, 8.999967, 8.333366 ],
			"faces": {
				"down": { "uv": [ 7.25, 9.75, 7.75, 10.25 ], "texture": "#spade5_atlas" },
				"up": { "uv": [ 7.25, 9.75, 7.75, 9.25 ], "texture": "#spade5_atlas" },
				"north": { "uv": [ 1, 11, 0.5, 16 ], "texture": "#spade5_atlas" },
				"south": { "uv": [ 0, 11, 0.5, 16 ], "texture": "#spade5_atlas" },
				"west": { "uv": [ 1, 11, 1.5, 16 ], "texture": "#spade5_atlas" },
				"east": { "uv": [ 2, 11, 1.5, 16 ], "texture": "#spade5_atlas" }
			}
		},
		{
			"__comment": "Voxels",
			"from": [ 7.6667, 9, 7.3333 ],
			"to": [ 8.333366, 10, 7.666633 ],
			"faces": {
				"down": { "uv": [ 12.25, 14, 12.75, 14.25 ], "texture": "#spade5_atlas" },
				"up": { "uv": [ 9, 14.25, 9.5, 14 ], "texture": "#spade5_atlas" },
				"north": { "uv": [ 7.75, 13, 7.25, 13.75 ], "texture": "#spade5_atlas" },
				"south": { "uv": [ 7.25, 13.75, 7.75, 14.5 ], "texture": "#spade5_atlas" },
				"west": { "uv": [ 8.25, 9.25, 8.5, 10 ], "texture": "#spade5_atlas" },
				"east": { "uv": [ 8.75, 9.25, 8.5, 10 ], "texture": "#spade5_atlas" }
			}
		},
		{
			"__comment": "Voxels",
			"from": [ 7.6667, 9, 8.3333 ],
			"to": [ 8.333366, 9.666667, 8.666633 ],
			"faces": {
				"down": { "uv": [ 9, 12.5, 9.5, 12.75 ], "texture": "#spade5_atlas" },
				"up": { "uv": [ 9, 12.5, 9.5, 12.25 ], "texture": "#spade5_atlas" },
				"north": { "uv": [ 7.75, 8.75, 7.25, 9.25 ], "texture": "#spade5_atlas" },
				"south": { "uv": [ 7.25, 8.25, 7.75, 8.75 ], "texture": "#spade5_atlas" },
				"west": { "uv": [ 8.75, 10.5, 9, 11 ], "texture": "#spade5_atlas" },
				"east": { "uv": [ 9, 10, 8.75, 10.5 ], "texture": "#spade5_atlas" }
			}
		},
		{
			"__comment": "Voxels",
			"from": [ 7.6667, 9.666699, 8 ],
			"to": [ 8.333366, 10.6667, 8.333333 ],
			"faces": {
				"down": { "uv": [ 9, 11.5, 9.5, 11.75 ], "texture": "#spade5_atlas" },
				"up": { "uv": [ 9, 11.5, 9.5, 11.25 ], "texture": "#spade5_atlas" },
				"north": { "uv": [ 2.5, 8.25, 2, 9 ], "texture": "#spade5_atlas" },
				"south": { "uv": [ 6, 8.5, 6.5, 9.25 ], "texture": "#spade5_atlas" },
				"west": { "uv": [ 8.25, 8.5, 8.5, 9.25 ], "texture": "#spade5_atlas" },
				"east": { "uv": [ 8.75, 8.5, 8.5, 9.25 ], "texture": "#spade5_atlas" }
			}
		},
		{
			"__comment": "Voxels",
			"from": [ 7.6667, 10, 7.6667 ],
			"to": [ 8.333366, 10.66667, 8.000033 ],
			"faces": {
				"down": { "uv": [ 9, 10.75, 9.5, 11 ], "texture": "#spade5_atlas" },
				"up": { "uv": [ 9, 10.75, 9.5, 10.5 ], "texture": "#spade5_atlas" },
				"north": { "uv": [ 8.25, 14.25, 7.75, 14.75 ], "texture": "#spade5_atlas" },
				"south": { "uv": [ 7.75, 11.25, 8.25, 11.75 ], "texture": "#spade5_atlas" },
				"west": { "uv": [ 8.75, 9, 9, 9.5 ], "texture": "#spade5_atlas" },
				"east": { "uv": [ 9, 8.5, 8.75, 9 ], "texture": "#spade5_atlas" }
			}
		},
		{
			"__comment": "Voxels",
			"from": [ 7.6667, 10.6667, 7.3333 ],
			"to": [ 8.333366, 11.6667, 7.666633 ],
			"faces": {
				"down": { "uv": [ 9, 10, 9.5, 10.25 ], "texture": "#spade5_atlas" },
				"up": { "uv": [ 9, 10, 9.5, 9.75 ], "texture": "#spade5_atlas" },
				"north": { "uv": [ 7.75, 14.5, 7.25, 15.25 ], "texture": "#spade5_atlas" },
				"south": { "uv": [ 5.25, 8, 5.75, 8.75 ], "texture": "#spade5_atlas" },
				"west": { "uv": [ 2.75, 8, 3, 8.75 ], "texture": "#spade5_atlas" },
				"east": { "uv": [ 6, 8, 5.75, 8.75 ], "texture": "#spade5_atlas" }
			}
		},
		{
			"__comment": "Voxels",
			"from": [ 7.6667, 10.6667, 8.3333 ],
			"to": [ 8.333366, 15.33337, 8.666633 ],
			"faces": {
				"down": { "uv": [ 9, 9.25, 9.5, 9.5 ], "texture": "#spade5_atlas" },
				"up": { "uv": [ 9, 9.25, 9.5, 9 ], "texture": "#spade5_atlas" },
				"north": { "uv": [ 2.5, 12.5, 2, 16 ], "texture": "#spade5_atlas" },
				"south": { "uv": [ 2, 9, 2.5, 12.5 ], "texture": "#spade5_atlas" },
				"west": { "uv": [ 2.5, 8.75, 2.75, 12.25 ], "texture": "#spade5_atlas" },
				"east": { "uv": [ 3, 8.75, 2.75, 12.25 ], "texture": "#spade5_atlas" }
			}
		},
		{
			"__comment": "Voxels",
			"from": [ 7.6667, 12, 8 ],
			"to": [ 9.6667, 12.66667, 8.333333 ],
			"faces": {
				"down": { "uv": [ 13.25, 15.5, 14.75, 15.75 ], "texture": "#spade5_atlas" },
				"up": { "uv": [ 11.75, 15.75, 13.25, 15.5 ], "texture": "#spade5_atlas" },
				"north": { "uv": [ 6, 11.75, 4.5, 12.25 ], "texture": "#spade5_atlas" },
				"south": { "uv": [ 3, 11.75, 4.5, 12.25 ], "texture": "#spade5_atlas" },
				"west": { "uv": [ 9.5, 13.75, 9.75, 14.25 ], "texture": "#spade5_atlas" },
				"east": { "uv": [ 9.75, 13.25, 9.5, 13.75 ], "texture": "#spade5_atlas" }
			}
		},
		{
			"__comment": "Voxels",
			"from": [ 7.6667, 13, 7.3333 ],
			"to": [ 8.333366, 15.33333, 7.666633 ],
			"faces": {
				"down": { "uv": [ 10, 14.25, 10.5, 14.5 ], "texture": "#spade5_atlas" },
				"up": { "uv": [ 10.5, 14.5, 11, 14.25 ], "texture": "#spade5_atlas" },
				"north": { "uv": [ 1, 9.25, 0.5, 11 ], "texture": "#spade5_atlas" },
				"south": { "uv": [ 0, 9.25, 0.5, 11 ], "texture": "#spade5_atlas" },
				"west": { "uv": [ 7, 14, 7.25, 15.75 ], "texture": "#spade5_atlas" },
				"east": { "uv": [ 7.25, 12.25, 7, 14 ], "texture": "#spade5_atlas" }
			}
		},
		{
			"__comment": "Voxels",
			"from": [ 7.6667, 16, 8 ],
			"to": [ 8.333366, 16.66667, 8.333333 ],
			"faces": {
				"down": { "uv": [ 11, 14.25, 11.5, 14.5 ], "texture": "#spade5_atlas" },
				"up": { "uv": [ 11.5, 14.5, 12, 14.25 ], "texture": "#spade5_atlas" },
				"north": { "uv": [ 8.25, 10.75, 7.75, 11.25 ], "texture": "#spade5_atlas" },
				"south": { "uv": [ 7.75, 10.25, 8.25, 10.75 ], "texture": "#spade5_atlas" },
				"west": { "uv": [ 9.5, 11.75, 9.75, 12.25 ], "texture": "#spade5_atlas" },
				"east": { "uv": [ 9.75, 11.25, 9.5, 11.75 ], "texture": "#spade5_atlas" }
			}
		},
		{
			"__comment": "Voxels",
			"from": [ 7.6667, 16.3333, 7.6667 ],
			"to": [ 8.333366, 16.66663, 8.000033 ],
			"faces": {
				"down": { "uv": [ 13, 14.25, 13.5, 14.5 ], "texture": "#spade5_atlas" },
				"up": { "uv": [ 13.5, 14.5, 14, 14.25 ], "texture": "#spade5_atlas" },
				"north": { "uv": [ 14.5, 14.25, 14, 14.5 ], "texture": "#spade5_atlas" },
				"south": { "uv": [ 14.5, 14.25, 15, 14.5 ], "texture": "#spade5_atlas" },
				"west": { "uv": [ 15.25, 14, 15.5, 14.25 ], "texture": "#spade5_atlas" },
				"east": { "uv": [ 16, 14, 15.75, 14.25 ], "texture": "#spade5_atlas" }
			}
		},
		{
			"__comment": "Voxels",
			"from": [ 8, 1.6667, 7.3333 ],
			"to": [ 8.333333, 2.000033, 7.666633 ],
			"faces": {
				"down": { "uv": [ 9.75, 13.75, 10, 14 ], "texture": "#spade5_atlas" },
				"up": { "uv": [ 9.75, 13.25, 10, 13 ], "texture": "#spade5_atlas" },
				"north": { "uv": [ 10, 12.75, 9.75, 13 ], "texture": "#spade5_atlas" },
				"south": { "uv": [ 9.75, 12.5, 10, 12.75 ], "texture": "#spade5_atlas" },
				"west": { "uv": [ 9.75, 12, 10, 12.25 ], "texture": "#spade5_atlas" },
				"east": { "uv": [ 10, 11.75, 9.75, 12 ], "texture": "#spade5_atlas" }
			}
		},
		{
			"__comment": "Voxels",
			"from": [ 8, 8.666699, 7.3333 ],
			"to": [ 8.333333, 9.000032, 7.666633 ],
			"faces": {
				"down": { "uv": [ 9.75, 11, 10, 11.25 ], "texture": "#spade5_atlas" },
				"up": { "uv": [ 9.75, 11, 10, 10.75 ], "texture": "#spade5_atlas" },
				"north": { "uv": [ 10, 10.5, 9.75, 10.75 ], "texture": "#spade5_atlas" },
				"south": { "uv": [ 9.75, 10.25, 10, 10.5 ], "texture": "#spade5_atlas" },
				"west": { "uv": [ 9.75, 10, 10, 10.25 ], "texture": "#spade5_atlas" },
				"east": { "uv": [ 10, 9.5, 9.75, 9.75 ], "texture": "#spade5_atlas" }
			}
		},
		{
			"__comment": "Voxels",
			"from": [ 8, 9.666699, 8.3333 ],
			"to": [ 8.333333, 10.00003, 8.666633 ],
			"faces": {
				"down": { "uv": [ 9.75, 9.25, 10, 9.5 ], "texture": "#spade5_atlas" },
				"up": { "uv": [ 9.75, 9.25, 10, 9 ], "texture": "#spade5_atlas" },
				"north": { "uv": [ 10, 8.75, 9.75, 9 ], "texture": "#spade5_atlas" },
				"south": { "uv": [ 9.75, 8.5, 10, 8.75 ], "texture": "#spade5_atlas" },
				"west": { "uv": [ 10, 13.75, 10.25, 14 ], "texture": "#spade5_atlas" },
				"east": { "uv": [ 10.5, 13.75, 10.25, 14 ], "texture": "#spade5_atlas" }
			}
		},
		{
			"__comment": "Voxels",
			"from": [ 8.3333, 1.6667, 7.6667 ],
			"to": [ 8.666633, 2.000033, 8.000033 ],
			"faces": {
				"down": { "uv": [ 11, 13.75, 11.25, 14 ], "texture": "#spade5_atlas" },
				"up": { "uv": [ 11.25, 14, 11.5, 13.75 ], "texture": "#spade5_atlas" },
				"north": { "uv": [ 11.75, 13.75, 11.5, 14 ], "texture": "#spade5_atlas" },
				"south": { "uv": [ 11.75, 13.75, 12, 14 ], "texture": "#spade5_atlas" },
				"west": { "uv": [ 12, 13.75, 12.25, 14 ], "texture": "#spade5_atlas" },
				"east": { "uv": [ 12.5, 13.75, 12.25, 14 ], "texture": "#spade5_atlas" }
			}
		},
		{
			"__comment": "Voxels",
			"from": [ 8.3333, 8.666699, 7.6667 ],
			"to": [ 8.666633, 9.000032, 8.000033 ],
			"faces": {
				"down": { "uv": [ 12.5, 13.75, 12.75, 14 ], "texture": "#spade5_atlas" },
				"up": { "uv": [ 14.75, 14.25, 15, 14 ], "texture": "#spade5_atlas" },
				"north": { "uv": [ 15.25, 14, 15, 14.25 ], "texture": "#spade5_atlas" },
				"south": { "uv": [ 9.75, 9.75, 10, 10 ], "texture": "#spade5_atlas" },
				"west": { "uv": [ 15.5, 14, 15.75, 14.25 ], "texture": "#spade5_atlas" },
				"east": { "uv": [ 13, 13.75, 12.75, 14 ], "texture": "#spade5_atlas" }
			}
		},
		{
			"__comment": "Voxels",
			"from": [ 8.3333, 12, 7.6667 ],
			"to": [ 9.666633, 12.66667, 8.000033 ],
			"faces": {
				"down": { "uv": [ 15, 15.75, 16, 16 ], "texture": "#spade5_atlas" },
				"up": { "uv": [ 11.75, 15.5, 12.75, 15.25 ], "texture": "#spade5_atlas" },
				"north": { "uv": [ 7, 9.25, 6, 9.75 ], "texture": "#spade5_atlas" },
				"south": { "uv": [ 6, 12.25, 7, 12.75 ], "texture": "#spade5_atlas" },
				"west": { "uv": [ 9.5, 10.75, 9.75, 11.25 ], "texture": "#spade5_atlas" },
				"east": { "uv": [ 9.75, 10.25, 9.5, 10.75 ], "texture": "#spade5_atlas" }
			}
		},
		{
			"__comment": "Voxels",
			"from": [ 9, 13.3333, 7.6667 ],
			"to": [ 9.666667, 13.99997, 8.333366 ],
			"faces": {
				"down": { "uv": [ 7.75, 9.75, 8.25, 10.25 ], "texture": "#spade5_atlas" },
				"up": { "uv": [ 7.75, 9.75, 8.25, 9.25 ], "texture": "#spade5_atlas" },
				"north": { "uv": [ 8.25, 8.75, 7.75, 9.25 ], "texture": "#spade5_atlas" },
				"south": { "uv": [ 7.75, 8.25, 8.25, 8.75 ], "texture": "#spade5_atlas" },
				"west": { "uv": [ 8.25, 14.75, 8.75, 15.25 ], "texture": "#spade5_atlas" },
				"east": { "uv": [ 8.75, 14.25, 8.25, 14.75 ], "texture": "#spade5_atlas" }
			}
		},
		{
			"__comment": "Voxels",
			"from": [ 9, 14, 7.6667 ],
			"to": [ 9.333333, 14.66667, 8.333366 ],
			"faces": {
				"down": { "uv": [ 9.5, 9.75, 9.75, 10.25 ], "texture": "#spade5_atlas" },
				"up": { "uv": [ 9.5, 9.75, 9.75, 9.25 ], "texture": "#spade5_atlas" },
				"north": { "uv": [ 9.75, 8.75, 9.5, 9.25 ], "texture": "#spade5_atlas" },
				"south": { "uv": [ 9.5, 8.25, 9.75, 8.75 ], "texture": "#spade5_atlas" },
				"west": { "uv": [ 8.25, 13.75, 8.75, 14.25 ], "texture": "#spade5_atlas" },
				"east": { "uv": [ 8.75, 13.25, 8.25, 13.75 ], "texture": "#spade5_atlas" }
			}
		},
		{
			"__comment": "Voxels",
			"from": [ 9.3333, 13, 8 ],
			"to": [ 9.999967, 13.33333, 8.333333 ],
			"faces": {
				"down": { "uv": [ 12.75, 14, 13.25, 14.25 ], "texture": "#spade5_atlas" },
				"up": { "uv": [ 13.25, 14.25, 13.75, 14 ], "texture": "#spade5_atlas" },
				"north": { "uv": [ 11.75, 14.5, 11.25, 14.75 ], "texture": "#spade5_atlas" },
				"south": { "uv": [ 11.75, 14.5, 12.25, 14.75 ], "texture": "#spade5_atlas" },
				"west": { "uv": [ 9.75, 8.25, 10, 8.5 ], "texture": "#spade5_atlas" },
				"east": { "uv": [ 10, 8, 9.75, 8.25 ], "texture": "#spade5_atlas" }
			}
		},
		{
			"__comment": "Voxels",
			"from": [ 9.666699, 12.3333, 7.6667 ],
			"to": [ 10.00003, 12.66663, 8.333366 ],
			"faces": {
				"down": { "uv": [ 5.75, 8.75, 6, 9.25 ], "texture": "#spade5_atlas" },
				"up": { "uv": [ 7, 8.5, 7.25, 8 ], "texture": "#spade5_atlas" },
				"north": { "uv": [ 10.75, 13.75, 10.5, 14 ], "texture": "#spade5_atlas" },
				"south": { "uv": [ 10.75, 13.75, 11, 14 ], "texture": "#spade5_atlas" },
				"west": { "uv": [ 13.25, 14.5, 13.75, 14.75 ], "texture": "#spade5_atlas" },
				"east": { "uv": [ 14.25, 14.5, 13.75, 14.75 ], "texture": "#spade5_atlas" }
			}
		},
		{
			"__comment": "Voxels",
			"from": [ 10.3333, 13, 7.6667 ],
			"to": [ 10.99997, 13.33333, 8.333366 ],
			"faces": {
				"down": { "uv": [ 8.25, 12.75, 8.75, 13.25 ], "texture": "#spade5_atlas" },
				"up": { "uv": [ 8.25, 12.25, 8.75, 11.75 ], "texture": "#spade5_atlas" },
				"north": { "uv": [ 9.5, 13.5, 9, 13.75 ], "texture": "#spade5_atlas" },
				"south": { "uv": [ 9, 13.25, 9.5, 13.5 ], "texture": "#spade5_atlas" },
				"west": { "uv": [ 9, 11, 9.5, 11.25 ], "texture": "#spade5_atlas" },
				"east": { "uv": [ 16, 14.25, 15.5, 14.5 ], "texture": "#spade5_atlas" }
			}
		}
	],
	"display": {
		"thirdperson_righthand": {
			"rotation":  [ 10, 90, 0 ],
			"translation":  [ 0, 2, 2 ],
			"scale":  [ 1.5, 1.5, 1.5 ]
		},
		"thirdperson_lefthand": {
			"rotation":  [ 10, 90, 0 ],
			"translation":  [ 0, 2, 2 ],
			"scale":  [ 1.5, 1.5, 1.5 ]
		},
		"firstperson_righthand": {
			"rotation":  [ -80, 90, 0 ],
			"translation":  [ 0, 3.5, 0 ]
		},
		"firstperson_lefthand": {
			"rotation":  [ -80, 90, 0 ],
			"translation":  [ 0, 3.5, 0 ]
		},
		"gui": {
			"rotation":  [ 0, 0, -50 ]
		},
		"ground": {
			"translation":  [ 0, 10, 0 ]
		}
	}
}