{
	"__comment": "Designed by Xiaoxiafeng with Cubik Studio - https://cubik.studio",
	"textures": {
		"particle": "trademodel/e_particle",
		"texture": "trademodel/e_texture",
		"spade1_atlas": "trademodel/spade1_atlas"
	},
	"elements": [ 	 
		{
			"__comment": "Voxels",
			"from": [ 5.6667, 12.6667, 7.6667 ],
			"to": [ 10.33337, 13.00003, 8.333366 ],
			"faces": {
				"down": { "uv": [ 1, 15.5, 4.5, 16 ], "texture": "#spade1_atlas" },
				"up": { "uv": [ 4.5, 16, 8, 15.5 ], "texture": "#spade1_atlas" },
				"north": { "uv": [ 5.5, 13.25, 2, 13.5 ], "texture": "#spade1_atlas" },
				"south": { "uv": [ 5.5, 13.25, 9, 13.5 ], "texture": "#spade1_atlas" },
				"west": { "uv": [ 4, 3, 4.5, 3.25 ], "texture": "#spade1_atlas" },
				"east": { "uv": [ 4.5, 2.75, 4, 3 ], "texture": "#spade1_atlas" }
			}
		},
		{
			"__comment": "Voxels",
			"from": [ 5.6667, 13, 7.6667 ],
			"to": [ 7.333366, 14.33333, 8.333366 ],
			"faces": {
				"down": { "uv": [ 14.25, 14, 15.5, 14.5 ], "texture": "#spade1_atlas" },
				"up": { "uv": [ 14.25, 14, 15.5, 13.5 ], "texture": "#spade1_atlas" },
				"north": { "uv": [ 3.25, 13.5, 2, 14.5 ], "texture": "#spade1_atlas" },
				"south": { "uv": [ 3.25, 13.5, 4.5, 14.5 ], "texture": "#spade1_atlas" },
				"west": { "uv": [ 0, 0, 0.5, 1 ], "texture": "#spade1_atlas" },
				"east": { "uv": [ 2.5, 8, 2, 9 ], "texture": "#spade1_atlas" }
			}
		},
		{
			"__comment": "Voxels",
			"from": [ 5.6667, 15, 7.6667 ],
			"to": [ 10.33337, 15.33333, 8.333366 ],
			"faces": {
				"down": { "uv": [ 8, 15.5, 11.5, 16 ], "texture": "#spade1_atlas" },
				"up": { "uv": [ 11.5, 16, 15, 15.5 ], "texture": "#spade1_atlas" },
				"north": { "uv": [ 12.5, 13.25, 9, 13.5 ], "texture": "#spade1_atlas" },
				"south": { "uv": [ 12.5, 13.25, 16, 13.5 ], "texture": "#spade1_atlas" },
				"west": { "uv": [ 4, 2.5, 4.5, 2.75 ], "texture": "#spade1_atlas" },
				"east": { "uv": [ 4.5, 1.75, 4, 2 ], "texture": "#spade1_atlas" }
			}
		},
		{
			"__comment": "Voxels",
			"from": [ 6, 12, 7.6667 ],
			"to": [ 10, 12.66667, 8.333366 ],
			"faces": {
				"down": { "uv": [ 13, 15, 16, 15.5 ], "texture": "#spade1_atlas" },
				"up": { "uv": [ 10, 15.5, 13, 15 ], "texture": "#spade1_atlas" },
				"north": { "uv": [ 4, 15, 1, 15.5 ], "texture": "#spade1_atlas" },
				"south": { "uv": [ 4, 15, 7, 15.5 ], "texture": "#spade1_atlas" },
				"west": { "uv": [ 3.5, 6.25, 4, 6.75 ], "texture": "#spade1_atlas" },
				"east": { "uv": [ 4, 5.75, 3.5, 6.25 ], "texture": "#spade1_atlas" }
			}
		},
		{
			"__comment": "Voxels",
			"from": [ 6, 14.3333, 7.6667 ],
			"to": [ 10, 14.99997, 8.333366 ],
			"faces": {
				"down": { "uv": [ 7, 14.5, 10, 15 ], "texture": "#spade1_atlas" },
				"up": { "uv": [ 4, 15, 7, 14.5 ], "texture": "#spade1_atlas" },
				"north": { "uv": [ 4, 14.5, 1, 15 ], "texture": "#spade1_atlas" },
				"south": { "uv": [ 7, 15, 10, 15.5 ], "texture": "#spade1_atlas" },
				"west": { "uv": [ 3.5, 5.25, 4, 5.75 ], "texture": "#spade1_atlas" },
				"east": { "uv": [ 4, 4.75, 3.5, 5.25 ], "texture": "#spade1_atlas" }
			}
		},
		{
			"__comment": "Voxels",
			"from": [ 6.3333, 11, 7.6667 ],
			"to": [ 6.999966, 12, 8.333366 ],
			"faces": {
				"down": { "uv": [ 3.5, 3.25, 4, 3.75 ], "texture": "#spade1_atlas" },
				"up": { "uv": [ 3.5, 3.25, 4, 2.75 ], "texture": "#spade1_atlas" },
				"north": { "uv": [ 3.5, 8.5, 3, 9.25 ], "texture": "#spade1_atlas" },
				"south": { "uv": [ 0.5, 0, 1, 0.75 ], "texture": "#spade1_atlas" },
				"west": { "uv": [ 3, 7.75, 3.5, 8.5 ], "texture": "#spade1_atlas" },
				"east": { "uv": [ 3, 7.75, 2.5, 8.5 ], "texture": "#spade1_atlas" }
			}
		},
		{
			"__comment": "Voxels",
			"from": [ 6.3333, 12.6667, 7.3333 ],
			"to": [ 6.666633, 13.00003, 7.666633 ],
			"faces": {
				"down": { "uv": [ 4.75, 4.75, 5, 5 ], "texture": "#spade1_atlas" },
				"up": { "uv": [ 4.5, 1.75, 4.75, 1.5 ], "texture": "#spade1_atlas" },
				"north": { "uv": [ 4.75, 1.75, 4.5, 2 ], "texture": "#spade1_atlas" },
				"south": { "uv": [ 4.5, 2, 4.75, 2.25 ], "texture": "#spade1_atlas" },
				"west": { "uv": [ 12.75, 13.5, 13, 13.75 ], "texture": "#spade1_atlas" },
				"east": { "uv": [ 11.75, 13.5, 11.5, 13.75 ], "texture": "#spade1_atlas" }
			}
		},
		{
			"__comment": "Voxels",
			"from": [ 6.3333, 12.6667, 8.3333 ],
			"to": [ 6.666633, 13.00003, 8.666633 ],
			"faces": {
				"down": { "uv": [ 5, 5.75, 5.25, 6 ], "texture": "#spade1_atlas" },
				"up": { "uv": [ 5, 7.25, 5.25, 7 ], "texture": "#spade1_atlas" },
				"north": { "uv": [ 5.25, 10.25, 5, 10.5 ], "texture": "#spade1_atlas" },
				"south": { "uv": [ 4.75, 0.75, 5, 1 ], "texture": "#spade1_atlas" },
				"west": { "uv": [ 4.75, 1, 5, 1.25 ], "texture": "#spade1_atlas" },
				"east": { "uv": [ 5, 6.75, 4.75, 7 ], "texture": "#spade1_atlas" }
			}
		},
		{
			"__comment": "Voxels",
			"from": [ 6.3333, 13.6667, 7.3333 ],
			"to": [ 9.666634, 14.00003, 7.666633 ],
			"faces": {
				"down": { "uv": [ 2, 13, 4.5, 13.25 ], "texture": "#spade1_atlas" },
				"up": { "uv": [ 4.5, 13.25, 7, 13 ], "texture": "#spade1_atlas" },
				"north": { "uv": [ 9.5, 13, 7, 13.25 ], "texture": "#spade1_atlas" },
				"south": { "uv": [ 9.5, 13, 12, 13.25 ], "texture": "#spade1_atlas" },
				"west": { "uv": [ 4.75, 1.75, 5, 2 ], "texture": "#spade1_atlas" },
				"east": { "uv": [ 5, 2, 4.75, 2.25 ], "texture": "#spade1_atlas" }
			}
		},
		{
			"__comment": "Voxels",
			"from": [ 6.3333, 13.6667, 8.3333 ],
			"to": [ 9.666634, 14.00003, 8.666633 ],
			"faces": {
				"down": { "uv": [ 12, 13, 14.5, 13.25 ], "texture": "#spade1_atlas" },
				"up": { "uv": [ 2, 13, 4.5, 12.75 ], "texture": "#spade1_atlas" },
				"north": { "uv": [ 7, 12.75, 4.5, 13 ], "texture": "#spade1_atlas" },
				"south": { "uv": [ 7, 12.75, 9.5, 13 ], "texture": "#spade1_atlas" },
				"west": { "uv": [ 4.75, 2.25, 5, 2.5 ], "texture": "#spade1_atlas" },
				"east": { "uv": [ 5, 2.5, 4.75, 2.75 ], "texture": "#spade1_atlas" }
			}
		},
		{
			"__comment": "Voxels",
			"from": [ 6.3333, 15.3333, 7.6667 ],
			"to": [ 9.666634, 15.66663, 8.333366 ],
			"faces": {
				"down": { "uv": [ 12.5, 14.5, 15, 15 ], "texture": "#spade1_atlas" },
				"up": { "uv": [ 10, 15, 12.5, 14.5 ], "texture": "#spade1_atlas" },
				"north": { "uv": [ 12, 12.75, 9.5, 13 ], "texture": "#spade1_atlas" },
				"south": { "uv": [ 12, 12.75, 14.5, 13 ], "texture": "#spade1_atlas" },
				"west": { "uv": [ 4, 1.5, 4.5, 1.75 ], "texture": "#spade1_atlas" },
				"east": { "uv": [ 4.5, 1.25, 4, 1.5 ], "texture": "#spade1_atlas" }
			}
		},
		{
			"__comment": "Voxels",
			"from": [ 6.6667, 12.3333, 7.3333 ],
			"to": [ 9.333366, 12.66663, 7.666633 ],
			"faces": {
				"down": { "uv": [ 11.5, 12.5, 13.5, 12.75 ], "texture": "#spade1_atlas" },
				"up": { "uv": [ 13.5, 12.75, 15.5, 12.5 ], "texture": "#spade1_atlas" },
				"north": { "uv": [ 5.5, 12.25, 3.5, 12.5 ], "texture": "#spade1_atlas" },
				"south": { "uv": [ 5.5, 12.25, 7.5, 12.5 ], "texture": "#spade1_atlas" },
				"west": { "uv": [ 4.75, 3.25, 5, 3.5 ], "texture": "#spade1_atlas" },
				"east": { "uv": [ 5, 3.5, 4.75, 3.75 ], "texture": "#spade1_atlas" }
			}
		},
		{
			"__comment": "Voxels",
			"from": [ 6.6667, 12.3333, 8.3333 ],
			"to": [ 9.333366, 12.66663, 8.666633 ],
			"faces": {
				"down": { "uv": [ 7.5, 12.25, 9.5, 12.5 ], "texture": "#spade1_atlas" },
				"up": { "uv": [ 9.5, 12.5, 11.5, 12.25 ], "texture": "#spade1_atlas" },
				"north": { "uv": [ 13.5, 12.25, 11.5, 12.5 ], "texture": "#spade1_atlas" },
				"south": { "uv": [ 13.5, 12.25, 15.5, 12.5 ], "texture": "#spade1_atlas" },
				"west": { "uv": [ 4.75, 3.75, 5, 4 ], "texture": "#spade1_atlas" },
				"east": { "uv": [ 5, 4.5, 4.75, 4.75 ], "texture": "#spade1_atlas" }
			}
		},
		{
			"__comment": "Voxels",
			"from": [ 6.6667, 13, 7.3333 ],
			"to": [ 9.333366, 13.66667, 7.666633 ],
			"faces": {
				"down": { "uv": [ 3.5, 12, 5.5, 12.25 ], "texture": "#spade1_atlas" },
				"up": { "uv": [ 5.5, 12.25, 7.5, 12 ], "texture": "#spade1_atlas" },
				"north": { "uv": [ 8.5, 14, 6.5, 14.5 ], "texture": "#spade1_atlas" },
				"south": { "uv": [ 6.5, 13.5, 8.5, 14 ], "texture": "#spade1_atlas" },
				"west": { "uv": [ 4, 0.75, 4.25, 1.25 ], "texture": "#spade1_atlas" },
				"east": { "uv": [ 4.5, 0.75, 4.25, 1.25 ], "texture": "#spade1_atlas" }
			}
		},
		{
			"__comment": "Voxels",
			"from": [ 6.6667, 13, 8.3333 ],
			"to": [ 9.333366, 13.66667, 8.666633 ],
			"faces": {
				"down": { "uv": [ 7.5, 12, 9.5, 12.25 ], "texture": "#spade1_atlas" },
				"up": { "uv": [ 9.5, 12.25, 11.5, 12 ], "texture": "#spade1_atlas" },
				"north": { "uv": [ 6.5, 14, 4.5, 14.5 ], "texture": "#spade1_atlas" },
				"south": { "uv": [ 8.5, 14, 10.5, 14.5 ], "texture": "#spade1_atlas" },
				"west": { "uv": [ 4.5, 10.75, 4.75, 11.25 ], "texture": "#spade1_atlas" },
				"east": { "uv": [ 4.75, 9.25, 4.5, 9.75 ], "texture": "#spade1_atlas" }
			}
		},
		{
			"__comment": "Voxels",
			"from": [ 6.6667, 14, 7.3333 ],
			"to": [ 9.333366, 14.33333, 7.666633 ],
			"faces": {
				"down": { "uv": [ 11.5, 12, 13.5, 12.25 ], "texture": "#spade1_atlas" },
				"up": { "uv": [ 13.5, 12.25, 15.5, 12 ], "texture": "#spade1_atlas" },
				"north": { "uv": [ 5.5, 11.75, 3.5, 12 ], "texture": "#spade1_atlas" },
				"south": { "uv": [ 5.5, 11.75, 7.5, 12 ], "texture": "#spade1_atlas" },
				"west": { "uv": [ 4.75, 7.75, 5, 8 ], "texture": "#spade1_atlas" },
				"east": { "uv": [ 5, 8, 4.75, 8.25 ], "texture": "#spade1_atlas" }
			}
		},
		{
			"__comment": "Voxels",
			"from": [ 6.6667, 14, 8.3333 ],
			"to": [ 9.333366, 14.33333, 8.666633 ],
			"faces": {
				"down": { "uv": [ 7.5, 11.75, 9.5, 12 ], "texture": "#spade1_atlas" },
				"up": { "uv": [ 9.5, 12, 11.5, 11.75 ], "texture": "#spade1_atlas" },
				"north": { "uv": [ 13.5, 11.75, 11.5, 12 ], "texture": "#spade1_atlas" },
				"south": { "uv": [ 13.5, 11.75, 15.5, 12 ], "texture": "#spade1_atlas" },
				"west": { "uv": [ 4.5, 0.5, 4.75, 0.75 ], "texture": "#spade1_atlas" },
				"east": { "uv": [ 4.75, 0.75, 4.5, 1 ], "texture": "#spade1_atlas" }
			}
		},
		{
			"__comment": "Voxels",
			"from": [ 6.6667, 15.6667, 7.6667 ],
			"to": [ 7.000033, 16.6667, 8.333366 ],
			"faces": {
				"down": { "uv": [ 4.5, 8.75, 4.75, 9.25 ], "texture": "#spade1_atlas" },
				"up": { "uv": [ 4.5, 7.75, 4.75, 7.25 ], "texture": "#spade1_atlas" },
				"north": { "uv": [ 4.25, 7, 4, 7.75 ], "texture": "#spade1_atlas" },
				"south": { "uv": [ 4, 5.5, 4.25, 6.25 ], "texture": "#spade1_atlas" },
				"west": { "uv": [ 3, 9.25, 3.5, 10 ], "texture": "#spade1_atlas" },
				"east": { "uv": [ 2.5, 0.5, 2, 1.25 ], "texture": "#spade1_atlas" }
			}
		},
		{
			"__comment": "Voxels",
			"from": [ 7, 11.6667, 7.6667 ],
			"to": [ 9.666667, 12.00003, 8.333366 ],
			"faces": {
				"down": { "uv": [ 8.5, 13.5, 10.5, 14 ], "texture": "#spade1_atlas" },
				"up": { "uv": [ 4.5, 14, 6.5, 13.5 ], "texture": "#spade1_atlas" },
				"north": { "uv": [ 5.5, 11.5, 3.5, 11.75 ], "texture": "#spade1_atlas" },
				"south": { "uv": [ 5.5, 11.5, 7.5, 11.75 ], "texture": "#spade1_atlas" },
				"west": { "uv": [ 6.25, 11, 6.75, 11.25 ], "texture": "#spade1_atlas" },
				"east": { "uv": [ 7.25, 11, 6.75, 11.25 ], "texture": "#spade1_atlas" }
			}
		},
		{
			"__comment": "Voxels",
			"from": [ 7, 12.6667, 7.3333 ],
			"to": [ 9, 13.00003, 7.666633 ],
			"faces": {
				"down": { "uv": [ 14.5, 13, 16, 13.25 ], "texture": "#spade1_atlas" },
				"up": { "uv": [ 14.5, 13, 16, 12.75 ], "texture": "#spade1_atlas" },
				"north": { "uv": [ 9, 11.5, 7.5, 11.75 ], "texture": "#spade1_atlas" },
				"south": { "uv": [ 9, 11.5, 10.5, 11.75 ], "texture": "#spade1_atlas" },
				"west": { "uv": [ 5, 6, 5.25, 6.25 ], "texture": "#spade1_atlas" },
				"east": { "uv": [ 5.25, 6.75, 5, 7 ], "texture": "#spade1_atlas" }
			}
		},
		{
			"__comment": "Voxels",
			"from": [ 7, 12.6667, 8.3333 ],
			"to": [ 9, 13.00003, 8.666633 ],
			"faces": {
				"down": { "uv": [ 10.5, 11.5, 12, 11.75 ], "texture": "#spade1_atlas" },
				"up": { "uv": [ 12, 11.75, 13.5, 11.5 ], "texture": "#spade1_atlas" },
				"north": { "uv": [ 15, 11.5, 13.5, 11.75 ], "texture": "#spade1_atlas" },
				"south": { "uv": [ 3.5, 11.25, 5, 11.5 ], "texture": "#spade1_atlas" },
				"west": { "uv": [ 5, 10.5, 5.25, 10.75 ], "texture": "#spade1_atlas" },
				"east": { "uv": [ 5, 0, 4.75, 0.25 ], "texture": "#spade1_atlas" }
			}
		},
		{
			"__comment": "Voxels",
			"from": [ 7, 13.6667, 7 ],
			"to": [ 7.666667, 14.00003, 7.333333 ],
			"faces": {
				"down": { "uv": [ 7.25, 11, 7.75, 11.25 ], "texture": "#spade1_atlas" },
				"up": { "uv": [ 8.75, 11.25, 9.25, 11 ], "texture": "#spade1_atlas" },
				"north": { "uv": [ 9.75, 11, 9.25, 11.25 ], "texture": "#spade1_atlas" },
				"south": { "uv": [ 9.75, 11, 10.25, 11.25 ], "texture": "#spade1_atlas" },
				"west": { "uv": [ 4.75, 0.25, 5, 0.5 ], "texture": "#spade1_atlas" },
				"east": { "uv": [ 5, 0.5, 4.75, 0.75 ], "texture": "#spade1_atlas" }
			}
		},
		{
			"__comment": "Voxels",
			"from": [ 7, 13.6667, 8.666699 ],
			"to": [ 7.666667, 14.00003, 9.000032 ],
			"faces": {
				"down": { "uv": [ 10.25, 11, 10.75, 11.25 ], "texture": "#spade1_atlas" },
				"up": { "uv": [ 10.75, 11.25, 11.25, 11 ], "texture": "#spade1_atlas" },
				"north": { "uv": [ 11.75, 11, 11.25, 11.25 ], "texture": "#spade1_atlas" },
				"south": { "uv": [ 6.25, 10.75, 6.75, 11 ], "texture": "#spade1_atlas" },
				"west": { "uv": [ 4.75, 1.25, 5, 1.5 ], "texture": "#spade1_atlas" },
				"east": { "uv": [ 5, 1.5, 4.75, 1.75 ], "texture": "#spade1_atlas" }
			}
		},
		{
			"__comment": "Voxels",
			"from": [ 7.3333, -1, 7.6667 ],
			"to": [ 8.666633, 0.6666667, 8.333366 ],
			"faces": {
				"down": { "uv": [ 15, 14.5, 16, 15 ], "texture": "#spade1_atlas" },
				"up": { "uv": [ 1, 0.5, 2, 0 ], "texture": "#spade1_atlas" },
				"north": { "uv": [ 2, 12, 1, 13.25 ], "texture": "#spade1_atlas" },
				"south": { "uv": [ 1, 13.25, 2, 14.5 ], "texture": "#spade1_atlas" },
				"west": { "uv": [ 0.5, 2, 1, 3.25 ], "texture": "#spade1_atlas" },
				"east": { "uv": [ 1, 3.25, 0.5, 4.5 ], "texture": "#spade1_atlas" }
			}
		},
		{
			"__comment": "Voxels",
			"from": [ 7.3333, 0.6667, 8 ],
			"to": [ 8.666633, 2.000033, 8.333333 ],
			"faces": {
				"down": { "uv": [ 2.5, 4.75, 3.5, 5 ], "texture": "#spade1_atlas" },
				"up": { "uv": [ 2.5, 4.75, 3.5, 4.5 ], "texture": "#spade1_atlas" },
				"north": { "uv": [ 2, 5, 1, 6 ], "texture": "#spade1_atlas" },
				"south": { "uv": [ 1, 6, 2, 7 ], "texture": "#spade1_atlas" },
				"west": { "uv": [ 2.5, 3.25, 2.75, 4.25 ], "texture": "#spade1_atlas" },
				"east": { "uv": [ 3, 3.25, 2.75, 4.25 ], "texture": "#spade1_atlas" }
			}
		},
		{
			"__comment": "Voxels",
			"from": [ 7.3333, 1.3333, 7.6667 ],
			"to": [ 8.666633, 1.999967, 8.000033 ],
			"faces": {
				"down": { "uv": [ 2.5, 3, 3.5, 3.25 ], "texture": "#spade1_atlas" },
				"up": { "uv": [ 2.5, 3, 3.5, 2.75 ], "texture": "#spade1_atlas" },
				"north": { "uv": [ 3.5, 12, 2.5, 12.5 ], "texture": "#spade1_atlas" },
				"south": { "uv": [ 2.5, 10.5, 3.5, 11 ], "texture": "#spade1_atlas" },
				"west": { "uv": [ 4.5, 6.75, 4.75, 7.25 ], "texture": "#spade1_atlas" },
				"east": { "uv": [ 4.75, 6.25, 4.5, 6.75 ], "texture": "#spade1_atlas" }
			}
		},
		{
			"__comment": "Voxels",
			"from": [ 7.3333, 9.666699, 7.6667 ],
			"to": [ 8.666633, 10.00003, 8.333366 ],
			"faces": {
				"down": { "uv": [ 2.5, 11.5, 3.5, 12 ], "texture": "#spade1_atlas" },
				"up": { "uv": [ 2.5, 11.5, 3.5, 11 ], "texture": "#spade1_atlas" },
				"north": { "uv": [ 3.5, 1.75, 2.5, 2 ], "texture": "#spade1_atlas" },
				"south": { "uv": [ 2.5, 1.5, 3.5, 1.75 ], "texture": "#spade1_atlas" },
				"west": { "uv": [ 6.75, 10.75, 7.25, 11 ], "texture": "#spade1_atlas" },
				"east": { "uv": [ 7.75, 10.75, 7.25, 11 ], "texture": "#spade1_atlas" }
			}
		},
		{
			"__comment": "Voxels",
			"from": [ 7.3333, 10, 8 ],
			"to": [ 8.666633, 11.66667, 8.333333 ],
			"faces": {
				"down": { "uv": [ 2.5, 0.75, 3.5, 1 ], "texture": "#spade1_atlas" },
				"up": { "uv": [ 15, 11.75, 16, 11.5 ], "texture": "#spade1_atlas" },
				"north": { "uv": [ 2, 9.5, 1, 10.75 ], "texture": "#spade1_atlas" },
				"south": { "uv": [ 1, 10.75, 2, 12 ], "texture": "#spade1_atlas" },
				"west": { "uv": [ 2.5, 6.5, 2.75, 7.75 ], "texture": "#spade1_atlas" },
				"east": { "uv": [ 3, 6.5, 2.75, 7.75 ], "texture": "#spade1_atlas" }
			}
		},
		{
			"__comment": "Voxels",
			"from": [ 7.3333, 10.3333, 7.6667 ],
			"to": [ 8.666633, 11.66663, 8.000033 ],
			"faces": {
				"down": { "uv": [ 2.5, 5, 3.5, 5.25 ], "texture": "#spade1_atlas" },
				"up": { "uv": [ 11, 11.5, 12, 11.25 ], "texture": "#spade1_atlas" },
				"north": { "uv": [ 2, 3, 1, 4 ], "texture": "#spade1_atlas" },
				"south": { "uv": [ 1, 4, 2, 5 ], "texture": "#spade1_atlas" },
				"west": { "uv": [ 3.5, 7.75, 3.75, 8.75 ], "texture": "#spade1_atlas" },
				"east": { "uv": [ 4, 6.75, 3.75, 7.75 ], "texture": "#spade1_atlas" }
			}
		},
		{
			"__comment": "Voxels",
			"from": [ 7.3333, 14, 7.6667 ],
			"to": [ 10.3333, 14.33333, 8.000033 ],
			"faces": {
				"down": { "uv": [ 4.75, 12.5, 7, 12.75 ], "texture": "#spade1_atlas" },
				"up": { "uv": [ 2.5, 12.75, 4.75, 12.5 ], "texture": "#spade1_atlas" },
				"north": { "uv": [ 11.5, 12.5, 9.25, 12.75 ], "texture": "#spade1_atlas" },
				"south": { "uv": [ 7, 12.5, 9.25, 12.75 ], "texture": "#spade1_atlas" },
				"west": { "uv": [ 4.75, 2.75, 5, 3 ], "texture": "#spade1_atlas" },
				"east": { "uv": [ 5, 3, 4.75, 3.25 ], "texture": "#spade1_atlas" }
			}
		},
		{
			"__comment": "Voxels",
			"from": [ 7.3333, 14, 8 ],
			"to": [ 7.666633, 14.33333, 8.333333 ],
			"faces": {
				"down": { "uv": [ 4.75, 5, 5, 5.25 ], "texture": "#spade1_atlas" },
				"up": { "uv": [ 4.75, 5.5, 5, 5.25 ], "texture": "#spade1_atlas" },
				"north": { "uv": [ 15, 10.75, 14.75, 11 ], "texture": "#spade1_atlas" },
				"south": { "uv": [ 14.5, 10.75, 14.75, 11 ], "texture": "#spade1_atlas" },
				"west": { "uv": [ 14.25, 10.75, 14.5, 11 ], "texture": "#spade1_atlas" },
				"east": { "uv": [ 16, 11, 15.75, 11.25 ], "texture": "#spade1_atlas" }
			}
		},
		{
			"__comment": "Voxels",
			"from": [ 7.3333, 15, 7.3333 ],
			"to": [ 8.666633, 15.33333, 7.666633 ],
			"faces": {
				"down": { "uv": [ 12, 11.25, 13, 11.5 ], "texture": "#spade1_atlas" },
				"up": { "uv": [ 2.5, 1.5, 3.5, 1.25 ], "texture": "#spade1_atlas" },
				"north": { "uv": [ 3.5, 1, 2.5, 1.25 ], "texture": "#spade1_atlas" },
				"south": { "uv": [ 2.5, 4.25, 3.5, 4.5 ], "texture": "#spade1_atlas" },
				"west": { "uv": [ 4.5, 1.25, 4.75, 1.5 ], "texture": "#spade1_atlas" },
				"east": { "uv": [ 4.75, 1, 4.5, 1.25 ], "texture": "#spade1_atlas" }
			}
		},
		{
			"__comment": "Voxels",
			"from": [ 7.3333, 15, 8.3333 ],
			"to": [ 8.666633, 15.33333, 8.666633 ],
			"faces": {
				"down": { "uv": [ 2.5, 2.5, 3.5, 2.75 ], "texture": "#spade1_atlas" },
				"up": { "uv": [ 11.75, 13.75, 12.75, 13.5 ], "texture": "#spade1_atlas" },
				"north": { "uv": [ 11.5, 13.5, 10.5, 13.75 ], "texture": "#spade1_atlas" },
				"south": { "uv": [ 13, 11.25, 14, 11.5 ], "texture": "#spade1_atlas" },
				"west": { "uv": [ 4.75, 7.5, 5, 7.75 ], "texture": "#spade1_atlas" },
				"east": { "uv": [ 5, 6.5, 4.75, 6.75 ], "texture": "#spade1_atlas" }
			}
		},
		{
			"__comment": "Voxels",
			"from": [ 7.3333, 15.6667, 7.6667 ],
			"to": [ 8.666633, 17.33337, 8.333366 ],
			"faces": {
				"down": { "uv": [ 15, 15.5, 16, 16 ], "texture": "#spade1_atlas" },
				"up": { "uv": [ 2.5, 10.5, 3.5, 10 ], "texture": "#spade1_atlas" },
				"north": { "uv": [ 2, 7, 1, 8.25 ], "texture": "#spade1_atlas" },
				"south": { "uv": [ 1, 8.25, 2, 9.5 ], "texture": "#spade1_atlas" },
				"west": { "uv": [ 2, 10.25, 2.5, 11.5 ], "texture": "#spade1_atlas" },
				"east": { "uv": [ 2.5, 9, 2, 10.25 ], "texture": "#spade1_atlas" }
			}
		},
		{
			"__comment": "Voxels",
			"from": [ 7.6667, -1.6667, 7.6667 ],
			"to": [ 8.333366, -1.000033, 8.333366 ],
			"faces": {
				"down": { "uv": [ 3.5, 0.25, 4, 0.75 ], "texture": "#spade1_atlas" },
				"up": { "uv": [ 3.5, 1.25, 4, 0.75 ], "texture": "#spade1_atlas" },
				"north": { "uv": [ 4, 1.25, 3.5, 1.75 ], "texture": "#spade1_atlas" },
				"south": { "uv": [ 3.5, 1.75, 4, 2.25 ], "texture": "#spade1_atlas" },
				"west": { "uv": [ 3.5, 2.25, 4, 2.75 ], "texture": "#spade1_atlas" },
				"east": { "uv": [ 3.5, 3.25, 3, 3.75 ], "texture": "#spade1_atlas" }
			}
		},
		{
			"__comment": "Voxels",
			"from": [ 7.6667, -1.3333, 7.3333 ],
			"to": [ 8.333366, -0.6666333, 7.666633 ],
			"faces": {
				"down": { "uv": [ 8.25, 10.75, 8.75, 11 ], "texture": "#spade1_atlas" },
				"up": { "uv": [ 8.75, 11, 9.25, 10.75 ], "texture": "#spade1_atlas" },
				"north": { "uv": [ 3, 2, 2.5, 2.5 ], "texture": "#spade1_atlas" },
				"south": { "uv": [ 15.5, 14, 16, 14.5 ], "texture": "#spade1_atlas" },
				"west": { "uv": [ 4.5, 5.75, 4.75, 6.25 ], "texture": "#spade1_atlas" },
				"east": { "uv": [ 4.75, 5.25, 4.5, 5.75 ], "texture": "#spade1_atlas" }
			}
		},
		{
			"__comment": "Voxels",
			"from": [ 7.6667, -1.3333, 8.3333 ],
			"to": [ 8.333366, -0.6666333, 8.666633 ],
			"faces": {
				"down": { "uv": [ 9.25, 10.75, 9.75, 11 ], "texture": "#spade1_atlas" },
				"up": { "uv": [ 9.75, 11, 10.25, 10.75 ], "texture": "#spade1_atlas" },
				"north": { "uv": [ 2.5, 0, 2, 0.5 ], "texture": "#spade1_atlas" },
				"south": { "uv": [ 3.5, 8.75, 4, 9.25 ], "texture": "#spade1_atlas" },
				"west": { "uv": [ 4.5, 4.75, 4.75, 5.25 ], "texture": "#spade1_atlas" },
				"east": { "uv": [ 4.75, 4.25, 4.5, 4.75 ], "texture": "#spade1_atlas" }
			}
		},
		{
			"__comment": "Voxels",
			"from": [ 7.6667, -0.3333, 7.3333 ],
			"to": [ 8.333366, 0.6667, 7.666633 ],
			"faces": {
				"down": { "uv": [ 10.25, 10.75, 10.75, 11 ], "texture": "#spade1_atlas" },
				"up": { "uv": [ 10.75, 11, 11.25, 10.75 ], "texture": "#spade1_atlas" },
				"north": { "uv": [ 3, 8.5, 2.5, 9.25 ], "texture": "#spade1_atlas" },
				"south": { "uv": [ 2, 2, 2.5, 2.75 ], "texture": "#spade1_atlas" },
				"west": { "uv": [ 4.25, 5.5, 4.5, 6.25 ], "texture": "#spade1_atlas" },
				"east": { "uv": [ 4.5, 7, 4.25, 7.75 ], "texture": "#spade1_atlas" }
			}
		},
		{
			"__comment": "Voxels",
			"from": [ 7.6667, -0.3333, 8.3333 ],
			"to": [ 8.333366, 2.000033, 8.666633 ],
			"faces": {
				"down": { "uv": [ 11.25, 10.75, 11.75, 11 ], "texture": "#spade1_atlas" },
				"up": { "uv": [ 11.75, 11, 12.25, 10.75 ], "texture": "#spade1_atlas" },
				"north": { "uv": [ 0.5, 1, 0, 2.75 ], "texture": "#spade1_atlas" },
				"south": { "uv": [ 0, 2.75, 0.5, 4.5 ], "texture": "#spade1_atlas" },
				"west": { "uv": [ 2.25, 4.25, 2.5, 6 ], "texture": "#spade1_atlas" },
				"east": { "uv": [ 2.25, 4.25, 2, 6 ], "texture": "#spade1_atlas" }
			}
		},
		{
			"__comment": "Voxels",
			"from": [ 7.6667, 0.6667, 7.6667 ],
			"to": [ 8.333366, 1.333367, 8.000033 ],
			"faces": {
				"down": { "uv": [ 12.25, 10.75, 12.75, 11 ], "texture": "#spade1_atlas" },
				"up": { "uv": [ 12.75, 11, 13.25, 10.75 ], "texture": "#spade1_atlas" },
				"north": { "uv": [ 16, 13.5, 15.5, 14 ], "texture": "#spade1_atlas" },
				"south": { "uv": [ 3, 3.75, 3.5, 4.25 ], "texture": "#spade1_atlas" },
				"west": { "uv": [ 4, 5, 4.25, 5.5 ], "texture": "#spade1_atlas" },
				"east": { "uv": [ 4.5, 5, 4.25, 5.5 ], "texture": "#spade1_atlas" }
			}
		},
		{
			"__comment": "Voxels",
			"from": [ 7.6667, 1.3333, 7.3333 ],
			"to": [ 8.333366, 1.999967, 7.666633 ],
			"faces": {
				"down": { "uv": [ 15.5, 12.5, 16, 12.75 ], "texture": "#spade1_atlas" },
				"up": { "uv": [ 2.5, 0.25, 3, 0 ], "texture": "#spade1_atlas" },
				"north": { "uv": [ 3.5, 2, 3, 2.5 ], "texture": "#spade1_atlas" },
				"south": { "uv": [ 2.5, 0.25, 3, 0.75 ], "texture": "#spade1_atlas" },
				"west": { "uv": [ 4, 4.5, 4.25, 5 ], "texture": "#spade1_atlas" },
				"east": { "uv": [ 4.5, 4.5, 4.25, 5 ], "texture": "#spade1_atlas" }
			}
		},
		{
			"__comment": "Voxels",
			"from": [ 7.6667, 2, 7.6667 ],
			"to": [ 8.333366, 9.666667, 8.333366 ],
			"faces": {
				"down": { "uv": [ 3, 0.25, 3.5, 0.75 ], "texture": "#spade1_atlas" },
				"up": { "uv": [ 4, 8.25, 4.5, 7.75 ], "texture": "#spade1_atlas" },
				"north": { "uv": [ 0.5, 4.5, 0, 10.25 ], "texture": "#spade1_atlas" },
				"south": { "uv": [ 0.5, 10.25, 1, 16 ], "texture": "#spade1_atlas" },
				"west": { "uv": [ 0, 10.25, 0.5, 16 ], "texture": "#spade1_atlas" },
				"east": { "uv": [ 1, 4.5, 0.5, 10.25 ], "texture": "#spade1_atlas" }
			}
		},
		{
			"__comment": "Voxels",
			"from": [ 7.6667, 9.666699, 7.3333 ],
			"to": [ 8.333366, 10.00003, 7.666633 ],
			"faces": {
				"down": { "uv": [ 3, 0, 3.5, 0.25 ], "texture": "#spade1_atlas" },
				"up": { "uv": [ 15.5, 12.5, 16, 12.25 ], "texture": "#spade1_atlas" },
				"north": { "uv": [ 16, 12, 15.5, 12.25 ], "texture": "#spade1_atlas" },
				"south": { "uv": [ 15.5, 11.75, 16, 12 ], "texture": "#spade1_atlas" },
				"west": { "uv": [ 4.5, 0.25, 4.75, 0.5 ], "texture": "#spade1_atlas" },
				"east": { "uv": [ 4.75, 0, 4.5, 0.25 ], "texture": "#spade1_atlas" }
			}
		},
		{
			"__comment": "Voxels",
			"from": [ 7.6667, 9.666699, 8.3333 ],
			"to": [ 8.333366, 10.00003, 8.666633 ],
			"faces": {
				"down": { "uv": [ 14, 11.25, 14.5, 11.5 ], "texture": "#spade1_atlas" },
				"up": { "uv": [ 14.5, 11.5, 15, 11.25 ], "texture": "#spade1_atlas" },
				"north": { "uv": [ 15.5, 11.25, 15, 11.5 ], "texture": "#spade1_atlas" },
				"south": { "uv": [ 15.5, 11.25, 16, 11.5 ], "texture": "#spade1_atlas" },
				"west": { "uv": [ 15, 10.75, 15.25, 11 ], "texture": "#spade1_atlas" },
				"east": { "uv": [ 5, 8.25, 4.75, 8.5 ], "texture": "#spade1_atlas" }
			}
		},
		{
			"__comment": "Voxels",
			"from": [ 7.6667, 10, 7.6667 ],
			"to": [ 8.333366, 10.33333, 8.000033 ],
			"faces": {
				"down": { "uv": [ 3.5, 0, 4, 0.25 ], "texture": "#spade1_atlas" },
				"up": { "uv": [ 4, 4.5, 4.5, 4.25 ], "texture": "#spade1_atlas" },
				"north": { "uv": [ 4.5, 4, 4, 4.25 ], "texture": "#spade1_atlas" },
				"south": { "uv": [ 4, 3.75, 4.5, 4 ], "texture": "#spade1_atlas" },
				"west": { "uv": [ 4.75, 6.25, 5, 6.5 ], "texture": "#spade1_atlas" },
				"east": { "uv": [ 5, 6, 4.75, 6.25 ], "texture": "#spade1_atlas" }
			}
		},
		{
			"__comment": "Voxels",
			"from": [ 7.6667, 10.3333, 7.3333 ],
			"to": [ 8.333366, 11.99997, 7.666633 ],
			"faces": {
				"down": { "uv": [ 4, 3.5, 4.5, 3.75 ], "texture": "#spade1_atlas" },
				"up": { "uv": [ 4, 3.5, 4.5, 3.25 ], "texture": "#spade1_atlas" },
				"north": { "uv": [ 1, 0.75, 0.5, 2 ], "texture": "#spade1_atlas" },
				"south": { "uv": [ 1.5, 0.5, 2, 1.75 ], "texture": "#spade1_atlas" },
				"west": { "uv": [ 3, 5.25, 3.25, 6.5 ], "texture": "#spade1_atlas" },
				"east": { "uv": [ 3.25, 6.5, 3, 7.75 ], "texture": "#spade1_atlas" }
			}
		},
		{
			"__comment": "Voxels",
			"from": [ 7.6667, 10.3333, 8.3333 ],
			"to": [ 8.333366, 11.99997, 8.666633 ],
			"faces": {
				"down": { "uv": [ 4, 2.25, 4.5, 2.5 ], "texture": "#spade1_atlas" },
				"up": { "uv": [ 4, 2.25, 4.5, 2 ], "texture": "#spade1_atlas" },
				"north": { "uv": [ 1.5, 0.5, 1, 1.75 ], "texture": "#spade1_atlas" },
				"south": { "uv": [ 1.5, 1.75, 2, 3 ], "texture": "#spade1_atlas" },
				"west": { "uv": [ 3.25, 6.5, 3.5, 7.75 ], "texture": "#spade1_atlas" },
				"east": { "uv": [ 3.5, 5.25, 3.25, 6.5 ], "texture": "#spade1_atlas" }
			}
		},
		{
			"__comment": "Voxels",
			"from": [ 7.6667, 14.3333, 7.3333 ],
			"to": [ 8.333366, 14.99997, 7.666633 ],
			"faces": {
				"down": { "uv": [ 4, 0.5, 4.5, 0.75 ], "texture": "#spade1_atlas" },
				"up": { "uv": [ 4, 0.5, 4.5, 0.25 ], "texture": "#spade1_atlas" },
				"north": { "uv": [ 4, 10.75, 3.5, 11.25 ], "texture": "#spade1_atlas" },
				"south": { "uv": [ 3.5, 10.25, 4, 10.75 ], "texture": "#spade1_atlas" },
				"west": { "uv": [ 4.5, 10.25, 4.75, 10.75 ], "texture": "#spade1_atlas" },
				"east": { "uv": [ 4.75, 9.75, 4.5, 10.25 ], "texture": "#spade1_atlas" }
			}
		},
		{
			"__comment": "Voxels",
			"from": [ 7.6667, 14.3333, 8.3333 ],
			"to": [ 8.333366, 14.99997, 8.666633 ],
			"faces": {
				"down": { "uv": [ 4, 0, 4.5, 0.25 ], "texture": "#spade1_atlas" },
				"up": { "uv": [ 4.75, 11.25, 5.25, 11 ], "texture": "#spade1_atlas" },
				"north": { "uv": [ 4, 9.75, 3.5, 10.25 ], "texture": "#spade1_atlas" },
				"south": { "uv": [ 3.5, 9.25, 4, 9.75 ], "texture": "#spade1_atlas" },
				"west": { "uv": [ 4.5, 8.25, 4.75, 8.75 ], "texture": "#spade1_atlas" },
				"east": { "uv": [ 4.75, 7.75, 4.5, 8.25 ], "texture": "#spade1_atlas" }
			}
		},
		{
			"__comment": "Voxels",
			"from": [ 7.6667, 15.3333, 7.3333 ],
			"to": [ 8.333366, 16.66663, 7.666633 ],
			"faces": {
				"down": { "uv": [ 5.25, 11, 5.75, 11.25 ], "texture": "#spade1_atlas" },
				"up": { "uv": [ 5.75, 11.25, 6.25, 11 ], "texture": "#spade1_atlas" },
				"north": { "uv": [ 2.5, 7, 2, 8 ], "texture": "#spade1_atlas" },
				"south": { "uv": [ 2, 6, 2.5, 7 ], "texture": "#spade1_atlas" },
				"west": { "uv": [ 3.75, 7.75, 4, 8.75 ], "texture": "#spade1_atlas" },
				"east": { "uv": [ 3.75, 6.75, 3.5, 7.75 ], "texture": "#spade1_atlas" }
			}
		},
		{
			"__comment": "Voxels",
			"from": [ 7.6667, 15.3333, 8.3333 ],
			"to": [ 8.333366, 16.99997, 8.666633 ],
			"faces": {
				"down": { "uv": [ 7.75, 11, 8.25, 11.25 ], "texture": "#spade1_atlas" },
				"up": { "uv": [ 8.25, 11.25, 8.75, 11 ], "texture": "#spade1_atlas" },
				"north": { "uv": [ 2.5, 11.5, 2, 12.75 ], "texture": "#spade1_atlas" },
				"south": { "uv": [ 1, 1.75, 1.5, 3 ], "texture": "#spade1_atlas" },
				"west": { "uv": [ 2.5, 5.25, 2.75, 6.5 ], "texture": "#spade1_atlas" },
				"east": { "uv": [ 3, 5.25, 2.75, 6.5 ], "texture": "#spade1_atlas" }
			}
		},
		{
			"__comment": "Voxels",
			"from": [ 7.6667, 17.3333, 7.6667 ],
			"to": [ 8.333366, 17.66663, 8.333366 ],
			"faces": {
				"down": { "uv": [ 3.5, 4.25, 4, 4.75 ], "texture": "#spade1_atlas" },
				"up": { "uv": [ 3.5, 4.25, 4, 3.75 ], "texture": "#spade1_atlas" },
				"north": { "uv": [ 12.25, 11, 11.75, 11.25 ], "texture": "#spade1_atlas" },
				"south": { "uv": [ 12.25, 11, 12.75, 11.25 ], "texture": "#spade1_atlas" },
				"west": { "uv": [ 12.75, 11, 13.25, 11.25 ], "texture": "#spade1_atlas" },
				"east": { "uv": [ 13.75, 11, 13.25, 11.25 ], "texture": "#spade1_atlas" }
			}
		},
		{
			"__comment": "Voxels",
			"from": [ 8, 1, 7.3333 ],
			"to": [ 8.333333, 1.333333, 7.666633 ],
			"faces": {
				"down": { "uv": [ 15.25, 10.75, 15.5, 11 ], "texture": "#spade1_atlas" },
				"up": { "uv": [ 15.5, 11, 15.75, 10.75 ], "texture": "#spade1_atlas" },
				"north": { "uv": [ 16, 10.75, 15.75, 11 ], "texture": "#spade1_atlas" },
				"south": { "uv": [ 4.75, 10.5, 5, 10.75 ], "texture": "#spade1_atlas" },
				"west": { "uv": [ 4.75, 10.25, 5, 10.5 ], "texture": "#spade1_atlas" },
				"east": { "uv": [ 5, 10, 4.75, 10.25 ], "texture": "#spade1_atlas" }
			}
		},
		{
			"__comment": "Voxels",
			"from": [ 8.3333, 1, 7.6667 ],
			"to": [ 8.666633, 1.333333, 8.000033 ],
			"faces": {
				"down": { "uv": [ 4.75, 9.75, 5, 10 ], "texture": "#spade1_atlas" },
				"up": { "uv": [ 4.75, 9.75, 5, 9.5 ], "texture": "#spade1_atlas" },
				"north": { "uv": [ 5, 9.25, 4.75, 9.5 ], "texture": "#spade1_atlas" },
				"south": { "uv": [ 4.75, 9, 5, 9.25 ], "texture": "#spade1_atlas" },
				"west": { "uv": [ 4.75, 8.75, 5, 9 ], "texture": "#spade1_atlas" },
				"east": { "uv": [ 5, 8.5, 4.75, 8.75 ], "texture": "#spade1_atlas" }
			}
		},
		{
			"__comment": "Voxels",
			"from": [ 8.3333, 13.6667, 7 ],
			"to": [ 8.999967, 14.00003, 7.333333 ],
			"faces": {
				"down": { "uv": [ 13.75, 11, 14.25, 11.25 ], "texture": "#spade1_atlas" },
				"up": { "uv": [ 14.25, 11.25, 14.75, 11 ], "texture": "#spade1_atlas" },
				"north": { "uv": [ 15.25, 11, 14.75, 11.25 ], "texture": "#spade1_atlas" },
				"south": { "uv": [ 15.25, 11, 15.75, 11.25 ], "texture": "#spade1_atlas" },
				"west": { "uv": [ 4.75, 7.25, 5, 7.5 ], "texture": "#spade1_atlas" },
				"east": { "uv": [ 5, 7, 4.75, 7.25 ], "texture": "#spade1_atlas" }
			}
		},
		{
			"__comment": "Voxels",
			"from": [ 8.3333, 13.6667, 8.666699 ],
			"to": [ 8.999967, 14.00003, 9.000032 ],
			"faces": {
				"down": { "uv": [ 7.75, 10.75, 8.25, 11 ], "texture": "#spade1_atlas" },
				"up": { "uv": [ 4.75, 11, 5.25, 10.75 ], "texture": "#spade1_atlas" },
				"north": { "uv": [ 5.75, 10.75, 5.25, 11 ], "texture": "#spade1_atlas" },
				"south": { "uv": [ 5.75, 10.75, 6.25, 11 ], "texture": "#spade1_atlas" },
				"west": { "uv": [ 4.75, 5.75, 5, 6 ], "texture": "#spade1_atlas" },
				"east": { "uv": [ 5, 5.5, 4.75, 5.75 ], "texture": "#spade1_atlas" }
			}
		},
		{
			"__comment": "Voxels",
			"from": [ 8.3333, 14, 8 ],
			"to": [ 10.3333, 14.33333, 8.333333 ],
			"faces": {
				"down": { "uv": [ 5, 11.25, 6.5, 11.5 ], "texture": "#spade1_atlas" },
				"up": { "uv": [ 6.5, 11.5, 8, 11.25 ], "texture": "#spade1_atlas" },
				"north": { "uv": [ 9.5, 11.25, 8, 11.5 ], "texture": "#spade1_atlas" },
				"south": { "uv": [ 9.5, 11.25, 11, 11.5 ], "texture": "#spade1_atlas" },
				"west": { "uv": [ 4.75, 4.25, 5, 4.5 ], "texture": "#spade1_atlas" },
				"east": { "uv": [ 5, 4, 4.75, 4.25 ], "texture": "#spade1_atlas" }
			}
		},
		{
			"__comment": "Voxels",
			"from": [ 8.666699, 13, 7.6667 ],
			"to": [ 10.33337, 14, 8.333366 ],
			"faces": {
				"down": { "uv": [ 13, 13.5, 14.25, 14 ], "texture": "#spade1_atlas" },
				"up": { "uv": [ 13, 14.5, 14.25, 14 ], "texture": "#spade1_atlas" },
				"north": { "uv": [ 11.75, 13.75, 10.5, 14.5 ], "texture": "#spade1_atlas" },
				"south": { "uv": [ 11.75, 13.75, 13, 14.5 ], "texture": "#spade1_atlas" },
				"west": { "uv": [ 2, 3.5, 2.5, 4.25 ], "texture": "#spade1_atlas" },
				"east": { "uv": [ 2.5, 2.75, 2, 3.5 ], "texture": "#spade1_atlas" }
			}
		},
		{
			"__comment": "Voxels",
			"from": [ 9, 11, 7.6667 ],
			"to": [ 9.666667, 11.66667, 8.333366 ],
			"faces": {
				"down": { "uv": [ 4, 10.75, 4.5, 11.25 ], "texture": "#spade1_atlas" },
				"up": { "uv": [ 4, 10.75, 4.5, 10.25 ], "texture": "#spade1_atlas" },
				"north": { "uv": [ 4.5, 9.75, 4, 10.25 ], "texture": "#spade1_atlas" },
				"south": { "uv": [ 4, 9.25, 4.5, 9.75 ], "texture": "#spade1_atlas" },
				"west": { "uv": [ 4, 8.75, 4.5, 9.25 ], "texture": "#spade1_atlas" },
				"east": { "uv": [ 4.5, 8.25, 4, 8.75 ], "texture": "#spade1_atlas" }
			}
		},
		{
			"__comment": "Voxels",
			"from": [ 9, 15.6667, 7.6667 ],
			"to": [ 9.333333, 16.6667, 8.333366 ],
			"faces": {
				"down": { "uv": [ 4.5, 3.75, 4.75, 4.25 ], "texture": "#spade1_atlas" },
				"up": { "uv": [ 4.5, 3.75, 4.75, 3.25 ], "texture": "#spade1_atlas" },
				"north": { "uv": [ 4.25, 6.25, 4, 7 ], "texture": "#spade1_atlas" },
				"south": { "uv": [ 4.25, 6.25, 4.5, 7 ], "texture": "#spade1_atlas" },
				"west": { "uv": [ 2, 1.25, 2.5, 2 ], "texture": "#spade1_atlas" },
				"east": { "uv": [ 3, 9.25, 2.5, 10 ], "texture": "#spade1_atlas" }
			}
		},
		{
			"__comment": "Voxels",
			"from": [ 9.3333, 12.6667, 7.3333 ],
			"to": [ 9.666633, 13.00003, 7.666633 ],
			"faces": {
				"down": { "uv": [ 5, 10, 5.25, 10.25 ], "texture": "#spade1_atlas" },
				"up": { "uv": [ 5, 10, 5.25, 9.75 ], "texture": "#spade1_atlas" },
				"north": { "uv": [ 5.25, 9.5, 5, 9.75 ], "texture": "#spade1_atlas" },
				"south": { "uv": [ 5, 9.25, 5.25, 9.5 ], "texture": "#spade1_atlas" },
				"west": { "uv": [ 5, 9, 5.25, 9.25 ], "texture": "#spade1_atlas" },
				"east": { "uv": [ 5.25, 8.75, 5, 9 ], "texture": "#spade1_atlas" }
			}
		},
		{
			"__comment": "Voxels",
			"from": [ 9.3333, 12.6667, 8.3333 ],
			"to": [ 9.666633, 13.00003, 8.666633 ],
			"faces": {
				"down": { "uv": [ 5, 8.5, 5.25, 8.75 ], "texture": "#spade1_atlas" },
				"up": { "uv": [ 5, 8.5, 5.25, 8.25 ], "texture": "#spade1_atlas" },
				"north": { "uv": [ 5.25, 8, 5, 8.25 ], "texture": "#spade1_atlas" },
				"south": { "uv": [ 5, 7.75, 5.25, 8 ], "texture": "#spade1_atlas" },
				"west": { "uv": [ 5, 7.5, 5.25, 7.75 ], "texture": "#spade1_atlas" },
				"east": { "uv": [ 5.25, 7.25, 5, 7.5 ], "texture": "#spade1_atlas" }
			}
		},
		{
			"__comment": "Voxels",
			"from": [ 10, 12.3333, 7.6667 ],
			"to": [ 10.33333, 12.66663, 8.333366 ],
			"faces": {
				"down": { "uv": [ 4.5, 2.75, 4.75, 3.25 ], "texture": "#spade1_atlas" },
				"up": { "uv": [ 4.5, 2.75, 4.75, 2.25 ], "texture": "#spade1_atlas" },
				"north": { "uv": [ 5.25, 6.5, 5, 6.75 ], "texture": "#spade1_atlas" },
				"south": { "uv": [ 5, 6.25, 5.25, 6.5 ], "texture": "#spade1_atlas" },
				"west": { "uv": [ 13.25, 10.75, 13.75, 11 ], "texture": "#spade1_atlas" },
				"east": { "uv": [ 14.25, 10.75, 13.75, 11 ], "texture": "#spade1_atlas" }
			}
		}
	],
	"display": {
		"thirdperson_righthand": {
			"rotation":  [ 10, 90, 0 ],
			"translation":  [ 0, 1, 2 ],
			"scale":  [ 1.5, 1.5, 1.5 ]
		},
		"thirdperson_lefthand": {
			"rotation":  [ 10, 90, 0 ],
			"translation":  [ 0, 1, 2 ],
			"scale":  [ 1.5, 1.5, 1.5 ]
		},
		"firstperson_righthand": {
			"rotation":  [ -80, 90, 0 ],
			"translation":  [ 0, 3.5, 0 ]
		},
		"firstperson_lefthand": {
			"rotation":  [ -80, 90, 0 ],
			"translation":  [ 0, 3.5, 0 ]
		},
		"gui": {
			"rotation":  [ 0, 0, -50 ]
		},
		"ground": {
			"translation":  [ 0, 10, 0 ]
		}
	}
}