{
	"__comment": "Designed by Xiaoxiafeng with Cubik Studio - https://cubik.studio",
	"textures": {
		"texture": "trademodel/e_texture",
		"spade11_atlas": "trademodel/spade11_atlas"
	},
	"elements": [ 	 
		{
			"__comment": "Voxels",
			"from": [ 6.6667, 16.6667, 7.6667 ],
			"to": [ 7.000033, 17.00003, 8.333366 ],
			"faces": {
				"down": { "uv": [ 3.75, 8.5, 4, 9 ], "texture": "#spade11_atlas" },
				"up": { "uv": [ 4, 10.25, 4.25, 9.75 ], "texture": "#spade11_atlas" },
				"north": { "uv": [ 4.25, 7.75, 4, 8 ], "texture": "#spade11_atlas" },
				"south": { "uv": [ 7.5, 11, 7.75, 11.25 ], "texture": "#spade11_atlas" },
				"west": { "uv": [ 7.5, 12.75, 8, 13 ], "texture": "#spade11_atlas" },
				"east": { "uv": [ 6, 11.75, 5.5, 12 ], "texture": "#spade11_atlas" }
			}
		},
		{
			"__comment": "Voxels",
			"from": [ 7, 11.3333, 7.6667 ],
			"to": [ 8.333333, 11.66663, 8.000033 ],
			"faces": {
				"down": { "uv": [ 7, 13.75, 8, 14 ], "texture": "#spade11_atlas" },
				"up": { "uv": [ 6, 13.75, 7, 13.5 ], "texture": "#spade11_atlas" },
				"north": { "uv": [ 7, 13.25, 6, 13.5 ], "texture": "#spade11_atlas" },
				"south": { "uv": [ 6, 13, 7, 13.25 ], "texture": "#spade11_atlas" },
				"west": { "uv": [ 6.25, 11, 6.5, 11.25 ], "texture": "#spade11_atlas" },
				"east": { "uv": [ 6.25, 11, 6, 11.25 ], "texture": "#spade11_atlas" }
			}
		},
		{
			"__comment": "Voxels",
			"from": [ 7, 11.6667, 7.6667 ],
			"to": [ 7.666667, 12.33337, 8.333366 ],
			"faces": {
				"down": { "uv": [ 7, 13, 7.5, 13.5 ], "texture": "#spade11_atlas" },
				"up": { "uv": [ 4, 13, 4.5, 12.5 ], "texture": "#spade11_atlas" },
				"north": { "uv": [ 4.5, 12, 4, 12.5 ], "texture": "#spade11_atlas" },
				"south": { "uv": [ 0, 0, 0.5, 0.5 ], "texture": "#spade11_atlas" },
				"west": { "uv": [ 1, 7.25, 1.5, 7.75 ], "texture": "#spade11_atlas" },
				"east": { "uv": [ 2, 7.25, 1.5, 7.75 ], "texture": "#spade11_atlas" }
			}
		},
		{
			"__comment": "Voxels",
			"from": [ 7, 15.6667, 7.6667 ],
			"to": [ 8.333333, 16.00003, 8.333366 ],
			"faces": {
				"down": { "uv": [ 6, 15.5, 7, 16 ], "texture": "#spade11_atlas" },
				"up": { "uv": [ 7, 16, 8, 15.5 ], "texture": "#spade11_atlas" },
				"north": { "uv": [ 8, 13.5, 7, 13.75 ], "texture": "#spade11_atlas" },
				"south": { "uv": [ 7, 14, 8, 14.25 ], "texture": "#spade11_atlas" },
				"west": { "uv": [ 6, 11.75, 6.5, 12 ], "texture": "#spade11_atlas" },
				"east": { "uv": [ 7, 11.75, 6.5, 12 ], "texture": "#spade11_atlas" }
			}
		},
		{
			"__comment": "Voxels",
			"from": [ 7, 16, 7.6667 ],
			"to": [ 8, 16.33333, 8.333366 ],
			"faces": {
				"down": { "uv": [ 6.75, 14.5, 7.5, 15 ], "texture": "#spade11_atlas" },
				"up": { "uv": [ 3, 14.25, 3.75, 13.75 ], "texture": "#spade11_atlas" },
				"north": { "uv": [ 5.5, 11.75, 4.75, 12 ], "texture": "#spade11_atlas" },
				"south": { "uv": [ 4, 11.75, 4.75, 12 ], "texture": "#spade11_atlas" },
				"west": { "uv": [ 7, 11.75, 7.5, 12 ], "texture": "#spade11_atlas" },
				"east": { "uv": [ 4.5, 11.5, 4, 11.75 ], "texture": "#spade11_atlas" }
			}
		},
		{
			"__comment": "Voxels",
			"from": [ 7, 16.3333, 7.6667 ],
			"to": [ 7.333333, 16.66663, 8.333366 ],
			"faces": {
				"down": { "uv": [ 3.25, 7.5, 3.5, 8 ], "texture": "#spade11_atlas" },
				"up": { "uv": [ 3.5, 11.5, 3.75, 11 ], "texture": "#spade11_atlas" },
				"north": { "uv": [ 6, 11, 5.75, 11.25 ], "texture": "#spade11_atlas" },
				"south": { "uv": [ 4, 7.25, 4.25, 7.5 ], "texture": "#spade11_atlas" },
				"west": { "uv": [ 4.5, 11.5, 5, 11.75 ], "texture": "#spade11_atlas" },
				"east": { "uv": [ 7.5, 11.5, 7, 11.75 ], "texture": "#spade11_atlas" }
			}
		},
		{
			"__comment": "Voxels",
			"from": [ 7.3333, -1, 7.6667 ],
			"to": [ 8.3333, 0.3333334, 8.000033 ],
			"faces": {
				"down": { "uv": [ 6.75, 12.75, 7.5, 13 ], "texture": "#spade11_atlas" },
				"up": { "uv": [ 6, 12.25, 6.75, 12 ], "texture": "#spade11_atlas" },
				"north": { "uv": [ 5.25, 15, 4.5, 16 ], "texture": "#spade11_atlas" },
				"south": { "uv": [ 5.25, 15, 6, 16 ], "texture": "#spade11_atlas" },
				"west": { "uv": [ 3, 9.5, 3.25, 10.5 ], "texture": "#spade11_atlas" },
				"east": { "uv": [ 3.25, 8.5, 3, 9.5 ], "texture": "#spade11_atlas" }
			}
		},
		{
			"__comment": "Voxels",
			"from": [ 7.3333, -1, 8 ],
			"to": [ 8.3333, 0, 8.333333 ],
			"faces": {
				"down": { "uv": [ 6.75, 14.25, 7.5, 14.5 ], "texture": "#spade11_atlas" },
				"up": { "uv": [ 6, 12.5, 6.75, 12.25 ], "texture": "#spade11_atlas" },
				"north": { "uv": [ 6, 14.25, 5.25, 15 ], "texture": "#spade11_atlas" },
				"south": { "uv": [ 4.5, 14.25, 5.25, 15 ], "texture": "#spade11_atlas" },
				"west": { "uv": [ 3.25, 9.5, 3.5, 10.25 ], "texture": "#spade11_atlas" },
				"east": { "uv": [ 3.5, 8.75, 3.25, 9.5 ], "texture": "#spade11_atlas" }
			}
		},
		{
			"__comment": "Voxels",
			"from": [ 7.3333, 0, 8 ],
			"to": [ 7.999966, 11.66667, 8.333333 ],
			"faces": {
				"down": { "uv": [ 7.5, 11.5, 8, 11.75 ], "texture": "#spade11_atlas" },
				"up": { "uv": [ 4, 11.5, 4.5, 11.25 ], "texture": "#spade11_atlas" },
				"north": { "uv": [ 0.5, 7.25, 0, 16 ], "texture": "#spade11_atlas" },
				"south": { "uv": [ 0.5, 7.25, 1, 16 ], "texture": "#spade11_atlas" },
				"west": { "uv": [ 2, 7.25, 2.25, 16 ], "texture": "#spade11_atlas" },
				"east": { "uv": [ 2.5, 7.25, 2.25, 16 ], "texture": "#spade11_atlas" }
			}
		},
		{
			"__comment": "Voxels",
			"from": [ 7.3333, 0.3333, 7.6667 ],
			"to": [ 7.999966, 11.3333, 8.000033 ],
			"faces": {
				"down": { "uv": [ 4.5, 11.25, 5, 11.5 ], "texture": "#spade11_atlas" },
				"up": { "uv": [ 5, 11.5, 5.5, 11.25 ], "texture": "#spade11_atlas" },
				"north": { "uv": [ 1.5, 7.75, 1, 16 ], "texture": "#spade11_atlas" },
				"south": { "uv": [ 1.5, 7.75, 2, 16 ], "texture": "#spade11_atlas" },
				"west": { "uv": [ 2.75, 7.75, 3, 16 ], "texture": "#spade11_atlas" },
				"east": { "uv": [ 2.75, 7.75, 2.5, 16 ], "texture": "#spade11_atlas" }
			}
		},
		{
			"__comment": "Voxels",
			"from": [ 7.3333, 11.3333, 7.3333 ],
			"to": [ 7.999966, 12.3333, 7.666633 ],
			"faces": {
				"down": { "uv": [ 5.5, 11.25, 6, 11.5 ], "texture": "#spade11_atlas" },
				"up": { "uv": [ 6, 11.5, 6.5, 11.25 ], "texture": "#spade11_atlas" },
				"north": { "uv": [ 4, 13, 3.5, 13.75 ], "texture": "#spade11_atlas" },
				"south": { "uv": [ 4, 13, 4.5, 13.75 ], "texture": "#spade11_atlas" },
				"west": { "uv": [ 3.25, 10.25, 3.5, 11 ], "texture": "#spade11_atlas" },
				"east": { "uv": [ 3.5, 11, 3.25, 11.75 ], "texture": "#spade11_atlas" }
			}
		},
		{
			"__comment": "Voxels",
			"from": [ 7.3333, 11.6667, 8.3333 ],
			"to": [ 8.3333, 12.33337, 8.666633 ],
			"faces": {
				"down": { "uv": [ 3.25, 11.75, 4, 12 ], "texture": "#spade11_atlas" },
				"up": { "uv": [ 6, 14.5, 6.75, 14.25 ], "texture": "#spade11_atlas" },
				"north": { "uv": [ 7.5, 15, 6.75, 15.5 ], "texture": "#spade11_atlas" },
				"south": { "uv": [ 5.25, 13.75, 6, 14.25 ], "texture": "#spade11_atlas" },
				"west": { "uv": [ 4, 10.75, 4.25, 11.25 ], "texture": "#spade11_atlas" },
				"east": { "uv": [ 4.25, 10.25, 4, 10.75 ], "texture": "#spade11_atlas" }
			}
		},
		{
			"__comment": "Voxels",
			"from": [ 7.3333, 12.3333, 7.6667 ],
			"to": [ 8.3333, 14.66663, 8.333366 ],
			"faces": {
				"down": { "uv": [ 6, 14.5, 6.75, 15 ], "texture": "#spade11_atlas" },
				"up": { "uv": [ 6, 15.5, 6.75, 15 ], "texture": "#spade11_atlas" },
				"north": { "uv": [ 3.75, 14.25, 3, 16 ], "texture": "#spade11_atlas" },
				"south": { "uv": [ 3.75, 14.25, 4.5, 16 ], "texture": "#spade11_atlas" },
				"west": { "uv": [ 0, 3.75, 0.5, 5.5 ], "texture": "#spade11_atlas" },
				"east": { "uv": [ 0.5, 5.5, 0, 7.25 ], "texture": "#spade11_atlas" }
			}
		},
		{
			"__comment": "Voxels",
			"from": [ 7.3333, 14.6667, 7.6667 ],
			"to": [ 7.999966, 15.6667, 8.333366 ],
			"faces": {
				"down": { "uv": [ 6, 13.75, 6.5, 14.25 ], "texture": "#spade11_atlas" },
				"up": { "uv": [ 6.5, 14.25, 7, 13.75 ], "texture": "#spade11_atlas" },
				"north": { "uv": [ 5, 13, 4.5, 13.75 ], "texture": "#spade11_atlas" },
				"south": { "uv": [ 3, 13, 3.5, 13.75 ], "texture": "#spade11_atlas" },
				"west": { "uv": [ 7.5, 14.25, 8, 15 ], "texture": "#spade11_atlas" },
				"east": { "uv": [ 0.5, 0.5, 0, 1.25 ], "texture": "#spade11_atlas" }
			}
		},
		{
			"__comment": "Voxels",
			"from": [ 7.6667, 10.3333, 7.3333 ],
			"to": [ 8.000033, 11.3333, 7.666633 ],
			"faces": {
				"down": { "uv": [ 4.75, 11, 5, 11.25 ], "texture": "#spade11_atlas" },
				"up": { "uv": [ 4, 7.75, 4.25, 7.5 ], "texture": "#spade11_atlas" },
				"north": { "uv": [ 7.5, 12, 7.25, 12.75 ], "texture": "#spade11_atlas" },
				"south": { "uv": [ 3.25, 8, 3.5, 8.75 ], "texture": "#spade11_atlas" },
				"west": { "uv": [ 7, 12, 7.25, 12.75 ], "texture": "#spade11_atlas" },
				"east": { "uv": [ 7, 12, 6.75, 12.75 ], "texture": "#spade11_atlas" }
			}
		},
		{
			"__comment": "Voxels",
			"from": [ 7.6667, 10.3333, 8.3333 ],
			"to": [ 8.000033, 11.66663, 8.666633 ],
			"faces": {
				"down": { "uv": [ 7, 11, 7.25, 11.25 ], "texture": "#spade11_atlas" },
				"up": { "uv": [ 7.25, 11.25, 7.5, 11 ], "texture": "#spade11_atlas" },
				"north": { "uv": [ 3.5, 12, 3.25, 13 ], "texture": "#spade11_atlas" },
				"south": { "uv": [ 3, 7.5, 3.25, 8.5 ], "texture": "#spade11_atlas" },
				"west": { "uv": [ 3.5, 12, 3.75, 13 ], "texture": "#spade11_atlas" },
				"east": { "uv": [ 4, 12, 3.75, 13 ], "texture": "#spade11_atlas" }
			}
		},
		{
			"__comment": "Voxels",
			"from": [ 7.6667, 12, 7.6667 ],
			"to": [ 8.6667, 12.33333, 8.333366 ],
			"faces": {
				"down": { "uv": [ 3.75, 13.75, 4.5, 14.25 ], "texture": "#spade11_atlas" },
				"up": { "uv": [ 4.5, 14.25, 5.25, 13.75 ], "texture": "#spade11_atlas" },
				"north": { "uv": [ 6.75, 12.75, 6, 13 ], "texture": "#spade11_atlas" },
				"south": { "uv": [ 6, 12.5, 6.75, 12.75 ], "texture": "#spade11_atlas" },
				"west": { "uv": [ 7.5, 11.75, 8, 12 ], "texture": "#spade11_atlas" },
				"east": { "uv": [ 4, 11.5, 3.5, 11.75 ], "texture": "#spade11_atlas" }
			}
		},
		{
			"__comment": "Voxels",
			"from": [ 7.6667, 12.3333, 7.3333 ],
			"to": [ 8.000033, 12.66663, 7.666633 ],
			"faces": {
				"down": { "uv": [ 7.75, 11, 8, 11.25 ], "texture": "#spade11_atlas" },
				"up": { "uv": [ 4.75, 11, 5, 10.75 ], "texture": "#spade11_atlas" },
				"north": { "uv": [ 5.25, 10.75, 5, 11 ], "texture": "#spade11_atlas" },
				"south": { "uv": [ 5.25, 10.75, 5.5, 11 ], "texture": "#spade11_atlas" },
				"west": { "uv": [ 6, 10.75, 6.25, 11 ], "texture": "#spade11_atlas" },
				"east": { "uv": [ 3.25, 7.25, 3, 7.5 ], "texture": "#spade11_atlas" }
			}
		},
		{
			"__comment": "Voxels",
			"from": [ 7.6667, 12.3333, 8.3333 ],
			"to": [ 8.000033, 12.66663, 8.666633 ],
			"faces": {
				"down": { "uv": [ 3.25, 7.25, 3.5, 7.5 ], "texture": "#spade11_atlas" },
				"up": { "uv": [ 3.5, 7.5, 3.75, 7.25 ], "texture": "#spade11_atlas" },
				"north": { "uv": [ 4, 7.25, 3.75, 7.5 ], "texture": "#spade11_atlas" },
				"south": { "uv": [ 4, 8.5, 4.25, 8.75 ], "texture": "#spade11_atlas" },
				"west": { "uv": [ 4, 8.25, 4.25, 8.5 ], "texture": "#spade11_atlas" },
				"east": { "uv": [ 4.25, 8, 4, 8.25 ], "texture": "#spade11_atlas" }
			}
		},
		{
			"__comment": "Voxels",
			"from": [ 8, 9.666699, 7.6667 ],
			"to": [ 8.333333, 11.33337, 8.333366 ],
			"faces": {
				"down": { "uv": [ 2.5, 7.25, 2.75, 7.75 ], "texture": "#spade11_atlas" },
				"up": { "uv": [ 2.75, 7.75, 3, 7.25 ], "texture": "#spade11_atlas" },
				"north": { "uv": [ 3.25, 11.75, 3, 13 ], "texture": "#spade11_atlas" },
				"south": { "uv": [ 3, 10.5, 3.25, 11.75 ], "texture": "#spade11_atlas" },
				"west": { "uv": [ 0, 1.25, 0.5, 2.5 ], "texture": "#spade11_atlas" },
				"east": { "uv": [ 0.5, 2.5, 0, 3.75 ], "texture": "#spade11_atlas" }
			}
		},
		{
			"__comment": "Voxels",
			"from": [ 8, 11.3333, 8 ],
			"to": [ 8.333333, 11.99997, 8.333333 ],
			"faces": {
				"down": { "uv": [ 6.5, 11, 6.75, 11.25 ], "texture": "#spade11_atlas" },
				"up": { "uv": [ 6.75, 11.25, 7, 11 ], "texture": "#spade11_atlas" },
				"north": { "uv": [ 3.75, 10.5, 3.5, 11 ], "texture": "#spade11_atlas" },
				"south": { "uv": [ 3.5, 10, 3.75, 10.5 ], "texture": "#spade11_atlas" },
				"west": { "uv": [ 3.5, 9.5, 3.75, 10 ], "texture": "#spade11_atlas" },
				"east": { "uv": [ 3.75, 9, 3.5, 9.5 ], "texture": "#spade11_atlas" }
			}
		},
		{
			"__comment": "Voxels",
			"from": [ 8, 11.6667, 7.3333 ],
			"to": [ 8.333333, 12.33337, 7.666633 ],
			"faces": {
				"down": { "uv": [ 4.25, 10.75, 4.5, 11 ], "texture": "#spade11_atlas" },
				"up": { "uv": [ 4.5, 11, 4.75, 10.75 ], "texture": "#spade11_atlas" },
				"north": { "uv": [ 3.75, 8.5, 3.5, 9 ], "texture": "#spade11_atlas" },
				"south": { "uv": [ 3.5, 8, 3.75, 8.5 ], "texture": "#spade11_atlas" },
				"west": { "uv": [ 3.5, 7.5, 3.75, 8 ], "texture": "#spade11_atlas" },
				"east": { "uv": [ 4, 11, 3.75, 11.5 ], "texture": "#spade11_atlas" }
			}
		},
		{
			"__comment": "Voxels",
			"from": [ 8, 11.6667, 7.6667 ],
			"to": [ 8.666667, 12.00003, 8.000033 ],
			"faces": {
				"down": { "uv": [ 5, 11.5, 5.5, 11.75 ], "texture": "#spade11_atlas" },
				"up": { "uv": [ 5.5, 11.75, 6, 11.5 ], "texture": "#spade11_atlas" },
				"north": { "uv": [ 6.5, 11.5, 6, 11.75 ], "texture": "#spade11_atlas" },
				"south": { "uv": [ 6.5, 11.5, 7, 11.75 ], "texture": "#spade11_atlas" },
				"west": { "uv": [ 7.5, 11.25, 7.75, 11.5 ], "texture": "#spade11_atlas" },
				"east": { "uv": [ 8, 11.25, 7.75, 11.5 ], "texture": "#spade11_atlas" }
			}
		},
		{
			"__comment": "Voxels",
			"from": [ 8, 15, 7.6667 ],
			"to": [ 8.333333, 15.66667, 8.333366 ],
			"faces": {
				"down": { "uv": [ 3.75, 10.5, 4, 11 ], "texture": "#spade11_atlas" },
				"up": { "uv": [ 3.75, 10.5, 4, 10 ], "texture": "#spade11_atlas" },
				"north": { "uv": [ 4, 9.5, 3.75, 10 ], "texture": "#spade11_atlas" },
				"south": { "uv": [ 3.75, 9, 4, 9.5 ], "texture": "#spade11_atlas" },
				"west": { "uv": [ 7.5, 13, 8, 13.5 ], "texture": "#spade11_atlas" },
				"east": { "uv": [ 8, 15, 7.5, 15.5 ], "texture": "#spade11_atlas" }
			}
		},
		{
			"__comment": "Voxels",
			"from": [ 8.3333, 11.6667, 8 ],
			"to": [ 8.666633, 12.00003, 8.333333 ],
			"faces": {
				"down": { "uv": [ 4.25, 11, 4.5, 11.25 ], "texture": "#spade11_atlas" },
				"up": { "uv": [ 4.5, 11.25, 4.75, 11 ], "texture": "#spade11_atlas" },
				"north": { "uv": [ 6.5, 10.75, 6.25, 11 ], "texture": "#spade11_atlas" },
				"south": { "uv": [ 5, 11, 5.25, 11.25 ], "texture": "#spade11_atlas" },
				"west": { "uv": [ 5.25, 11, 5.5, 11.25 ], "texture": "#spade11_atlas" },
				"east": { "uv": [ 5.75, 11, 5.5, 11.25 ], "texture": "#spade11_atlas" }
			}
		},
		{
			"__comment": "Voxels",
			"from": [ 8.3333, 13, 7.6667 ],
			"to": [ 8.666633, 14, 8.333366 ],
			"faces": {
				"down": { "uv": [ 3.75, 8, 4, 8.5 ], "texture": "#spade11_atlas" },
				"up": { "uv": [ 3.75, 8, 4, 7.5 ], "texture": "#spade11_atlas" },
				"north": { "uv": [ 7.75, 12, 7.5, 12.75 ], "texture": "#spade11_atlas" },
				"south": { "uv": [ 7.75, 12, 8, 12.75 ], "texture": "#spade11_atlas" },
				"west": { "uv": [ 5, 13, 5.5, 13.75 ], "texture": "#spade11_atlas" },
				"east": { "uv": [ 6, 13, 5.5, 13.75 ], "texture": "#spade11_atlas" }
			}
		},
		{
			"__comment": "Voxels",
			"from": [ 8.666699, 13.3333, 7.6667 ],
			"to": [ 9.333366, 13.99997, 8.333366 ],
			"faces": {
				"down": { "uv": [ 4.5, 12.5, 5, 13 ], "texture": "#spade11_atlas" },
				"up": { "uv": [ 4.5, 12.5, 5, 12 ], "texture": "#spade11_atlas" },
				"north": { "uv": [ 5.5, 12.5, 5, 13 ], "texture": "#spade11_atlas" },
				"south": { "uv": [ 5, 12, 5.5, 12.5 ], "texture": "#spade11_atlas" },
				"west": { "uv": [ 5.5, 12.5, 6, 13 ], "texture": "#spade11_atlas" },
				"east": { "uv": [ 6, 12, 5.5, 12.5 ], "texture": "#spade11_atlas" }
			}
		},
		{
			"__comment": "Voxels",
			"from": [ 9, 14, 7.6667 ],
			"to": [ 9.333333, 14.33333, 8.333366 ],
			"faces": {
				"down": { "uv": [ 4, 9.25, 4.25, 9.75 ], "texture": "#spade11_atlas" },
				"up": { "uv": [ 4, 9.25, 4.25, 8.75 ], "texture": "#spade11_atlas" },
				"north": { "uv": [ 5.75, 10.75, 5.5, 11 ], "texture": "#spade11_atlas" },
				"south": { "uv": [ 5.75, 10.75, 6, 11 ], "texture": "#spade11_atlas" },
				"west": { "uv": [ 7, 11.25, 7.5, 11.5 ], "texture": "#spade11_atlas" },
				"east": { "uv": [ 7, 11.25, 6.5, 11.5 ], "texture": "#spade11_atlas" }
			}
		}
	],
	"display": {
		"thirdperson_righthand": {
			"rotation":  [ 10, 90, 0 ],
			"translation":  [ 0, 2, 2 ],
			"scale":  [ 1.5, 1.5, 1.5 ]
		},
		"thirdperson_lefthand": {
			"rotation":  [ 10, -90, 0 ],
			"translation":  [ 0, 2, 2 ],
			"scale":  [ 1.5, 1.5, 1.5 ]
		},
		"firstperson_righthand": {
			"rotation":  [ -80, 90, 0 ],
			"translation":  [ 0, 3.5, 0 ]
		},
		"firstperson_lefthand": {
			"rotation":  [ -80, -90, 0 ],
			"translation":  [ 0, 3.5, 0 ]
		},
		"gui": {
			"rotation":  [ 0, 0, -50 ],
			"scale":  [ 0.8, 0.8, 0.8 ]
		},
		"ground": {
			"translation":  [ 0, 10, 0 ]
		}
	}
}