{
	"__comment": "Designed by Xiaoxiafeng with Cubik Studio - https://cubik.studio",
	"textures": {
		"texture": "trademodel/e_texture",
		"spade3_atlas": "trademodel/spade3_atlas"
	},
	"elements": [ 	 
		{
			"__comment": "Voxels",
			"from": [ 6.3333, 12, 7.6667 ],
			"to": [ 7.666633, 12.33333, 8.333366 ],
			"faces": {
				"down": { "uv": [ 2, 4.25, 3, 4.75 ], "texture": "#spade3_atlas" },
				"up": { "uv": [ 15, 14.25, 16, 13.75 ], "texture": "#spade3_atlas" },
				"north": { "uv": [ 8.75, 11.25, 7.75, 11.5 ], "texture": "#spade3_atlas" },
				"south": { "uv": [ 6.75, 11.25, 7.75, 11.5 ], "texture": "#spade3_atlas" },
				"west": { "uv": [ 4.75, 7.5, 5.25, 7.75 ], "texture": "#spade3_atlas" },
				"east": { "uv": [ 5.25, 6.75, 4.75, 7 ], "texture": "#spade3_atlas" }
			}
		},
		{
			"__comment": "Voxels",
			"from": [ 6.3333, 12.3333, 7.6667 ],
			"to": [ 7.3333, 12.99997, 8.333366 ],
			"faces": {
				"down": { "uv": [ 11.75, 12.25, 12.5, 12.75 ], "texture": "#spade3_atlas" },
				"up": { "uv": [ 12.5, 12.75, 13.25, 12.25 ], "texture": "#spade3_atlas" },
				"north": { "uv": [ 16, 12.5, 15.25, 13 ], "texture": "#spade3_atlas" },
				"south": { "uv": [ 3.25, 11.75, 4, 12.25 ], "texture": "#spade3_atlas" },
				"west": { "uv": [ 4.25, 3.5, 4.75, 4 ], "texture": "#spade3_atlas" },
				"east": { "uv": [ 4.75, 4, 4.25, 4.5 ], "texture": "#spade3_atlas" }
			}
		},
		{
			"__comment": "Voxels",
			"from": [ 6.6667, 0, 7.6667 ],
			"to": [ 9.333366, 0.3333333, 8.333366 ],
			"faces": {
				"down": { "uv": [ 4, 14.75, 6, 15.25 ], "texture": "#spade3_atlas" },
				"up": { "uv": [ 4, 14.75, 6, 14.25 ], "texture": "#spade3_atlas" },
				"north": { "uv": [ 12, 13.25, 10, 13.5 ], "texture": "#spade3_atlas" },
				"south": { "uv": [ 6, 15.25, 8, 15.5 ], "texture": "#spade3_atlas" },
				"west": { "uv": [ 4.75, 6.5, 5.25, 6.75 ], "texture": "#spade3_atlas" },
				"east": { "uv": [ 5.25, 5.5, 4.75, 5.75 ], "texture": "#spade3_atlas" }
			}
		},
		{
			"__comment": "Voxels",
			"from": [ 6.6667, 12.3333, 7.3333 ],
			"to": [ 9.333366, 12.66663, 7.666633 ],
			"faces": {
				"down": { "uv": [ 8, 15.25, 10, 15.5 ], "texture": "#spade3_atlas" },
				"up": { "uv": [ 10, 15.5, 12, 15.25 ], "texture": "#spade3_atlas" },
				"north": { "uv": [ 14, 15.25, 12, 15.5 ], "texture": "#spade3_atlas" },
				"south": { "uv": [ 14, 15.25, 16, 15.5 ], "texture": "#spade3_atlas" },
				"west": { "uv": [ 11.75, 10.25, 12, 10.5 ], "texture": "#spade3_atlas" },
				"east": { "uv": [ 10.75, 10.25, 10.5, 10.5 ], "texture": "#spade3_atlas" }
			}
		},
		{
			"__comment": "Voxels",
			"from": [ 6.6667, 12.3333, 8.3333 ],
			"to": [ 9.333366, 12.66663, 8.666633 ],
			"faces": {
				"down": { "uv": [ 8, 13.5, 10, 13.75 ], "texture": "#spade3_atlas" },
				"up": { "uv": [ 4, 15.5, 6, 15.25 ], "texture": "#spade3_atlas" },
				"north": { "uv": [ 10, 13.25, 8, 13.5 ], "texture": "#spade3_atlas" },
				"south": { "uv": [ 10, 13.5, 12, 13.75 ], "texture": "#spade3_atlas" },
				"west": { "uv": [ 10.25, 10.25, 10.5, 10.5 ], "texture": "#spade3_atlas" },
				"east": { "uv": [ 16, 11, 15.75, 11.25 ], "texture": "#spade3_atlas" }
			}
		},
		{
			"__comment": "Voxels",
			"from": [ 6.6667, 13, 7.6667 ],
			"to": [ 9.333366, 13.66667, 8.333366 ],
			"faces": {
				"down": { "uv": [ 4, 15.5, 6, 16 ], "texture": "#spade3_atlas" },
				"up": { "uv": [ 6, 16, 8, 15.5 ], "texture": "#spade3_atlas" },
				"north": { "uv": [ 10, 15.5, 8, 16 ], "texture": "#spade3_atlas" },
				"south": { "uv": [ 10, 15.5, 12, 16 ], "texture": "#spade3_atlas" },
				"west": { "uv": [ 3.25, 3, 3.75, 3.5 ], "texture": "#spade3_atlas" },
				"east": { "uv": [ 4.75, 10.5, 4.25, 11 ], "texture": "#spade3_atlas" }
			}
		},
		{
			"__comment": "Voxels",
			"from": [ 6.6667, 14, 7.6667 ],
			"to": [ 9.333366, 14.66667, 8.333366 ],
			"faces": {
				"down": { "uv": [ 12, 15.5, 14, 16 ], "texture": "#spade3_atlas" },
				"up": { "uv": [ 14, 16, 16, 15.5 ], "texture": "#spade3_atlas" },
				"north": { "uv": [ 4, 14.75, 2, 15.25 ], "texture": "#spade3_atlas" },
				"south": { "uv": [ 2, 14.25, 4, 14.75 ], "texture": "#spade3_atlas" },
				"west": { "uv": [ 4.25, 11, 4.75, 11.5 ], "texture": "#spade3_atlas" },
				"east": { "uv": [ 3.75, 0, 3.25, 0.5 ], "texture": "#spade3_atlas" }
			}
		},
		{
			"__comment": "Voxels",
			"from": [ 6.6667, 15.3333, 7.6667 ],
			"to": [ 9.333366, 15.66663, 8.333366 ],
			"faces": {
				"down": { "uv": [ 6, 14.25, 8, 14.75 ], "texture": "#spade3_atlas" },
				"up": { "uv": [ 6, 15.25, 8, 14.75 ], "texture": "#spade3_atlas" },
				"north": { "uv": [ 7, 13, 5, 13.25 ], "texture": "#spade3_atlas" },
				"south": { "uv": [ 3, 13, 5, 13.25 ], "texture": "#spade3_atlas" },
				"west": { "uv": [ 4.75, 5.25, 5.25, 5.5 ], "texture": "#spade3_atlas" },
				"east": { "uv": [ 5.25, 1.5, 4.75, 1.75 ], "texture": "#spade3_atlas" }
			}
		},
		{
			"__comment": "Voxels",
			"from": [ 7, -0.3333, 7.6667 ],
			"to": [ 7.666667, 0.000033349, 8.333366 ],
			"faces": {
				"down": { "uv": [ 3.25, 0.5, 3.75, 1 ], "texture": "#spade3_atlas" },
				"up": { "uv": [ 3.25, 1.5, 3.75, 1 ], "texture": "#spade3_atlas" },
				"north": { "uv": [ 5.25, 1.25, 4.75, 1.5 ], "texture": "#spade3_atlas" },
				"south": { "uv": [ 4.75, 1, 5.25, 1.25 ], "texture": "#spade3_atlas" },
				"west": { "uv": [ 4.75, 0.75, 5.25, 1 ], "texture": "#spade3_atlas" },
				"east": { "uv": [ 5.25, 0, 4.75, 0.25 ], "texture": "#spade3_atlas" }
			}
		},
		{
			"__comment": "Voxels",
			"from": [ 7, 0, 7.3333 ],
			"to": [ 9, 0.3333333, 7.666633 ],
			"faces": {
				"down": { "uv": [ 5.5, 12, 7, 12.25 ], "texture": "#spade3_atlas" },
				"up": { "uv": [ 7, 12.25, 8.5, 12 ], "texture": "#spade3_atlas" },
				"north": { "uv": [ 10, 12, 8.5, 12.25 ], "texture": "#spade3_atlas" },
				"south": { "uv": [ 10, 12, 11.5, 12.25 ], "texture": "#spade3_atlas" },
				"west": { "uv": [ 11, 10.75, 11.25, 11 ], "texture": "#spade3_atlas" },
				"east": { "uv": [ 16, 11.25, 15.75, 11.5 ], "texture": "#spade3_atlas" }
			}
		},
		{
			"__comment": "Voxels",
			"from": [ 7, 0, 8.3333 ],
			"to": [ 9, 0.3333333, 8.666633 ],
			"faces": {
				"down": { "uv": [ 11.5, 12, 13, 12.25 ], "texture": "#spade3_atlas" },
				"up": { "uv": [ 13, 12.25, 14.5, 12 ], "texture": "#spade3_atlas" },
				"north": { "uv": [ 16, 12, 14.5, 12.25 ], "texture": "#spade3_atlas" },
				"south": { "uv": [ 7, 13, 8.5, 13.25 ], "texture": "#spade3_atlas" },
				"west": { "uv": [ 3.75, 8, 4, 8.25 ], "texture": "#spade3_atlas" },
				"east": { "uv": [ 15.75, 10.25, 15.5, 10.5 ], "texture": "#spade3_atlas" }
			}
		},
		{
			"__comment": "Voxels",
			"from": [ 7, 0.3333, 7.6667 ],
			"to": [ 9, 0.6666334, 8.333366 ],
			"faces": {
				"down": { "uv": [ 4.5, 13.75, 6, 14.25 ], "texture": "#spade3_atlas" },
				"up": { "uv": [ 6, 14.25, 7.5, 13.75 ], "texture": "#spade3_atlas" },
				"north": { "uv": [ 5.5, 12, 4, 12.25 ], "texture": "#spade3_atlas" },
				"south": { "uv": [ 8.5, 13, 10, 13.25 ], "texture": "#spade3_atlas" },
				"west": { "uv": [ 5.25, 10.5, 5.75, 10.75 ], "texture": "#spade3_atlas" },
				"east": { "uv": [ 6.25, 10.5, 5.75, 10.75 ], "texture": "#spade3_atlas" }
			}
		},
		{
			"__comment": "Voxels",
			"from": [ 7, 10, 7.6667 ],
			"to": [ 9, 10.33333, 8.333366 ],
			"faces": {
				"down": { "uv": [ 9, 13.75, 10.5, 14.25 ], "texture": "#spade3_atlas" },
				"up": { "uv": [ 10.5, 14.25, 12, 13.75 ], "texture": "#spade3_atlas" },
				"north": { "uv": [ 11.5, 13, 10, 13.25 ], "texture": "#spade3_atlas" },
				"south": { "uv": [ 11.5, 13, 13, 13.25 ], "texture": "#spade3_atlas" },
				"west": { "uv": [ 6.25, 10.5, 6.75, 10.75 ], "texture": "#spade3_atlas" },
				"east": { "uv": [ 7.25, 10.5, 6.75, 10.75 ], "texture": "#spade3_atlas" }
			}
		},
		{
			"__comment": "Voxels",
			"from": [ 7, 10.3333, 7.6667 ],
			"to": [ 7.666667, 10.66663, 8.333366 ],
			"faces": {
				"down": { "uv": [ 3.25, 5.5, 3.75, 6 ], "texture": "#spade3_atlas" },
				"up": { "uv": [ 3.25, 7, 3.75, 6.5 ], "texture": "#spade3_atlas" },
				"north": { "uv": [ 7.75, 10.5, 7.25, 10.75 ], "texture": "#spade3_atlas" },
				"south": { "uv": [ 9.75, 10.5, 10.25, 10.75 ], "texture": "#spade3_atlas" },
				"west": { "uv": [ 10.25, 10.5, 10.75, 10.75 ], "texture": "#spade3_atlas" },
				"east": { "uv": [ 11.25, 10.5, 10.75, 10.75 ], "texture": "#spade3_atlas" }
			}
		},
		{
			"__comment": "Voxels",
			"from": [ 7, 11, 7.6667 ],
			"to": [ 9, 12, 8.333366 ],
			"faces": {
				"down": { "uv": [ 12, 13.75, 13.5, 14.25 ], "texture": "#spade3_atlas" },
				"up": { "uv": [ 13.5, 14.25, 15, 13.75 ], "texture": "#spade3_atlas" },
				"north": { "uv": [ 4, 15.25, 2.5, 16 ], "texture": "#spade3_atlas" },
				"south": { "uv": [ 1, 15.25, 2.5, 16 ], "texture": "#spade3_atlas" },
				"west": { "uv": [ 3.25, 12.25, 3.75, 13 ], "texture": "#spade3_atlas" },
				"east": { "uv": [ 4.25, 12.25, 3.75, 13 ], "texture": "#spade3_atlas" }
			}
		},
		{
			"__comment": "Voxels",
			"from": [ 7, 12, 7.3333 ],
			"to": [ 9, 12.33333, 7.666633 ],
			"faces": {
				"down": { "uv": [ 13, 13, 14.5, 13.25 ], "texture": "#spade3_atlas" },
				"up": { "uv": [ 14.5, 13.25, 16, 13 ], "texture": "#spade3_atlas" },
				"north": { "uv": [ 5.75, 12.75, 4.25, 13 ], "texture": "#spade3_atlas" },
				"south": { "uv": [ 4.25, 12.5, 5.75, 12.75 ], "texture": "#spade3_atlas" },
				"west": { "uv": [ 15.25, 10.25, 15.5, 10.5 ], "texture": "#spade3_atlas" },
				"east": { "uv": [ 15.25, 10.25, 15, 10.5 ], "texture": "#spade3_atlas" }
			}
		},
		{
			"__comment": "Voxels",
			"from": [ 7, 12, 8.3333 ],
			"to": [ 9, 12.33333, 8.666633 ],
			"faces": {
				"down": { "uv": [ 4.25, 12.25, 5.75, 12.5 ], "texture": "#spade3_atlas" },
				"up": { "uv": [ 5.75, 13, 7.25, 12.75 ], "texture": "#spade3_atlas" },
				"north": { "uv": [ 7.25, 12.5, 5.75, 12.75 ], "texture": "#spade3_atlas" },
				"south": { "uv": [ 5.75, 12.25, 7.25, 12.5 ], "texture": "#spade3_atlas" },
				"west": { "uv": [ 14.75, 10.25, 15, 10.5 ], "texture": "#spade3_atlas" },
				"east": { "uv": [ 13.75, 10.25, 13.5, 10.5 ], "texture": "#spade3_atlas" }
			}
		},
		{
			"__comment": "Voxels",
			"from": [ 7, 12.6667, 7.3333 ],
			"to": [ 9, 13.00003, 7.666633 ],
			"faces": {
				"down": { "uv": [ 7.25, 12.75, 8.75, 13 ], "texture": "#spade3_atlas" },
				"up": { "uv": [ 11.75, 13, 13.25, 12.75 ], "texture": "#spade3_atlas" },
				"north": { "uv": [ 8.75, 12.5, 7.25, 12.75 ], "texture": "#spade3_atlas" },
				"south": { "uv": [ 7.25, 12.25, 8.75, 12.5 ], "texture": "#spade3_atlas" },
				"west": { "uv": [ 13, 10.25, 13.25, 10.5 ], "texture": "#spade3_atlas" },
				"east": { "uv": [ 13, 10.25, 12.75, 10.5 ], "texture": "#spade3_atlas" }
			}
		},
		{
			"__comment": "Voxels",
			"from": [ 7, 12.6667, 8.3333 ],
			"to": [ 9, 13.00003, 8.666633 ],
			"faces": {
				"down": { "uv": [ 8.75, 12.75, 10.25, 13 ], "texture": "#spade3_atlas" },
				"up": { "uv": [ 8.75, 12.75, 10.25, 12.5 ], "texture": "#spade3_atlas" },
				"north": { "uv": [ 10.25, 12.25, 8.75, 12.5 ], "texture": "#spade3_atlas" },
				"south": { "uv": [ 10.25, 12.75, 11.75, 13 ], "texture": "#spade3_atlas" },
				"west": { "uv": [ 12.5, 10.25, 12.75, 10.5 ], "texture": "#spade3_atlas" },
				"east": { "uv": [ 11.75, 10.25, 11.5, 10.5 ], "texture": "#spade3_atlas" }
			}
		},
		{
			"__comment": "Voxels",
			"from": [ 7, 13.6667, 7.6667 ],
			"to": [ 9, 14.00003, 8.333366 ],
			"faces": {
				"down": { "uv": [ 3, 13.75, 4.5, 14.25 ], "texture": "#spade3_atlas" },
				"up": { "uv": [ 7.5, 14.25, 9, 13.75 ], "texture": "#spade3_atlas" },
				"north": { "uv": [ 11.75, 12.5, 10.25, 12.75 ], "texture": "#spade3_atlas" },
				"south": { "uv": [ 10.25, 12.25, 11.75, 12.5 ], "texture": "#spade3_atlas" },
				"west": { "uv": [ 11.25, 10.5, 11.75, 10.75 ], "texture": "#spade3_atlas" },
				"east": { "uv": [ 14.25, 10.5, 13.75, 10.75 ], "texture": "#spade3_atlas" }
			}
		},
		{
			"__comment": "Voxels",
			"from": [ 7, 14.6667, 7.6667 ],
			"to": [ 9, 15.33337, 8.333366 ],
			"faces": {
				"down": { "uv": [ 1.5, 13.25, 3, 13.75 ], "texture": "#spade3_atlas" },
				"up": { "uv": [ 3, 13.75, 4.5, 13.25 ], "texture": "#spade3_atlas" },
				"north": { "uv": [ 6, 13.25, 4.5, 13.75 ], "texture": "#spade3_atlas" },
				"south": { "uv": [ 9, 14.75, 10.5, 15.25 ], "texture": "#spade3_atlas" },
				"west": { "uv": [ 0, 0, 0.5, 0.5 ], "texture": "#spade3_atlas" },
				"east": { "uv": [ 3.75, 4.5, 3.25, 5 ], "texture": "#spade3_atlas" }
			}
		},
		{
			"__comment": "Voxels",
			"from": [ 7, 15.6667, 7.6667 ],
			"to": [ 9, 16.33337, 8.333366 ],
			"faces": {
				"down": { "uv": [ 9, 14.25, 10.5, 14.75 ], "texture": "#spade3_atlas" },
				"up": { "uv": [ 1.5, 14.25, 3, 13.75 ], "texture": "#spade3_atlas" },
				"north": { "uv": [ 14, 14.75, 12.5, 15.25 ], "texture": "#spade3_atlas" },
				"south": { "uv": [ 12.5, 14.25, 14, 14.75 ], "texture": "#spade3_atlas" },
				"west": { "uv": [ 3.25, 5, 3.75, 5.5 ], "texture": "#spade3_atlas" },
				"east": { "uv": [ 6.25, 10.75, 5.75, 11.25 ], "texture": "#spade3_atlas" }
			}
		},
		{
			"__comment": "Voxels",
			"from": [ 7.3333, -1.6667, 7.6667 ],
			"to": [ 8.666633, -1.000033, 8.333366 ],
			"faces": {
				"down": { "uv": [ 2, 10.25, 3, 10.75 ], "texture": "#spade3_atlas" },
				"up": { "uv": [ 2, 5.25, 3, 4.75 ], "texture": "#spade3_atlas" },
				"north": { "uv": [ 3, 8.75, 2, 9.25 ], "texture": "#spade3_atlas" },
				"south": { "uv": [ 14, 13.25, 15, 13.75 ], "texture": "#spade3_atlas" },
				"west": { "uv": [ 4.25, 3, 4.75, 3.5 ], "texture": "#spade3_atlas" },
				"east": { "uv": [ 2, 0, 1.5, 0.5 ], "texture": "#spade3_atlas" }
			}
		},
		{
			"__comment": "Voxels",
			"from": [ 7.3333, -1, 7.3333 ],
			"to": [ 8.666633, -0.6666666, 7.666633 ],
			"faces": {
				"down": { "uv": [ 7, 11.5, 8, 11.75 ], "texture": "#spade3_atlas" },
				"up": { "uv": [ 8, 11.75, 9, 11.5 ], "texture": "#spade3_atlas" },
				"north": { "uv": [ 10, 11.5, 9, 11.75 ], "texture": "#spade3_atlas" },
				"south": { "uv": [ 10, 11.5, 11, 11.75 ], "texture": "#spade3_atlas" },
				"west": { "uv": [ 11.25, 10.25, 11.5, 10.5 ], "texture": "#spade3_atlas" },
				"east": { "uv": [ 11.25, 10.25, 11, 10.5 ], "texture": "#spade3_atlas" }
			}
		},
		{
			"__comment": "Voxels",
			"from": [ 7.3333, -1, 7.6667 ],
			"to": [ 7.666633, -0.3333333, 8.333366 ],
			"faces": {
				"down": { "uv": [ 4, 1.5, 4.25, 2 ], "texture": "#spade3_atlas" },
				"up": { "uv": [ 4, 0.5, 4.25, 0 ], "texture": "#spade3_atlas" },
				"north": { "uv": [ 5.5, 9.75, 5.25, 10.25 ], "texture": "#spade3_atlas" },
				"south": { "uv": [ 3.75, 7.5, 4, 8 ], "texture": "#spade3_atlas" },
				"west": { "uv": [ 4.25, 2.5, 4.75, 3 ], "texture": "#spade3_atlas" },
				"east": { "uv": [ 4.75, 2, 4.25, 2.5 ], "texture": "#spade3_atlas" }
			}
		},
		{
			"__comment": "Voxels",
			"from": [ 7.3333, -1, 8.3333 ],
			"to": [ 8.666633, -0.6666666, 8.666633 ],
			"faces": {
				"down": { "uv": [ 9.75, 11.25, 10.75, 11.5 ], "texture": "#spade3_atlas" },
				"up": { "uv": [ 10.75, 11.5, 11.75, 11.25 ], "texture": "#spade3_atlas" },
				"north": { "uv": [ 12.75, 11.25, 11.75, 11.5 ], "texture": "#spade3_atlas" },
				"south": { "uv": [ 12.75, 11.25, 13.75, 11.5 ], "texture": "#spade3_atlas" },
				"west": { "uv": [ 10.75, 10.25, 11, 10.5 ], "texture": "#spade3_atlas" },
				"east": { "uv": [ 8.75, 10.25, 8.5, 10.5 ], "texture": "#spade3_atlas" }
			}
		},
		{
			"__comment": "Voxels",
			"from": [ 7.3333, -0.3333, 7.3333 ],
			"to": [ 8.666633, 0.000033349, 7.666633 ],
			"faces": {
				"down": { "uv": [ 14.75, 11.25, 15.75, 11.5 ], "texture": "#spade3_atlas" },
				"up": { "uv": [ 7.25, 11.25, 8.25, 11 ], "texture": "#spade3_atlas" },
				"north": { "uv": [ 9.25, 10.75, 8.25, 11 ], "texture": "#spade3_atlas" },
				"south": { "uv": [ 9.25, 11, 10.25, 11.25 ], "texture": "#spade3_atlas" },
				"west": { "uv": [ 13.25, 10.25, 13.5, 10.5 ], "texture": "#spade3_atlas" },
				"east": { "uv": [ 8.5, 10.25, 8.25, 10.5 ], "texture": "#spade3_atlas" }
			}
		},
		{
			"__comment": "Voxels",
			"from": [ 7.3333, -0.3333, 8.3333 ],
			"to": [ 8.666633, 0.000033349, 8.666633 ],
			"faces": {
				"down": { "uv": [ 10.5, 14.25, 11.5, 14.5 ], "texture": "#spade3_atlas" },
				"up": { "uv": [ 11.5, 14.5, 12.5, 14.25 ], "texture": "#spade3_atlas" },
				"north": { "uv": [ 15, 14.25, 14, 14.5 ], "texture": "#spade3_atlas" },
				"south": { "uv": [ 15, 14.25, 16, 14.5 ], "texture": "#spade3_atlas" },
				"west": { "uv": [ 10, 10.25, 10.25, 10.5 ], "texture": "#spade3_atlas" },
				"east": { "uv": [ 10, 10.25, 9.75, 10.5 ], "texture": "#spade3_atlas" }
			}
		},
		{
			"__comment": "Voxels",
			"from": [ 7.3333, 0.6667, 7.6667 ],
			"to": [ 8.666633, 1.333367, 8.333366 ],
			"faces": {
				"down": { "uv": [ 2, 5.75, 3, 6.25 ], "texture": "#spade3_atlas" },
				"up": { "uv": [ 13, 13.75, 14, 13.25 ], "texture": "#spade3_atlas" },
				"north": { "uv": [ 3, 7.75, 2, 8.25 ], "texture": "#spade3_atlas" },
				"south": { "uv": [ 6, 13.25, 7, 13.75 ], "texture": "#spade3_atlas" },
				"west": { "uv": [ 3.25, 7.5, 3.75, 8 ], "texture": "#spade3_atlas" },
				"east": { "uv": [ 3.75, 7, 3.25, 7.5 ], "texture": "#spade3_atlas" }
			}
		},
		{
			"__comment": "Voxels",
			"from": [ 7.3333, 8.666699, 7.6667 ],
			"to": [ 8.666633, 10.00003, 8.333366 ],
			"faces": {
				"down": { "uv": [ 2, 8.25, 3, 8.75 ], "texture": "#spade3_atlas" },
				"up": { "uv": [ 12, 13.75, 13, 13.25 ], "texture": "#spade3_atlas" },
				"north": { "uv": [ 9, 14.25, 8, 15.25 ], "texture": "#spade3_atlas" },
				"south": { "uv": [ 1, 14.25, 2, 15.25 ], "texture": "#spade3_atlas" },
				"west": { "uv": [ 1.5, 3.5, 2, 4.5 ], "texture": "#spade3_atlas" },
				"east": { "uv": [ 2, 4.5, 1.5, 5.5 ], "texture": "#spade3_atlas" }
			}
		},
		{
			"__comment": "Voxels",
			"from": [ 7.3333, 10, 7.3333 ],
			"to": [ 8.666633, 11, 7.666633 ],
			"faces": {
				"down": { "uv": [ 14, 11.75, 15, 12 ], "texture": "#spade3_atlas" },
				"up": { "uv": [ 15, 12, 16, 11.75 ], "texture": "#spade3_atlas" },
				"north": { "uv": [ 16, 14.5, 15, 15.25 ], "texture": "#spade3_atlas" },
				"south": { "uv": [ 10.5, 14.5, 11.5, 15.25 ], "texture": "#spade3_atlas" },
				"west": { "uv": [ 4, 7.25, 4.25, 8 ], "texture": "#spade3_atlas" },
				"east": { "uv": [ 4.25, 6.5, 4, 7.25 ], "texture": "#spade3_atlas" }
			}
		},
		{
			"__comment": "Voxels",
			"from": [ 7.3333, 10, 8.3333 ],
			"to": [ 8.666633, 11, 8.666633 ],
			"faces": {
				"down": { "uv": [ 5.75, 11.25, 6.75, 11.5 ], "texture": "#spade3_atlas" },
				"up": { "uv": [ 12, 11.75, 13, 11.5 ], "texture": "#spade3_atlas" },
				"north": { "uv": [ 12.5, 14.5, 11.5, 15.25 ], "texture": "#spade3_atlas" },
				"south": { "uv": [ 14, 14.5, 15, 15.25 ], "texture": "#spade3_atlas" },
				"west": { "uv": [ 4, 4.25, 4.25, 5 ], "texture": "#spade3_atlas" },
				"east": { "uv": [ 4.25, 3.5, 4, 4.25 ], "texture": "#spade3_atlas" }
			}
		},
		{
			"__comment": "Voxels",
			"from": [ 7.3333, 10.6667, 7.6667 ],
			"to": [ 8.666633, 11.00003, 8.333366 ],
			"faces": {
				"down": { "uv": [ 2, 11.75, 3, 12.25 ], "texture": "#spade3_atlas" },
				"up": { "uv": [ 2, 7.75, 3, 7.25 ], "texture": "#spade3_atlas" },
				"north": { "uv": [ 12, 11.5, 11, 11.75 ], "texture": "#spade3_atlas" },
				"south": { "uv": [ 4, 11.5, 5, 11.75 ], "texture": "#spade3_atlas" },
				"west": { "uv": [ 1, 0, 1.5, 0.25 ], "texture": "#spade3_atlas" },
				"east": { "uv": [ 11.75, 11, 11.25, 11.25 ], "texture": "#spade3_atlas" }
			}
		},
		{
			"__comment": "Voxels",
			"from": [ 7.3333, 11.3333, 7.3333 ],
			"to": [ 8.666633, 11.99997, 7.666633 ],
			"faces": {
				"down": { "uv": [ 12, 11.75, 13, 12 ], "texture": "#spade3_atlas" },
				"up": { "uv": [ 11, 12, 12, 11.75 ], "texture": "#spade3_atlas" },
				"north": { "uv": [ 3, 11.25, 2, 11.75 ], "texture": "#spade3_atlas" },
				"south": { "uv": [ 2, 9.75, 3, 10.25 ], "texture": "#spade3_atlas" },
				"west": { "uv": [ 3.75, 7, 4, 7.5 ], "texture": "#spade3_atlas" },
				"east": { "uv": [ 4, 6.5, 3.75, 7 ], "texture": "#spade3_atlas" }
			}
		},
		{
			"__comment": "Voxels",
			"from": [ 7.3333, 11.3333, 8.3333 ],
			"to": [ 8.666633, 11.99997, 8.666633 ],
			"faces": {
				"down": { "uv": [ 4.75, 11.25, 5.75, 11.5 ], "texture": "#spade3_atlas" },
				"up": { "uv": [ 8.75, 11.5, 9.75, 11.25 ], "texture": "#spade3_atlas" },
				"north": { "uv": [ 16, 13.25, 15, 13.75 ], "texture": "#spade3_atlas" },
				"south": { "uv": [ 2, 12.75, 3, 13.25 ], "texture": "#spade3_atlas" },
				"west": { "uv": [ 3.75, 6, 4, 6.5 ], "texture": "#spade3_atlas" },
				"east": { "uv": [ 4, 5.5, 3.75, 6 ], "texture": "#spade3_atlas" }
			}
		},
		{
			"__comment": "Voxels",
			"from": [ 7.3333, 12, 7 ],
			"to": [ 8.666633, 12.66667, 7.333333 ],
			"faces": {
				"down": { "uv": [ 15, 11.5, 16, 11.75 ], "texture": "#spade3_atlas" },
				"up": { "uv": [ 13, 12, 14, 11.75 ], "texture": "#spade3_atlas" },
				"north": { "uv": [ 3, 9.25, 2, 9.75 ], "texture": "#spade3_atlas" },
				"south": { "uv": [ 7, 13.25, 8, 13.75 ], "texture": "#spade3_atlas" },
				"west": { "uv": [ 3.75, 5, 4, 5.5 ], "texture": "#spade3_atlas" },
				"east": { "uv": [ 4, 4.5, 3.75, 5 ], "texture": "#spade3_atlas" }
			}
		},
		{
			"__comment": "Voxels",
			"from": [ 7.3333, 12, 8.666699 ],
			"to": [ 8.666633, 12.66667, 9.000032 ],
			"faces": {
				"down": { "uv": [ 5, 11.75, 6, 12 ], "texture": "#spade3_atlas" },
				"up": { "uv": [ 4, 12, 5, 11.75 ], "texture": "#spade3_atlas" },
				"north": { "uv": [ 3, 5.25, 2, 5.75 ], "texture": "#spade3_atlas" },
				"south": { "uv": [ 2, 12.25, 3, 12.75 ], "texture": "#spade3_atlas" },
				"west": { "uv": [ 3.75, 3, 4, 3.5 ], "texture": "#spade3_atlas" },
				"east": { "uv": [ 4, 2.5, 3.75, 3 ], "texture": "#spade3_atlas" }
			}
		},
		{
			"__comment": "Voxels",
			"from": [ 7.3333, 12.6667, 7.6667 ],
			"to": [ 7.666633, 13.00003, 8.333366 ],
			"faces": {
				"down": { "uv": [ 3.75, 2, 4, 2.5 ], "texture": "#spade3_atlas" },
				"up": { "uv": [ 3.75, 2, 4, 1.5 ], "texture": "#spade3_atlas" },
				"north": { "uv": [ 9, 10.25, 8.75, 10.5 ], "texture": "#spade3_atlas" },
				"south": { "uv": [ 9, 10.25, 9.25, 10.5 ], "texture": "#spade3_atlas" },
				"west": { "uv": [ 14.75, 11, 15.25, 11.25 ], "texture": "#spade3_atlas" },
				"east": { "uv": [ 15.25, 10.75, 14.75, 11 ], "texture": "#spade3_atlas" }
			}
		},
		{
			"__comment": "Voxels",
			"from": [ 7.3333, 13, 7.3333 ],
			"to": [ 8.666633, 13.33333, 7.666633 ],
			"faces": {
				"down": { "uv": [ 13.75, 11.25, 14.75, 11.5 ], "texture": "#spade3_atlas" },
				"up": { "uv": [ 14, 11.75, 15, 11.5 ], "texture": "#spade3_atlas" },
				"north": { "uv": [ 14, 11.5, 13, 11.75 ], "texture": "#spade3_atlas" },
				"south": { "uv": [ 6, 11.75, 7, 12 ], "texture": "#spade3_atlas" },
				"west": { "uv": [ 12, 10.25, 12.25, 10.5 ], "texture": "#spade3_atlas" },
				"east": { "uv": [ 12.5, 10.25, 12.25, 10.5 ], "texture": "#spade3_atlas" }
			}
		},
		{
			"__comment": "Voxels",
			"from": [ 7.3333, 13, 8.3333 ],
			"to": [ 8.666633, 13.33333, 8.666633 ],
			"faces": {
				"down": { "uv": [ 7, 11.75, 8, 12 ], "texture": "#spade3_atlas" },
				"up": { "uv": [ 8, 12, 9, 11.75 ], "texture": "#spade3_atlas" },
				"north": { "uv": [ 10, 11.75, 9, 12 ], "texture": "#spade3_atlas" },
				"south": { "uv": [ 10, 11.75, 11, 12 ], "texture": "#spade3_atlas" },
				"west": { "uv": [ 14.25, 10.25, 14.5, 10.5 ], "texture": "#spade3_atlas" },
				"east": { "uv": [ 14.75, 10.25, 14.5, 10.5 ], "texture": "#spade3_atlas" }
			}
		},
		{
			"__comment": "Voxels",
			"from": [ 7.3333, 16.3333, 7.6667 ],
			"to": [ 8.666633, 16.99997, 8.333366 ],
			"faces": {
				"down": { "uv": [ 2, 3.75, 3, 4.25 ], "texture": "#spade3_atlas" },
				"up": { "uv": [ 2, 6.75, 3, 6.25 ], "texture": "#spade3_atlas" },
				"north": { "uv": [ 3, 6.75, 2, 7.25 ], "texture": "#spade3_atlas" },
				"south": { "uv": [ 2, 10.75, 3, 11.25 ], "texture": "#spade3_atlas" },
				"west": { "uv": [ 3.25, 2.5, 3.75, 3 ], "texture": "#spade3_atlas" },
				"east": { "uv": [ 3.75, 2, 3.25, 2.5 ], "texture": "#spade3_atlas" }
			}
		},
		{
			"__comment": "Voxels",
			"from": [ 7.6667, -2, 7.6667 ],
			"to": [ 8.333366, -1.666667, 8.333366 ],
			"faces": {
				"down": { "uv": [ 3.25, 1.5, 3.75, 2 ], "texture": "#spade3_atlas" },
				"up": { "uv": [ 4.25, 6.5, 4.75, 6 ], "texture": "#spade3_atlas" },
				"north": { "uv": [ 5.25, 10.5, 4.75, 10.75 ], "texture": "#spade3_atlas" },
				"south": { "uv": [ 4.75, 10.25, 5.25, 10.5 ], "texture": "#spade3_atlas" },
				"west": { "uv": [ 4.75, 10, 5.25, 10.25 ], "texture": "#spade3_atlas" },
				"east": { "uv": [ 5.25, 9.75, 4.75, 10 ], "texture": "#spade3_atlas" }
			}
		},
		{
			"__comment": "Voxels",
			"from": [ 7.6667, -1.6667, 7.3333 ],
			"to": [ 8.333366, -1.000033, 7.666633 ],
			"faces": {
				"down": { "uv": [ 4.75, 9, 5.25, 9.25 ], "texture": "#spade3_atlas" },
				"up": { "uv": [ 4.75, 9, 5.25, 8.75 ], "texture": "#spade3_atlas" },
				"north": { "uv": [ 4.75, 5.5, 4.25, 6 ], "texture": "#spade3_atlas" },
				"south": { "uv": [ 4.25, 5, 4.75, 5.5 ], "texture": "#spade3_atlas" },
				"west": { "uv": [ 3.75, 1, 4, 1.5 ], "texture": "#spade3_atlas" },
				"east": { "uv": [ 4, 0.5, 3.75, 1 ], "texture": "#spade3_atlas" }
			}
		},
		{
			"__comment": "Voxels",
			"from": [ 7.6667, -1.6667, 8.3333 ],
			"to": [ 8.333366, -1.000033, 8.666633 ],
			"faces": {
				"down": { "uv": [ 4.75, 8, 5.25, 8.25 ], "texture": "#spade3_atlas" },
				"up": { "uv": [ 4.75, 8, 5.25, 7.75 ], "texture": "#spade3_atlas" },
				"north": { "uv": [ 4.75, 4.5, 4.25, 5 ], "texture": "#spade3_atlas" },
				"south": { "uv": [ 3.25, 6, 3.75, 6.5 ], "texture": "#spade3_atlas" },
				"west": { "uv": [ 3.75, 0, 4, 0.5 ], "texture": "#spade3_atlas" },
				"east": { "uv": [ 4.25, 3, 4, 3.5 ], "texture": "#spade3_atlas" }
			}
		},
		{
			"__comment": "Voxels",
			"from": [ 7.6667, -0.6667, 7.3333 ],
			"to": [ 8.333366, -0.3333667, 8.666633 ],
			"faces": {
				"down": { "uv": [ 1.5, 5.5, 2, 6.5 ], "texture": "#spade3_atlas" },
				"up": { "uv": [ 1.5, 7.5, 2, 6.5 ], "texture": "#spade3_atlas" },
				"north": { "uv": [ 14.25, 10.75, 13.75, 11 ], "texture": "#spade3_atlas" },
				"south": { "uv": [ 4.75, 6.25, 5.25, 6.5 ], "texture": "#spade3_atlas" },
				"west": { "uv": [ 5, 11.5, 6, 11.75 ], "texture": "#spade3_atlas" },
				"east": { "uv": [ 7, 11.5, 6, 11.75 ], "texture": "#spade3_atlas" }
			}
		},
		{
			"__comment": "Voxels",
			"from": [ 7.6667, -0.3333, 7 ],
			"to": [ 8.333366, 0.000033349, 7.333333 ],
			"faces": {
				"down": { "uv": [ 4.75, 5, 5.25, 5.25 ], "texture": "#spade3_atlas" },
				"up": { "uv": [ 4.75, 5, 5.25, 4.75 ], "texture": "#spade3_atlas" },
				"north": { "uv": [ 5.25, 4, 4.75, 4.25 ], "texture": "#spade3_atlas" },
				"south": { "uv": [ 4.75, 3.75, 5.25, 4 ], "texture": "#spade3_atlas" },
				"west": { "uv": [ 15.75, 10.25, 16, 10.5 ], "texture": "#spade3_atlas" },
				"east": { "uv": [ 5.5, 9.5, 5.25, 9.75 ], "texture": "#spade3_atlas" }
			}
		},
		{
			"__comment": "Voxels",
			"from": [ 7.6667, -0.3333, 8.666699 ],
			"to": [ 8.333366, 0.000033349, 9.000032 ],
			"faces": {
				"down": { "uv": [ 4.75, 3.5, 5.25, 3.75 ], "texture": "#spade3_atlas" },
				"up": { "uv": [ 4.75, 3.5, 5.25, 3.25 ], "texture": "#spade3_atlas" },
				"north": { "uv": [ 5.25, 2.5, 4.75, 2.75 ], "texture": "#spade3_atlas" },
				"south": { "uv": [ 4.75, 2.25, 5.25, 2.5 ], "texture": "#spade3_atlas" },
				"west": { "uv": [ 15.75, 10.75, 16, 11 ], "texture": "#spade3_atlas" },
				"east": { "uv": [ 16, 10.5, 15.75, 10.75 ], "texture": "#spade3_atlas" }
			}
		},
		{
			"__comment": "Voxels",
			"from": [ 7.6667, 0.3333, 7.3333 ],
			"to": [ 8.333366, 1.3333, 7.666633 ],
			"faces": {
				"down": { "uv": [ 4.75, 2, 5.25, 2.25 ], "texture": "#spade3_atlas" },
				"up": { "uv": [ 4.75, 2, 5.25, 1.75 ], "texture": "#spade3_atlas" },
				"north": { "uv": [ 13.75, 12.25, 13.25, 13 ], "texture": "#spade3_atlas" },
				"south": { "uv": [ 13.75, 12.25, 14.25, 13 ], "texture": "#spade3_atlas" },
				"west": { "uv": [ 3.75, 11, 4, 11.75 ], "texture": "#spade3_atlas" },
				"east": { "uv": [ 4, 10.25, 3.75, 11 ], "texture": "#spade3_atlas" }
			}
		},
		{
			"__comment": "Voxels",
			"from": [ 7.6667, 0.3333, 8.3333 ],
			"to": [ 8.333366, 1.3333, 8.666633 ],
			"faces": {
				"down": { "uv": [ 4.75, 0.5, 5.25, 0.75 ], "texture": "#spade3_atlas" },
				"up": { "uv": [ 4.75, 0.5, 5.25, 0.25 ], "texture": "#spade3_atlas" },
				"north": { "uv": [ 14.75, 12.25, 14.25, 13 ], "texture": "#spade3_atlas" },
				"south": { "uv": [ 14.75, 12.25, 15.25, 13 ], "texture": "#spade3_atlas" },
				"west": { "uv": [ 4, 5, 4.25, 5.75 ], "texture": "#spade3_atlas" },
				"east": { "uv": [ 4.25, 5.75, 4, 6.5 ], "texture": "#spade3_atlas" }
			}
		},
		{
			"__comment": "Voxels",
			"from": [ 7.6667, 1.3333, 7.6667 ],
			"to": [ 8.333366, 8.666634, 8.333366 ],
			"faces": {
				"down": { "uv": [ 3.25, 4, 3.75, 4.5 ], "texture": "#spade3_atlas" },
				"up": { "uv": [ 3.25, 4, 3.75, 3.5 ], "texture": "#spade3_atlas" },
				"north": { "uv": [ 0.5, 5, 0, 10.5 ], "texture": "#spade3_atlas" },
				"south": { "uv": [ 0, 10.5, 0.5, 16 ], "texture": "#spade3_atlas" },
				"west": { "uv": [ 0.5, 10.5, 1, 16 ], "texture": "#spade3_atlas" },
				"east": { "uv": [ 1, 5, 0.5, 10.5 ], "texture": "#spade3_atlas" }
			}
		},
		{
			"__comment": "Voxels",
			"from": [ 7.6667, 8.666699, 7.3333 ],
			"to": [ 8.333366, 10.00003, 7.666633 ],
			"faces": {
				"down": { "uv": [ 12.75, 10.5, 13.25, 10.75 ], "texture": "#spade3_atlas" },
				"up": { "uv": [ 13.25, 10.75, 13.75, 10.5 ], "texture": "#spade3_atlas" },
				"north": { "uv": [ 2, 7.5, 1.5, 8.5 ], "texture": "#spade3_atlas" },
				"south": { "uv": [ 1.5, 2.5, 2, 3.5 ], "texture": "#spade3_atlas" },
				"west": { "uv": [ 3, 0, 3.25, 1 ], "texture": "#spade3_atlas" },
				"east": { "uv": [ 4.25, 9.5, 4, 10.5 ], "texture": "#spade3_atlas" }
			}
		},
		{
			"__comment": "Voxels",
			"from": [ 7.6667, 8.666699, 8.3333 ],
			"to": [ 8.333366, 10.00003, 8.666633 ],
			"faces": {
				"down": { "uv": [ 5.75, 10.25, 6.25, 10.5 ], "texture": "#spade3_atlas" },
				"up": { "uv": [ 6.25, 10.5, 6.75, 10.25 ], "texture": "#spade3_atlas" },
				"north": { "uv": [ 2, 1.5, 1.5, 2.5 ], "texture": "#spade3_atlas" },
				"south": { "uv": [ 1.5, 0.5, 2, 1.5 ], "texture": "#spade3_atlas" },
				"west": { "uv": [ 3.75, 8.25, 4, 9.25 ], "texture": "#spade3_atlas" },
				"east": { "uv": [ 4.25, 10.5, 4, 11.5 ], "texture": "#spade3_atlas" }
			}
		},
		{
			"__comment": "Voxels",
			"from": [ 7.6667, 11, 7.3333 ],
			"to": [ 8.333366, 11.33333, 7.666633 ],
			"faces": {
				"down": { "uv": [ 11.25, 10.75, 11.75, 11 ], "texture": "#spade3_atlas" },
				"up": { "uv": [ 11.75, 11.25, 12.25, 11 ], "texture": "#spade3_atlas" },
				"north": { "uv": [ 12.25, 10.75, 11.75, 11 ], "texture": "#spade3_atlas" },
				"south": { "uv": [ 12.25, 11, 12.75, 11.25 ], "texture": "#spade3_atlas" },
				"west": { "uv": [ 7.75, 10.25, 8, 10.5 ], "texture": "#spade3_atlas" },
				"east": { "uv": [ 8.25, 10.25, 8, 10.5 ], "texture": "#spade3_atlas" }
			}
		},
		{
			"__comment": "Voxels",
			"from": [ 7.6667, 11, 8.3333 ],
			"to": [ 8.333366, 11.33333, 8.666633 ],
			"faces": {
				"down": { "uv": [ 12.25, 10.75, 12.75, 11 ], "texture": "#spade3_atlas" },
				"up": { "uv": [ 12.75, 11.25, 13.25, 11 ], "texture": "#spade3_atlas" },
				"north": { "uv": [ 13.25, 10.75, 12.75, 11 ], "texture": "#spade3_atlas" },
				"south": { "uv": [ 13.25, 11, 13.75, 11.25 ], "texture": "#spade3_atlas" },
				"west": { "uv": [ 9.25, 10.25, 9.5, 10.5 ], "texture": "#spade3_atlas" },
				"east": { "uv": [ 9.75, 10.25, 9.5, 10.5 ], "texture": "#spade3_atlas" }
			}
		},
		{
			"__comment": "Voxels",
			"from": [ 7.6667, 11.3333, 6.6667 ],
			"to": [ 8.333366, 14.3333, 7.000033 ],
			"faces": {
				"down": { "uv": [ 13.25, 10.75, 13.75, 11 ], "texture": "#spade3_atlas" },
				"up": { "uv": [ 13.75, 11.25, 14.25, 11 ], "texture": "#spade3_atlas" },
				"north": { "uv": [ 0.5, 0.5, 0, 2.75 ], "texture": "#spade3_atlas" },
				"south": { "uv": [ 0, 2.75, 0.5, 5 ], "texture": "#spade3_atlas" },
				"west": { "uv": [ 1.5, 8.5, 1.75, 10.75 ], "texture": "#spade3_atlas" },
				"east": { "uv": [ 2, 8.5, 1.75, 10.75 ], "texture": "#spade3_atlas" }
			}
		},
		{
			"__comment": "Voxels",
			"from": [ 7.6667, 11.3333, 7 ],
			"to": [ 8.333366, 11.99997, 7.333333 ],
			"faces": {
				"down": { "uv": [ 14.25, 11, 14.75, 11.25 ], "texture": "#spade3_atlas" },
				"up": { "uv": [ 14.25, 11, 14.75, 10.75 ], "texture": "#spade3_atlas" },
				"north": { "uv": [ 4.75, 10, 4.25, 10.5 ], "texture": "#spade3_atlas" },
				"south": { "uv": [ 4.25, 9.5, 4.75, 10 ], "texture": "#spade3_atlas" },
				"west": { "uv": [ 3.75, 4, 4, 4.5 ], "texture": "#spade3_atlas" },
				"east": { "uv": [ 4, 3.5, 3.75, 4 ], "texture": "#spade3_atlas" }
			}
		},
		{
			"__comment": "Voxels",
			"from": [ 7.6667, 11.3333, 8.666699 ],
			"to": [ 8.333366, 11.99997, 9.333366 ],
			"faces": {
				"down": { "uv": [ 4.25, 9, 4.75, 9.5 ], "texture": "#spade3_atlas" },
				"up": { "uv": [ 4.25, 9, 4.75, 8.5 ], "texture": "#spade3_atlas" },
				"north": { "uv": [ 4.75, 8, 4.25, 8.5 ], "texture": "#spade3_atlas" },
				"south": { "uv": [ 4.25, 7.5, 4.75, 8 ], "texture": "#spade3_atlas" },
				"west": { "uv": [ 4.25, 7, 4.75, 7.5 ], "texture": "#spade3_atlas" },
				"east": { "uv": [ 4.75, 6.5, 4.25, 7 ], "texture": "#spade3_atlas" }
			}
		},
		{
			"__comment": "Voxels",
			"from": [ 7.6667, 11.6667, 6.3333 ],
			"to": [ 8.333366, 13.6667, 6.666633 ],
			"faces": {
				"down": { "uv": [ 15.25, 11, 15.75, 11.25 ], "texture": "#spade3_atlas" },
				"up": { "uv": [ 15.25, 11, 15.75, 10.75 ], "texture": "#spade3_atlas" },
				"north": { "uv": [ 1.5, 5.75, 1, 7.25 ], "texture": "#spade3_atlas" },
				"south": { "uv": [ 0.5, 0, 1, 1.5 ], "texture": "#spade3_atlas" },
				"west": { "uv": [ 3, 8, 3.25, 9.5 ], "texture": "#spade3_atlas" },
				"east": { "uv": [ 3.25, 6.5, 3, 8 ], "texture": "#spade3_atlas" }
			}
		},
		{
			"__comment": "Voxels",
			"from": [ 7.6667, 11.6667, 9.3333 ],
			"to": [ 8.333366, 13.6667, 9.666633 ],
			"faces": {
				"down": { "uv": [ 4.75, 9.5, 5.25, 9.75 ], "texture": "#spade3_atlas" },
				"up": { "uv": [ 4.75, 9.5, 5.25, 9.25 ], "texture": "#spade3_atlas" },
				"north": { "uv": [ 1.5, 2.75, 1, 4.25 ], "texture": "#spade3_atlas" },
				"south": { "uv": [ 1, 4.25, 1.5, 5.75 ], "texture": "#spade3_atlas" },
				"west": { "uv": [ 3, 5, 3.25, 6.5 ], "texture": "#spade3_atlas" },
				"east": { "uv": [ 3.25, 3.5, 3, 5 ], "texture": "#spade3_atlas" }
			}
		},
		{
			"__comment": "Voxels",
			"from": [ 7.6667, 12, 9 ],
			"to": [ 8.333366, 14.33333, 9.333333 ],
			"faces": {
				"down": { "uv": [ 4.75, 8.5, 5.25, 8.75 ], "texture": "#spade3_atlas" },
				"up": { "uv": [ 4.75, 8.5, 5.25, 8.25 ], "texture": "#spade3_atlas" },
				"north": { "uv": [ 1.5, 12.5, 1, 14.25 ], "texture": "#spade3_atlas" },
				"south": { "uv": [ 0.5, 1.5, 1, 3.25 ], "texture": "#spade3_atlas" },
				"west": { "uv": [ 3, 11.25, 3.25, 13 ], "texture": "#spade3_atlas" },
				"east": { "uv": [ 3.25, 9.5, 3, 11.25 ], "texture": "#spade3_atlas" }
			}
		},
		{
			"__comment": "Voxels",
			"from": [ 7.6667, 12.6667, 7 ],
			"to": [ 8.333366, 14.33337, 7.333333 ],
			"faces": {
				"down": { "uv": [ 4.75, 7.25, 5.25, 7.5 ], "texture": "#spade3_atlas" },
				"up": { "uv": [ 4.75, 7.25, 5.25, 7 ], "texture": "#spade3_atlas" },
				"north": { "uv": [ 2, 12, 1.5, 13.25 ], "texture": "#spade3_atlas" },
				"south": { "uv": [ 1, 0.25, 1.5, 1.5 ], "texture": "#spade3_atlas" },
				"west": { "uv": [ 3.25, 8, 3.5, 9.25 ], "texture": "#spade3_atlas" },
				"east": { "uv": [ 3.75, 8, 3.5, 9.25 ], "texture": "#spade3_atlas" }
			}
		},
		{
			"__comment": "Voxels",
			"from": [ 7.6667, 12.6667, 8.666699 ],
			"to": [ 8.333366, 14.33337, 9.000032 ],
			"faces": {
				"down": { "uv": [ 4.75, 6, 5.25, 6.25 ], "texture": "#spade3_atlas" },
				"up": { "uv": [ 4.75, 6, 5.25, 5.75 ], "texture": "#spade3_atlas" },
				"north": { "uv": [ 1.5, 1.5, 1, 2.75 ], "texture": "#spade3_atlas" },
				"south": { "uv": [ 1.5, 10.75, 2, 12 ], "texture": "#spade3_atlas" },
				"west": { "uv": [ 3, 1, 3.25, 2.25 ], "texture": "#spade3_atlas" },
				"east": { "uv": [ 3.25, 2.25, 3, 3.5 ], "texture": "#spade3_atlas" }
			}
		},
		{
			"__comment": "Voxels",
			"from": [ 7.6667, 13.3333, 7.3333 ],
			"to": [ 8.333366, 15.66663, 7.666633 ],
			"faces": {
				"down": { "uv": [ 4.75, 4.5, 5.25, 4.75 ], "texture": "#spade3_atlas" },
				"up": { "uv": [ 4.75, 4.5, 5.25, 4.25 ], "texture": "#spade3_atlas" },
				"north": { "uv": [ 1.5, 7.25, 1, 9 ], "texture": "#spade3_atlas" },
				"south": { "uv": [ 1, 9, 1.5, 10.75 ], "texture": "#spade3_atlas" },
				"west": { "uv": [ 2.5, 0, 2.75, 1.75 ], "texture": "#spade3_atlas" },
				"east": { "uv": [ 3, 0, 2.75, 1.75 ], "texture": "#spade3_atlas" }
			}
		},
		{
			"__comment": "Voxels",
			"from": [ 7.6667, 13.3333, 8.3333 ],
			"to": [ 8.333366, 15.66663, 8.666633 ],
			"faces": {
				"down": { "uv": [ 4.75, 3, 5.25, 3.25 ], "texture": "#spade3_atlas" },
				"up": { "uv": [ 4.75, 3, 5.25, 2.75 ], "texture": "#spade3_atlas" },
				"north": { "uv": [ 1.5, 10.75, 1, 12.5 ], "texture": "#spade3_atlas" },
				"south": { "uv": [ 0.5, 3.25, 1, 5 ], "texture": "#spade3_atlas" },
				"west": { "uv": [ 2, 0, 2.25, 1.75 ], "texture": "#spade3_atlas" },
				"east": { "uv": [ 2.5, 0, 2.25, 1.75 ], "texture": "#spade3_atlas" }
			}
		},
		{
			"__comment": "Voxels",
			"from": [ 7.6667, 17, 7.6667 ],
			"to": [ 8.333366, 17.66667, 8.333366 ],
			"faces": {
				"down": { "uv": [ 4.25, 1.5, 4.75, 2 ], "texture": "#spade3_atlas" },
				"up": { "uv": [ 4.25, 1.5, 4.75, 1 ], "texture": "#spade3_atlas" },
				"north": { "uv": [ 4.75, 0.5, 4.25, 1 ], "texture": "#spade3_atlas" },
				"south": { "uv": [ 4.25, 0, 4.75, 0.5 ], "texture": "#spade3_atlas" },
				"west": { "uv": [ 4.75, 10.75, 5.25, 11.25 ], "texture": "#spade3_atlas" },
				"east": { "uv": [ 5.75, 10.75, 5.25, 11.25 ], "texture": "#spade3_atlas" }
			}
		},
		{
			"__comment": "Voxels",
			"from": [ 8.3333, -1, 7.6667 ],
			"to": [ 8.666633, 0, 8.333366 ],
			"faces": {
				"down": { "uv": [ 4, 2.5, 4.25, 3 ], "texture": "#spade3_atlas" },
				"up": { "uv": [ 4, 2.5, 4.25, 2 ], "texture": "#spade3_atlas" },
				"north": { "uv": [ 4.25, 8.75, 4, 9.5 ], "texture": "#spade3_atlas" },
				"south": { "uv": [ 4, 8, 4.25, 8.75 ], "texture": "#spade3_atlas" },
				"west": { "uv": [ 3.25, 11, 3.75, 11.75 ], "texture": "#spade3_atlas" },
				"east": { "uv": [ 3.75, 10.25, 3.25, 11 ], "texture": "#spade3_atlas" }
			}
		},
		{
			"__comment": "Voxels",
			"from": [ 8.3333, 10.3333, 7.6667 ],
			"to": [ 8.999967, 10.66663, 8.333366 ],
			"faces": {
				"down": { "uv": [ 6.25, 10.75, 6.75, 11.25 ], "texture": "#spade3_atlas" },
				"up": { "uv": [ 6.75, 11.25, 7.25, 10.75 ], "texture": "#spade3_atlas" },
				"north": { "uv": [ 8.25, 10.5, 7.75, 10.75 ], "texture": "#spade3_atlas" },
				"south": { "uv": [ 8.25, 10.5, 8.75, 10.75 ], "texture": "#spade3_atlas" },
				"west": { "uv": [ 8.75, 10.5, 9.25, 10.75 ], "texture": "#spade3_atlas" },
				"east": { "uv": [ 9.75, 10.5, 9.25, 10.75 ], "texture": "#spade3_atlas" }
			}
		},
		{
			"__comment": "Voxels",
			"from": [ 8.3333, 12, 7.6667 ],
			"to": [ 9.666633, 12.33333, 8.333366 ],
			"faces": {
				"down": { "uv": [ 2, 3.25, 3, 3.75 ], "texture": "#spade3_atlas" },
				"up": { "uv": [ 2, 3.25, 3, 2.75 ], "texture": "#spade3_atlas" },
				"north": { "uv": [ 8.25, 10.75, 7.25, 11 ], "texture": "#spade3_atlas" },
				"south": { "uv": [ 8.25, 11, 9.25, 11.25 ], "texture": "#spade3_atlas" },
				"west": { "uv": [ 11.75, 10.5, 12.25, 10.75 ], "texture": "#spade3_atlas" },
				"east": { "uv": [ 12.75, 10.5, 12.25, 10.75 ], "texture": "#spade3_atlas" }
			}
		},
		{
			"__comment": "Voxels",
			"from": [ 8.3333, 12.6667, 7.6667 ],
			"to": [ 9.666633, 13.00003, 8.333366 ],
			"faces": {
				"down": { "uv": [ 2, 2.25, 3, 2.75 ], "texture": "#spade3_atlas" },
				"up": { "uv": [ 2, 2.25, 3, 1.75 ], "texture": "#spade3_atlas" },
				"north": { "uv": [ 10.25, 10.75, 9.25, 11 ], "texture": "#spade3_atlas" },
				"south": { "uv": [ 10.25, 11, 11.25, 11.25 ], "texture": "#spade3_atlas" },
				"west": { "uv": [ 14.25, 10.5, 14.75, 10.75 ], "texture": "#spade3_atlas" },
				"east": { "uv": [ 15.25, 10.5, 14.75, 10.75 ], "texture": "#spade3_atlas" }
			}
		},
		{
			"__comment": "Voxels",
			"from": [ 8.666699, -0.3333, 7.6667 ],
			"to": [ 9.000032, 0.000033349, 8.333366 ],
			"faces": {
				"down": { "uv": [ 4, 1, 4.25, 1.5 ], "texture": "#spade3_atlas" },
				"up": { "uv": [ 4, 1, 4.25, 0.5 ], "texture": "#spade3_atlas" },
				"north": { "uv": [ 14, 10.25, 13.75, 10.5 ], "texture": "#spade3_atlas" },
				"south": { "uv": [ 14, 10.25, 14.25, 10.5 ], "texture": "#spade3_atlas" },
				"west": { "uv": [ 15.25, 10.5, 15.75, 10.75 ], "texture": "#spade3_atlas" },
				"east": { "uv": [ 5.75, 10.25, 5.25, 10.5 ], "texture": "#spade3_atlas" }
			}
		},
		{
			"__comment": "Voxels",
			"from": [ 8.666699, 12.3333, 7.6667 ],
			"to": [ 9.666699, 12.66663, 8.333366 ],
			"faces": {
				"down": { "uv": [ 3.25, 9.75, 4, 10.25 ], "texture": "#spade3_atlas" },
				"up": { "uv": [ 3.25, 9.75, 4, 9.25 ], "texture": "#spade3_atlas" },
				"north": { "uv": [ 16, 12.25, 15.25, 12.5 ], "texture": "#spade3_atlas" },
				"south": { "uv": [ 10.25, 10.75, 11, 11 ], "texture": "#spade3_atlas" },
				"west": { "uv": [ 6.75, 10.25, 7.25, 10.5 ], "texture": "#spade3_atlas" },
				"east": { "uv": [ 7.75, 10.25, 7.25, 10.5 ], "texture": "#spade3_atlas" }
			}
		}
	],
	"display": {
		"thirdperson_righthand": {
			"rotation":  [ 10, 90, 0 ],
			"translation":  [ 0, 2, 2 ],
			"scale":  [ 1.5, 1.5, 1.5 ]
		},
		"thirdperson_lefthand": {
			"rotation":  [ 10, 90, 0 ],
			"translation":  [ 0, 2, 2 ],
			"scale":  [ 1.5, 1.5, 1.5 ]
		},
		"firstperson_righthand": {
			"rotation":  [ -80, 90, 0 ],
			"translation":  [ 0, 3.5, 0 ]
		},
		"firstperson_lefthand": {
			"rotation":  [ -80, 90, 0 ],
			"translation":  [ 0, 3.5, 0 ]
		},
		"gui": {
			"rotation":  [ 0, 0, -50 ]
		},
		"ground": {
			"translation":  [ 0, 10, 0 ]
		}
	}
}