{
	"__comment": "Designed by Xiaoxiafeng with Cubik Studio - https://cubik.studio",
	"textures": {
		"texture": "trademodel/e_texture",
		"spade2_atlas": "trademodel/spade2_atlas"
	},
	"elements": [ 	 
		{
			"__comment": "Voxels",
			"from": [ 5.3333, 12.3333, 7.6667 ],
			"to": [ 10.66663, 12.99997, 8.333366 ],
			"faces": {
				"down": { "uv": [ 2, 15.5, 6, 16 ], "texture": "#spade2_atlas" },
				"up": { "uv": [ 2, 15.5, 6, 15 ], "texture": "#spade2_atlas" },
				"north": { "uv": [ 6, 14.5, 2, 15 ], "texture": "#spade2_atlas" },
				"south": { "uv": [ 2, 14, 6, 14.5 ], "texture": "#spade2_atlas" },
				"west": { "uv": [ 0.5, 9.5, 1, 10 ], "texture": "#spade2_atlas" },
				"east": { "uv": [ 1, 9, 0.5, 9.5 ], "texture": "#spade2_atlas" }
			}
		},
		{
			"__comment": "Voxels",
			"from": [ 5.6667, 11.6667, 7.6667 ],
			"to": [ 10.33337, 12.33337, 8.333366 ],
			"faces": {
				"down": { "uv": [ 2, 13.5, 5.5, 14 ], "texture": "#spade2_atlas" },
				"up": { "uv": [ 2, 13.5, 5.5, 13 ], "texture": "#spade2_atlas" },
				"north": { "uv": [ 5.5, 12.5, 2, 13 ], "texture": "#spade2_atlas" },
				"south": { "uv": [ 2, 12, 5.5, 12.5 ], "texture": "#spade2_atlas" },
				"west": { "uv": [ 0.5, 8.5, 1, 9 ], "texture": "#spade2_atlas" },
				"east": { "uv": [ 1, 8, 0.5, 8.5 ], "texture": "#spade2_atlas" }
			}
		},
		{
			"__comment": "Voxels",
			"from": [ 5.6667, 13, 7.6667 ],
			"to": [ 6.000033, 13.33333, 8.333366 ],
			"faces": {
				"down": { "uv": [ 6.75, 8.25, 7, 8.75 ], "texture": "#spade2_atlas" },
				"up": { "uv": [ 5.75, 9, 6, 8.5 ], "texture": "#spade2_atlas" },
				"north": { "uv": [ 6.25, 8, 6, 8.25 ], "texture": "#spade2_atlas" },
				"south": { "uv": [ 6.25, 8, 6.5, 8.25 ], "texture": "#spade2_atlas" },
				"west": { "uv": [ 9.5, 10, 10, 10.25 ], "texture": "#spade2_atlas" },
				"east": { "uv": [ 10, 9.75, 9.5, 10 ], "texture": "#spade2_atlas" }
			}
		},
		{
			"__comment": "Voxels",
			"from": [ 6, 11.3333, 8 ],
			"to": [ 6.666667, 11.66663, 8.333333 ],
			"faces": {
				"down": { "uv": [ 9.5, 9.5, 10, 9.75 ], "texture": "#spade2_atlas" },
				"up": { "uv": [ 9.5, 9.5, 10, 9.25 ], "texture": "#spade2_atlas" },
				"north": { "uv": [ 10, 9, 9.5, 9.25 ], "texture": "#spade2_atlas" },
				"south": { "uv": [ 9.5, 8.75, 10, 9 ], "texture": "#spade2_atlas" },
				"west": { "uv": [ 6.5, 8, 6.75, 8.25 ], "texture": "#spade2_atlas" },
				"east": { "uv": [ 7, 8, 6.75, 8.25 ], "texture": "#spade2_atlas" }
			}
		},
		{
			"__comment": "Voxels",
			"from": [ 6.3333, 11.3333, 7.6667 ],
			"to": [ 6.666633, 11.66663, 8.000033 ],
			"faces": {
				"down": { "uv": [ 15.75, 15.5, 16, 15.75 ], "texture": "#spade2_atlas" },
				"up": { "uv": [ 15.75, 13.75, 16, 13.5 ], "texture": "#spade2_atlas" },
				"north": { "uv": [ 11.25, 8, 11, 8.25 ], "texture": "#spade2_atlas" },
				"south": { "uv": [ 11.25, 8, 11.5, 8.25 ], "texture": "#spade2_atlas" },
				"west": { "uv": [ 12.25, 12.5, 12.5, 12.75 ], "texture": "#spade2_atlas" },
				"east": { "uv": [ 12.5, 12.25, 12.25, 12.5 ], "texture": "#spade2_atlas" }
			}
		},
		{
			"__comment": "Voxels",
			"from": [ 6.3333, 13, 7.6667 ],
			"to": [ 9.666634, 13.33333, 8.333366 ],
			"faces": {
				"down": { "uv": [ 2, 11, 4.5, 11.5 ], "texture": "#spade2_atlas" },
				"up": { "uv": [ 2, 12, 4.5, 11.5 ], "texture": "#spade2_atlas" },
				"north": { "uv": [ 9.5, 15.75, 7, 16 ], "texture": "#spade2_atlas" },
				"south": { "uv": [ 9.5, 15.75, 12, 16 ], "texture": "#spade2_atlas" },
				"west": { "uv": [ 10, 13.25, 10.5, 13.5 ], "texture": "#spade2_atlas" },
				"east": { "uv": [ 10.5, 13, 10, 13.25 ], "texture": "#spade2_atlas" }
			}
		},
		{
			"__comment": "Voxels",
			"from": [ 6.6667, 13.3333, 7.6667 ],
			"to": [ 9.6667, 13.66663, 8.333366 ],
			"faces": {
				"down": { "uv": [ 2, 10.5, 4.25, 11 ], "texture": "#spade2_atlas" },
				"up": { "uv": [ 2, 10.5, 4.25, 10 ], "texture": "#spade2_atlas" },
				"north": { "uv": [ 10.5, 15.5, 8.25, 15.75 ], "texture": "#spade2_atlas" },
				"south": { "uv": [ 12, 15.75, 14.25, 16 ], "texture": "#spade2_atlas" },
				"west": { "uv": [ 10, 12.75, 10.5, 13 ], "texture": "#spade2_atlas" },
				"east": { "uv": [ 10.5, 12.5, 10, 12.75 ], "texture": "#spade2_atlas" }
			}
		},
		{
			"__comment": "Voxels",
			"from": [ 6.6667, 13.6667, 7.6667 ],
			"to": [ 9.333366, 14.00003, 8.333366 ],
			"faces": {
				"down": { "uv": [ 3, 9, 5, 9.5 ], "texture": "#spade2_atlas" },
				"up": { "uv": [ 3, 10, 5, 9.5 ], "texture": "#spade2_atlas" },
				"north": { "uv": [ 12.5, 15.5, 10.5, 15.75 ], "texture": "#spade2_atlas" },
				"south": { "uv": [ 12.5, 15.5, 14.5, 15.75 ], "texture": "#spade2_atlas" },
				"west": { "uv": [ 10, 12.25, 10.5, 12.5 ], "texture": "#spade2_atlas" },
				"east": { "uv": [ 10.5, 12, 10, 12.25 ], "texture": "#spade2_atlas" }
			}
		},
		{
			"__comment": "Voxels",
			"from": [ 7, 10.6667, 7.6667 ],
			"to": [ 7.666667, 11.33337, 8.333366 ],
			"faces": {
				"down": { "uv": [ 8.25, 9, 8.75, 9.5 ], "texture": "#spade2_atlas" },
				"up": { "uv": [ 8.25, 9, 8.75, 8.5 ], "texture": "#spade2_atlas" },
				"north": { "uv": [ 8.75, 8, 8.25, 8.5 ], "texture": "#spade2_atlas" },
				"south": { "uv": [ 9, 14, 9.5, 14.5 ], "texture": "#spade2_atlas" },
				"west": { "uv": [ 9, 13.5, 9.5, 14 ], "texture": "#spade2_atlas" },
				"east": { "uv": [ 9.5, 13, 9, 13.5 ], "texture": "#spade2_atlas" }
			}
		},
		{
			"__comment": "Voxels",
			"from": [ 7, 15.3333, 7.6667 ],
			"to": [ 9.333334, 15.66663, 8.333366 ],
			"faces": {
				"down": { "uv": [ 4.25, 10, 6, 10.5 ], "texture": "#spade2_atlas" },
				"up": { "uv": [ 4.25, 11, 6, 10.5 ], "texture": "#spade2_atlas" },
				"north": { "uv": [ 16, 15.75, 14.25, 16 ], "texture": "#spade2_atlas" },
				"south": { "uv": [ 9.25, 15.25, 11, 15.5 ], "texture": "#spade2_atlas" },
				"west": { "uv": [ 10, 11.75, 10.5, 12 ], "texture": "#spade2_atlas" },
				"east": { "uv": [ 10.5, 11.5, 10, 11.75 ], "texture": "#spade2_atlas" }
			}
		},
		{
			"__comment": "Voxels",
			"from": [ 7, 15.6667, 7.6667 ],
			"to": [ 9, 16.33337, 8.333366 ],
			"faces": {
				"down": { "uv": [ 4.5, 11.5, 6, 12 ], "texture": "#spade2_atlas" },
				"up": { "uv": [ 4.5, 11.5, 6, 11 ], "texture": "#spade2_atlas" },
				"north": { "uv": [ 4.5, 8.5, 3, 9 ], "texture": "#spade2_atlas" },
				"south": { "uv": [ 3, 8, 4.5, 8.5 ], "texture": "#spade2_atlas" },
				"west": { "uv": [ 9, 11.5, 9.5, 12 ], "texture": "#spade2_atlas" },
				"east": { "uv": [ 9.5, 11, 9, 11.5 ], "texture": "#spade2_atlas" }
			}
		},
		{
			"__comment": "Voxels",
			"from": [ 7.3333, -1.6667, 7.6667 ],
			"to": [ 8.666633, -1.333367, 8.333366 ],
			"faces": {
				"down": { "uv": [ 7, 10.75, 8, 11.25 ], "texture": "#spade2_atlas" },
				"up": { "uv": [ 7, 10.75, 8, 10.25 ], "texture": "#spade2_atlas" },
				"north": { "uv": [ 16, 14.5, 15, 14.75 ], "texture": "#spade2_atlas" },
				"south": { "uv": [ 9.5, 14.25, 10.5, 14.5 ], "texture": "#spade2_atlas" },
				"west": { "uv": [ 10, 11.25, 10.5, 11.5 ], "texture": "#spade2_atlas" },
				"east": { "uv": [ 10.5, 11, 10, 11.25 ], "texture": "#spade2_atlas" }
			}
		},
		{
			"__comment": "Voxels",
			"from": [ 7.3333, -1, 7.6667 ],
			"to": [ 8.999967, -0.6666666, 8.000033 ],
			"faces": {
				"down": { "uv": [ 10.25, 14.75, 11.5, 15 ], "texture": "#spade2_atlas" },
				"up": { "uv": [ 11.5, 15, 12.75, 14.75 ], "texture": "#spade2_atlas" },
				"north": { "uv": [ 14, 14.75, 12.75, 15 ], "texture": "#spade2_atlas" },
				"south": { "uv": [ 14, 14.75, 15.25, 15 ], "texture": "#spade2_atlas" },
				"west": { "uv": [ 12.5, 12.5, 12.75, 12.75 ], "texture": "#spade2_atlas" },
				"east": { "uv": [ 12.75, 12.25, 12.5, 12.5 ], "texture": "#spade2_atlas" }
			}
		},
		{
			"__comment": "Voxels",
			"from": [ 7.3333, -1, 8 ],
			"to": [ 7.999966, -0.3333333, 8.333333 ],
			"faces": {
				"down": { "uv": [ 10.5, 13, 11, 13.25 ], "texture": "#spade2_atlas" },
				"up": { "uv": [ 10, 10.5, 10.5, 10.25 ], "texture": "#spade2_atlas" },
				"north": { "uv": [ 10, 13.75, 9.5, 14.25 ], "texture": "#spade2_atlas" },
				"south": { "uv": [ 9.5, 13.25, 10, 13.75 ], "texture": "#spade2_atlas" },
				"west": { "uv": [ 8, 14.25, 8.25, 14.75 ], "texture": "#spade2_atlas" },
				"east": { "uv": [ 8.25, 13.75, 8, 14.25 ], "texture": "#spade2_atlas" }
			}
		},
		{
			"__comment": "Voxels",
			"from": [ 7.3333, -0.6667, 7.6667 ],
			"to": [ 8.666633, -0.3333667, 8.000033 ],
			"faces": {
				"down": { "uv": [ 10.5, 14.25, 11.5, 14.5 ], "texture": "#spade2_atlas" },
				"up": { "uv": [ 11.5, 14.5, 12.5, 14.25 ], "texture": "#spade2_atlas" },
				"north": { "uv": [ 13.5, 14.25, 12.5, 14.5 ], "texture": "#spade2_atlas" },
				"south": { "uv": [ 13.5, 14.25, 14.5, 14.5 ], "texture": "#spade2_atlas" },
				"west": { "uv": [ 12.75, 12.5, 13, 12.75 ], "texture": "#spade2_atlas" },
				"east": { "uv": [ 13, 12.25, 12.75, 12.5 ], "texture": "#spade2_atlas" }
			}
		},
		{
			"__comment": "Voxels",
			"from": [ 7.3333, 0.3333, 7.6667 ],
			"to": [ 8.666633, 0.6666334, 8.333366 ],
			"faces": {
				"down": { "uv": [ 7, 12.75, 8, 13.25 ], "texture": "#spade2_atlas" },
				"up": { "uv": [ 7, 12.75, 8, 12.25 ], "texture": "#spade2_atlas" },
				"north": { "uv": [ 15.5, 14.25, 14.5, 14.5 ], "texture": "#spade2_atlas" },
				"south": { "uv": [ 10, 14, 11, 14.25 ], "texture": "#spade2_atlas" },
				"west": { "uv": [ 10, 10, 10.5, 10.25 ], "texture": "#spade2_atlas" },
				"east": { "uv": [ 10.5, 9.75, 10, 10 ], "texture": "#spade2_atlas" }
			}
		},
		{
			"__comment": "Voxels",
			"from": [ 7.3333, 9.3333, 7.6667 ],
			"to": [ 7.999966, 9.666633, 8.333366 ],
			"faces": {
				"down": { "uv": [ 9.5, 11.25, 10, 11.75 ], "texture": "#spade2_atlas" },
				"up": { "uv": [ 9.5, 11.25, 10, 10.75 ], "texture": "#spade2_atlas" },
				"north": { "uv": [ 10.5, 9.5, 10, 9.75 ], "texture": "#spade2_atlas" },
				"south": { "uv": [ 10, 9.25, 10.5, 9.5 ], "texture": "#spade2_atlas" },
				"west": { "uv": [ 10, 9, 10.5, 9.25 ], "texture": "#spade2_atlas" },
				"east": { "uv": [ 10.5, 8.75, 10, 9 ], "texture": "#spade2_atlas" }
			}
		},
		{
			"__comment": "Voxels",
			"from": [ 7.3333, 10, 7.6667 ],
			"to": [ 8.666633, 10.33333, 8.333366 ],
			"faces": {
				"down": { "uv": [ 5, 9.5, 6, 10 ], "texture": "#spade2_atlas" },
				"up": { "uv": [ 5, 9.5, 6, 9 ], "texture": "#spade2_atlas" },
				"north": { "uv": [ 10, 14.5, 9, 14.75 ], "texture": "#spade2_atlas" },
				"south": { "uv": [ 10, 14.5, 11, 14.75 ], "texture": "#spade2_atlas" },
				"west": { "uv": [ 10, 8.5, 10.5, 8.75 ], "texture": "#spade2_atlas" },
				"east": { "uv": [ 10.5, 8.25, 10, 8.5 ], "texture": "#spade2_atlas" }
			}
		},
		{
			"__comment": "Voxels",
			"from": [ 7.3333, 10.3333, 7.6667 ],
			"to": [ 7.999966, 10.66663, 8.333366 ],
			"faces": {
				"down": { "uv": [ 1, 8.5, 1.5, 9 ], "texture": "#spade2_atlas" },
				"up": { "uv": [ 1, 8.5, 1.5, 8 ], "texture": "#spade2_atlas" },
				"north": { "uv": [ 10.5, 8, 10, 8.25 ], "texture": "#spade2_atlas" },
				"south": { "uv": [ 10.5, 13.25, 11, 13.5 ], "texture": "#spade2_atlas" },
				"west": { "uv": [ 11, 13.25, 11.5, 13.5 ], "texture": "#spade2_atlas" },
				"east": { "uv": [ 12, 13.25, 11.5, 13.5 ], "texture": "#spade2_atlas" }
			}
		},
		{
			"__comment": "Voxels",
			"from": [ 7.3333, 10.6667, 7.3333 ],
			"to": [ 8.666633, 11.33337, 7.666633 ],
			"faces": {
				"down": { "uv": [ 11, 14.5, 12, 14.75 ], "texture": "#spade2_atlas" },
				"up": { "uv": [ 12, 14.75, 13, 14.5 ], "texture": "#spade2_atlas" },
				"north": { "uv": [ 8, 11.75, 7, 12.25 ], "texture": "#spade2_atlas" },
				"south": { "uv": [ 7, 11.25, 8, 11.75 ], "texture": "#spade2_atlas" },
				"west": { "uv": [ 8, 12.25, 8.25, 12.75 ], "texture": "#spade2_atlas" },
				"east": { "uv": [ 8.25, 11.75, 8, 12.25 ], "texture": "#spade2_atlas" }
			}
		},
		{
			"__comment": "Voxels",
			"from": [ 7.3333, 10.6667, 8.3333 ],
			"to": [ 8.666633, 11.33337, 8.666633 ],
			"faces": {
				"down": { "uv": [ 13, 14.5, 14, 14.75 ], "texture": "#spade2_atlas" },
				"up": { "uv": [ 14, 14.75, 15, 14.5 ], "texture": "#spade2_atlas" },
				"north": { "uv": [ 8, 8.25, 7, 8.75 ], "texture": "#spade2_atlas" },
				"south": { "uv": [ 8.25, 15, 9.25, 15.5 ], "texture": "#spade2_atlas" },
				"west": { "uv": [ 8, 11.25, 8.25, 11.75 ], "texture": "#spade2_atlas" },
				"east": { "uv": [ 8.25, 10.75, 8, 11.25 ], "texture": "#spade2_atlas" }
			}
		},
		{
			"__comment": "Voxels",
			"from": [ 7.3333, 11.3333, 7.6667 ],
			"to": [ 8.999967, 11.66663, 8.333366 ],
			"faces": {
				"down": { "uv": [ 4.5, 8.5, 5.75, 9 ], "texture": "#spade2_atlas" },
				"up": { "uv": [ 4.5, 8.5, 5.75, 8 ], "texture": "#spade2_atlas" },
				"north": { "uv": [ 10.5, 15, 9.25, 15.25 ], "texture": "#spade2_atlas" },
				"south": { "uv": [ 9, 14.75, 10.25, 15 ], "texture": "#spade2_atlas" },
				"west": { "uv": [ 12, 13.25, 12.5, 13.5 ], "texture": "#spade2_atlas" },
				"east": { "uv": [ 13, 13.25, 12.5, 13.5 ], "texture": "#spade2_atlas" }
			}
		},
		{
			"__comment": "Voxels",
			"from": [ 7.3333, 14, 7.6667 ],
			"to": [ 8.666633, 15.33333, 8.333366 ],
			"faces": {
				"down": { "uv": [ 7, 13.75, 8, 14.25 ], "texture": "#spade2_atlas" },
				"up": { "uv": [ 7, 13.75, 8, 13.25 ], "texture": "#spade2_atlas" },
				"north": { "uv": [ 3, 9, 2, 10 ], "texture": "#spade2_atlas" },
				"south": { "uv": [ 2, 8, 3, 9 ], "texture": "#spade2_atlas" },
				"west": { "uv": [ 0, 9, 0.5, 10 ], "texture": "#spade2_atlas" },
				"east": { "uv": [ 0.5, 8, 0, 9 ], "texture": "#spade2_atlas" }
			}
		},
		{
			"__comment": "Voxels",
			"from": [ 7.3333, 16.3333, 7.6667 ],
			"to": [ 8.999967, 16.66663, 8.333366 ],
			"faces": {
				"down": { "uv": [ 7, 15.25, 8.25, 15.75 ], "texture": "#spade2_atlas" },
				"up": { "uv": [ 7, 15.25, 8.25, 14.75 ], "texture": "#spade2_atlas" },
				"north": { "uv": [ 15.75, 15.5, 14.5, 15.75 ], "texture": "#spade2_atlas" },
				"south": { "uv": [ 7, 8, 8.25, 8.25 ], "texture": "#spade2_atlas" },
				"west": { "uv": [ 13, 13.25, 13.5, 13.5 ], "texture": "#spade2_atlas" },
				"east": { "uv": [ 14, 13.25, 13.5, 13.5 ], "texture": "#spade2_atlas" }
			}
		},
		{
			"__comment": "Voxels",
			"from": [ 7.3333, 16.6667, 7.6667 ],
			"to": [ 8.666633, 17.33337, 8.333366 ],
			"faces": {
				"down": { "uv": [ 7, 9.75, 8, 10.25 ], "texture": "#spade2_atlas" },
				"up": { "uv": [ 7, 9.25, 8, 8.75 ], "texture": "#spade2_atlas" },
				"north": { "uv": [ 8, 9.25, 7, 9.75 ], "texture": "#spade2_atlas" },
				"south": { "uv": [ 7, 14.25, 8, 14.75 ], "texture": "#spade2_atlas" },
				"west": { "uv": [ 8.25, 10, 8.75, 10.5 ], "texture": "#spade2_atlas" },
				"east": { "uv": [ 8.75, 9.5, 8.25, 10 ], "texture": "#spade2_atlas" }
			}
		},
		{
			"__comment": "Voxels",
			"from": [ 7.6667, -2, 7.6667 ],
			"to": [ 8.333366, -1.666667, 8.333366 ],
			"faces": {
				"down": { "uv": [ 9, 12.5, 9.5, 13 ], "texture": "#spade2_atlas" },
				"up": { "uv": [ 9, 12.5, 9.5, 12 ], "texture": "#spade2_atlas" },
				"north": { "uv": [ 14.5, 13.25, 14, 13.5 ], "texture": "#spade2_atlas" },
				"south": { "uv": [ 14.5, 13.25, 15, 13.5 ], "texture": "#spade2_atlas" },
				"west": { "uv": [ 15, 13.25, 15.5, 13.5 ], "texture": "#spade2_atlas" },
				"east": { "uv": [ 16, 13.25, 15.5, 13.5 ], "texture": "#spade2_atlas" }
			}
		},
		{
			"__comment": "Voxels",
			"from": [ 7.6667, -1.3333, 7.6667 ],
			"to": [ 8.6667, -0.9999666, 8.333366 ],
			"faces": {
				"down": { "uv": [ 11, 15, 11.75, 15.5 ], "texture": "#spade2_atlas" },
				"up": { "uv": [ 8.25, 12.5, 9, 12 ], "texture": "#spade2_atlas" },
				"north": { "uv": [ 16, 14.75, 15.25, 15 ], "texture": "#spade2_atlas" },
				"south": { "uv": [ 15.25, 14, 16, 14.25 ], "texture": "#spade2_atlas" },
				"west": { "uv": [ 11, 13, 11.5, 13.25 ], "texture": "#spade2_atlas" },
				"east": { "uv": [ 12, 13, 11.5, 13.25 ], "texture": "#spade2_atlas" }
			}
		},
		{
			"__comment": "Voxels",
			"from": [ 7.6667, -1, 7.3333 ],
			"to": [ 8.6667, -0.6666666, 7.666633 ],
			"faces": {
				"down": { "uv": [ 11.5, 13.75, 12.25, 14 ], "texture": "#spade2_atlas" },
				"up": { "uv": [ 12.25, 14, 13, 13.75 ], "texture": "#spade2_atlas" },
				"north": { "uv": [ 13.75, 13.75, 13, 14 ], "texture": "#spade2_atlas" },
				"south": { "uv": [ 13.75, 13.75, 14.5, 14 ], "texture": "#spade2_atlas" },
				"west": { "uv": [ 13, 12.5, 13.25, 12.75 ], "texture": "#spade2_atlas" },
				"east": { "uv": [ 13.25, 12.25, 13, 12.5 ], "texture": "#spade2_atlas" }
			}
		},
		{
			"__comment": "Voxels",
			"from": [ 7.6667, -1, 8.3333 ],
			"to": [ 8.6667, -0.6666666, 8.666633 ],
			"faces": {
				"down": { "uv": [ 10, 13.5, 10.75, 13.75 ], "texture": "#spade2_atlas" },
				"up": { "uv": [ 10.75, 13.75, 11.5, 13.5 ], "texture": "#spade2_atlas" },
				"north": { "uv": [ 12.25, 13.5, 11.5, 13.75 ], "texture": "#spade2_atlas" },
				"south": { "uv": [ 12.25, 13.5, 13, 13.75 ], "texture": "#spade2_atlas" },
				"west": { "uv": [ 13.25, 12.5, 13.5, 12.75 ], "texture": "#spade2_atlas" },
				"east": { "uv": [ 13.5, 12.25, 13.25, 12.5 ], "texture": "#spade2_atlas" }
			}
		},
		{
			"__comment": "Voxels",
			"from": [ 7.6667, -0.6667, 7.3333 ],
			"to": [ 8.333366, -0.3333667, 7.666633 ],
			"faces": {
				"down": { "uv": [ 13, 13, 13.5, 13.25 ], "texture": "#spade2_atlas" },
				"up": { "uv": [ 15.5, 13, 16, 12.75 ], "texture": "#spade2_atlas" },
				"north": { "uv": [ 15.5, 12.75, 15, 13 ], "texture": "#spade2_atlas" },
				"south": { "uv": [ 14.5, 12.75, 15, 13 ], "texture": "#spade2_atlas" },
				"west": { "uv": [ 15.25, 12.25, 15.5, 12.5 ], "texture": "#spade2_atlas" },
				"east": { "uv": [ 12.25, 12, 12, 12.25 ], "texture": "#spade2_atlas" }
			}
		},
		{
			"__comment": "Voxels",
			"from": [ 7.6667, -0.6667, 8.3333 ],
			"to": [ 8.333366, -0.3333667, 8.666633 ],
			"faces": {
				"down": { "uv": [ 14.5, 13, 15, 13.25 ], "texture": "#spade2_atlas" },
				"up": { "uv": [ 9.5, 8.75, 10, 8.5 ], "texture": "#spade2_atlas" },
				"north": { "uv": [ 16, 14.25, 15.5, 14.5 ], "texture": "#spade2_atlas" },
				"south": { "uv": [ 10.5, 15, 11, 15.25 ], "texture": "#spade2_atlas" },
				"west": { "uv": [ 11.5, 9.75, 11.75, 10 ], "texture": "#spade2_atlas" },
				"east": { "uv": [ 11.75, 8.25, 11.5, 8.5 ], "texture": "#spade2_atlas" }
			}
		},
		{
			"__comment": "Voxels",
			"from": [ 7.6667, -0.3333, 7.6667 ],
			"to": [ 8.6667, 0.3333667, 8.333366 ],
			"faces": {
				"down": { "uv": [ 12.5, 15, 13.25, 15.5 ], "texture": "#spade2_atlas" },
				"up": { "uv": [ 13.25, 15.5, 14, 15 ], "texture": "#spade2_atlas" },
				"north": { "uv": [ 14.75, 15, 14, 15.5 ], "texture": "#spade2_atlas" },
				"south": { "uv": [ 14.75, 15, 15.5, 15.5 ], "texture": "#spade2_atlas" },
				"west": { "uv": [ 1.5, 8, 2, 8.5 ], "texture": "#spade2_atlas" },
				"east": { "uv": [ 6, 13.5, 5.5, 14 ], "texture": "#spade2_atlas" }
			}
		},
		{
			"__comment": "Voxels",
			"from": [ 7.6667, 0.3333, 7.3333 ],
			"to": [ 8.333366, 0.6666334, 7.666633 ],
			"faces": {
				"down": { "uv": [ 10.5, 9.5, 11, 9.75 ], "texture": "#spade2_atlas" },
				"up": { "uv": [ 10.5, 10, 11, 9.75 ], "texture": "#spade2_atlas" },
				"north": { "uv": [ 11, 10.5, 10.5, 10.75 ], "texture": "#spade2_atlas" },
				"south": { "uv": [ 10.5, 11.25, 11, 11.5 ], "texture": "#spade2_atlas" },
				"west": { "uv": [ 14.75, 12.25, 15, 12.5 ], "texture": "#spade2_atlas" },
				"east": { "uv": [ 11.75, 10.5, 11.5, 10.75 ], "texture": "#spade2_atlas" }
			}
		},
		{
			"__comment": "Voxels",
			"from": [ 7.6667, 0.3333, 8.3333 ],
			"to": [ 8.333366, 0.6666334, 8.666633 ],
			"faces": {
				"down": { "uv": [ 11.75, 12.5, 12.25, 12.75 ], "texture": "#spade2_atlas" },
				"up": { "uv": [ 11.75, 12.5, 12.25, 12.25 ], "texture": "#spade2_atlas" },
				"north": { "uv": [ 11, 12.25, 10.5, 12.5 ], "texture": "#spade2_atlas" },
				"south": { "uv": [ 10.5, 12, 11, 12.25 ], "texture": "#spade2_atlas" },
				"west": { "uv": [ 11.75, 12, 12, 12.25 ], "texture": "#spade2_atlas" },
				"east": { "uv": [ 11.75, 8, 11.5, 8.25 ], "texture": "#spade2_atlas" }
			}
		},
		{
			"__comment": "Voxels",
			"from": [ 7.6667, 0.6667, 7.6667 ],
			"to": [ 8.6667, 1.333367, 8.333366 ],
			"faces": {
				"down": { "uv": [ 8.25, 14, 9, 14.5 ], "texture": "#spade2_atlas" },
				"up": { "uv": [ 8.25, 15, 9, 14.5 ], "texture": "#spade2_atlas" },
				"north": { "uv": [ 9, 13.5, 8.25, 14 ], "texture": "#spade2_atlas" },
				"south": { "uv": [ 11.75, 15, 12.5, 15.5 ], "texture": "#spade2_atlas" },
				"west": { "uv": [ 5.5, 12.5, 6, 13 ], "texture": "#spade2_atlas" },
				"east": { "uv": [ 6, 12, 5.5, 12.5 ], "texture": "#spade2_atlas" }
			}
		},
		{
			"__comment": "Voxels",
			"from": [ 7.6667, 1.3333, 7.6667 ],
			"to": [ 8.333366, 9.3333, 8.333366 ],
			"faces": {
				"down": { "uv": [ 15.5, 15, 16, 15.5 ], "texture": "#spade2_atlas" },
				"up": { "uv": [ 8.25, 12, 8.75, 11.5 ], "texture": "#spade2_atlas" },
				"north": { "uv": [ 1.5, 10, 1, 16 ], "texture": "#spade2_atlas" },
				"south": { "uv": [ 0.5, 10, 1, 16 ], "texture": "#spade2_atlas" },
				"west": { "uv": [ 0, 10, 0.5, 16 ], "texture": "#spade2_atlas" },
				"east": { "uv": [ 2, 10, 1.5, 16 ], "texture": "#spade2_atlas" }
			}
		},
		{
			"__comment": "Voxels",
			"from": [ 7.6667, 9.3333, 7.3333 ],
			"to": [ 8.6667, 9.666633, 7.666633 ],
			"faces": {
				"down": { "uv": [ 14.5, 13.5, 15.25, 13.75 ], "texture": "#spade2_atlas" },
				"up": { "uv": [ 10, 14, 10.75, 13.75 ], "texture": "#spade2_atlas" },
				"north": { "uv": [ 11.5, 13.75, 10.75, 14 ], "texture": "#spade2_atlas" },
				"south": { "uv": [ 15.25, 13.75, 16, 14 ], "texture": "#spade2_atlas" },
				"west": { "uv": [ 12.25, 12, 12.5, 12.25 ], "texture": "#spade2_atlas" },
				"east": { "uv": [ 12.75, 12, 12.5, 12.25 ], "texture": "#spade2_atlas" }
			}
		},
		{
			"__comment": "Voxels",
			"from": [ 7.6667, 9.3333, 8.3333 ],
			"to": [ 8.6667, 9.666633, 8.666633 ],
			"faces": {
				"down": { "uv": [ 14.5, 13.75, 15.25, 14 ], "texture": "#spade2_atlas" },
				"up": { "uv": [ 13, 14.25, 13.75, 14 ], "texture": "#spade2_atlas" },
				"north": { "uv": [ 14.5, 14, 13.75, 14.25 ], "texture": "#spade2_atlas" },
				"south": { "uv": [ 14.5, 14, 15.25, 14.25 ], "texture": "#spade2_atlas" },
				"west": { "uv": [ 13.5, 12.5, 13.75, 12.75 ], "texture": "#spade2_atlas" },
				"east": { "uv": [ 13.75, 12.25, 13.5, 12.5 ], "texture": "#spade2_atlas" }
			}
		},
		{
			"__comment": "Voxels",
			"from": [ 7.6667, 9.666699, 7.6667 ],
			"to": [ 8.6667, 10.00003, 8.333366 ],
			"faces": {
				"down": { "uv": [ 8.25, 12.5, 9, 13 ], "texture": "#spade2_atlas" },
				"up": { "uv": [ 8.25, 13.5, 9, 13 ], "texture": "#spade2_atlas" },
				"north": { "uv": [ 13.75, 13.5, 13, 13.75 ], "texture": "#spade2_atlas" },
				"south": { "uv": [ 13.75, 13.5, 14.5, 13.75 ], "texture": "#spade2_atlas" },
				"west": { "uv": [ 15, 13, 15.5, 13.25 ], "texture": "#spade2_atlas" },
				"east": { "uv": [ 16, 13, 15.5, 13.25 ], "texture": "#spade2_atlas" }
			}
		},
		{
			"__comment": "Voxels",
			"from": [ 7.6667, 10, 7.3333 ],
			"to": [ 8.333366, 10.66667, 7.666633 ],
			"faces": {
				"down": { "uv": [ 10.5, 12.75, 11, 13 ], "texture": "#spade2_atlas" },
				"up": { "uv": [ 10.5, 12.75, 11, 12.5 ], "texture": "#spade2_atlas" },
				"north": { "uv": [ 8.75, 11, 8.25, 11.5 ], "texture": "#spade2_atlas" },
				"south": { "uv": [ 8.25, 10.5, 8.75, 11 ], "texture": "#spade2_atlas" },
				"west": { "uv": [ 8, 9.25, 8.25, 9.75 ], "texture": "#spade2_atlas" },
				"east": { "uv": [ 8.25, 8.75, 8, 9.25 ], "texture": "#spade2_atlas" }
			}
		},
		{
			"__comment": "Voxels",
			"from": [ 7.6667, 10, 8.3333 ],
			"to": [ 8.333366, 10.66667, 8.666633 ],
			"faces": {
				"down": { "uv": [ 10.5, 11.75, 11, 12 ], "texture": "#spade2_atlas" },
				"up": { "uv": [ 10.5, 11.75, 11, 11.5 ], "texture": "#spade2_atlas" },
				"north": { "uv": [ 9.5, 10.5, 9, 11 ], "texture": "#spade2_atlas" },
				"south": { "uv": [ 5.5, 13, 6, 13.5 ], "texture": "#spade2_atlas" },
				"west": { "uv": [ 8, 8.25, 8.25, 8.75 ], "texture": "#spade2_atlas" },
				"east": { "uv": [ 9, 11.5, 8.75, 12 ], "texture": "#spade2_atlas" }
			}
		},
		{
			"__comment": "Voxels",
			"from": [ 7.6667, 10.6667, 7 ],
			"to": [ 8.333366, 11.33337, 7.333333 ],
			"faces": {
				"down": { "uv": [ 10.5, 11, 11, 11.25 ], "texture": "#spade2_atlas" },
				"up": { "uv": [ 10.5, 11, 11, 10.75 ], "texture": "#spade2_atlas" },
				"north": { "uv": [ 9.5, 10, 9, 10.5 ], "texture": "#spade2_atlas" },
				"south": { "uv": [ 9, 9.5, 9.5, 10 ], "texture": "#spade2_atlas" },
				"west": { "uv": [ 8.75, 11, 9, 11.5 ], "texture": "#spade2_atlas" },
				"east": { "uv": [ 9, 10.5, 8.75, 11 ], "texture": "#spade2_atlas" }
			}
		},
		{
			"__comment": "Voxels",
			"from": [ 7.6667, 10.6667, 8.666699 ],
			"to": [ 8.333366, 11.33337, 9.000032 ],
			"faces": {
				"down": { "uv": [ 10.5, 10.25, 11, 10.5 ], "texture": "#spade2_atlas" },
				"up": { "uv": [ 10.5, 10.25, 11, 10 ], "texture": "#spade2_atlas" },
				"north": { "uv": [ 9.5, 9, 9, 9.5 ], "texture": "#spade2_atlas" },
				"south": { "uv": [ 9, 8.5, 9.5, 9 ], "texture": "#spade2_atlas" },
				"west": { "uv": [ 8.75, 10, 9, 10.5 ], "texture": "#spade2_atlas" },
				"east": { "uv": [ 9, 9.5, 8.75, 10 ], "texture": "#spade2_atlas" }
			}
		},
		{
			"__comment": "Voxels",
			"from": [ 7.6667, 17.3333, 7.6667 ],
			"to": [ 8.333366, 17.66663, 8.333366 ],
			"faces": {
				"down": { "uv": [ 9, 8, 9.5, 8.5 ], "texture": "#spade2_atlas" },
				"up": { "uv": [ 9.5, 13.25, 10, 12.75 ], "texture": "#spade2_atlas" },
				"north": { "uv": [ 11, 9.25, 10.5, 9.5 ], "texture": "#spade2_atlas" },
				"south": { "uv": [ 10.5, 9, 11, 9.25 ], "texture": "#spade2_atlas" },
				"west": { "uv": [ 10.5, 8.75, 11, 9 ], "texture": "#spade2_atlas" },
				"east": { "uv": [ 11, 8.5, 10.5, 8.75 ], "texture": "#spade2_atlas" }
			}
		},
		{
			"__comment": "Voxels",
			"from": [ 8, -0.6667, 8 ],
			"to": [ 8.666667, -0.3333667, 8.333333 ],
			"faces": {
				"down": { "uv": [ 10.5, 8.25, 11, 8.5 ], "texture": "#spade2_atlas" },
				"up": { "uv": [ 10.5, 8.25, 11, 8 ], "texture": "#spade2_atlas" },
				"north": { "uv": [ 11.5, 12.75, 11, 13 ], "texture": "#spade2_atlas" },
				"south": { "uv": [ 11.5, 12.75, 12, 13 ], "texture": "#spade2_atlas" },
				"west": { "uv": [ 11.5, 10.25, 11.75, 10.5 ], "texture": "#spade2_atlas" },
				"east": { "uv": [ 14.5, 12.5, 14.25, 12.75 ], "texture": "#spade2_atlas" }
			}
		},
		{
			"__comment": "Voxels",
			"from": [ 8, -0.3333, 7.3333 ],
			"to": [ 8.333333, 0.3333667, 7.666633 ],
			"faces": {
				"down": { "uv": [ 11.5, 11.25, 11.75, 11.5 ], "texture": "#spade2_atlas" },
				"up": { "uv": [ 11.5, 10.25, 11.75, 10 ], "texture": "#spade2_atlas" },
				"north": { "uv": [ 9, 8.5, 8.75, 9 ], "texture": "#spade2_atlas" },
				"south": { "uv": [ 8.75, 8, 9, 8.5 ], "texture": "#spade2_atlas" },
				"west": { "uv": [ 11, 12.25, 11.25, 12.75 ], "texture": "#spade2_atlas" },
				"east": { "uv": [ 11.25, 11.75, 11, 12.25 ], "texture": "#spade2_atlas" }
			}
		},
		{
			"__comment": "Voxels",
			"from": [ 8, -0.3333, 8.3333 ],
			"to": [ 8.333333, 0.3333667, 8.666633 ],
			"faces": {
				"down": { "uv": [ 15, 12.5, 15.25, 12.75 ], "texture": "#spade2_atlas" },
				"up": { "uv": [ 11.5, 11.75, 11.75, 11.5 ], "texture": "#spade2_atlas" },
				"north": { "uv": [ 11.25, 11.25, 11, 11.75 ], "texture": "#spade2_atlas" },
				"south": { "uv": [ 11, 10.75, 11.25, 11.25 ], "texture": "#spade2_atlas" },
				"west": { "uv": [ 11, 10.25, 11.25, 10.75 ], "texture": "#spade2_atlas" },
				"east": { "uv": [ 11.25, 9.75, 11, 10.25 ], "texture": "#spade2_atlas" }
			}
		},
		{
			"__comment": "Voxels",
			"from": [ 8, 0.6667, 7.3333 ],
			"to": [ 8.333333, 1.333367, 7.666633 ],
			"faces": {
				"down": { "uv": [ 15, 12.25, 15.25, 12.5 ], "texture": "#spade2_atlas" },
				"up": { "uv": [ 15.25, 12.75, 15.5, 12.5 ], "texture": "#spade2_atlas" },
				"north": { "uv": [ 11.25, 9.25, 11, 9.75 ], "texture": "#spade2_atlas" },
				"south": { "uv": [ 11, 8.75, 11.25, 9.25 ], "texture": "#spade2_atlas" },
				"west": { "uv": [ 11, 8.25, 11.25, 8.75 ], "texture": "#spade2_atlas" },
				"east": { "uv": [ 11.5, 12.25, 11.25, 12.75 ], "texture": "#spade2_atlas" }
			}
		},
		{
			"__comment": "Voxels",
			"from": [ 8, 0.6667, 8.3333 ],
			"to": [ 8.333333, 1.333367, 8.666633 ],
			"faces": {
				"down": { "uv": [ 14.25, 12.25, 14.5, 12.5 ], "texture": "#spade2_atlas" },
				"up": { "uv": [ 14.75, 12.75, 15, 12.5 ], "texture": "#spade2_atlas" },
				"north": { "uv": [ 11.5, 11.75, 11.25, 12.25 ], "texture": "#spade2_atlas" },
				"south": { "uv": [ 11.25, 11.25, 11.5, 11.75 ], "texture": "#spade2_atlas" },
				"west": { "uv": [ 11.25, 10.75, 11.5, 11.25 ], "texture": "#spade2_atlas" },
				"east": { "uv": [ 11.75, 12.25, 11.5, 12.75 ], "texture": "#spade2_atlas" }
			}
		},
		{
			"__comment": "Voxels",
			"from": [ 8, 8.666699, 8.3333 ],
			"to": [ 8.333333, 9.333366, 8.666633 ],
			"faces": {
				"down": { "uv": [ 11.5, 12, 11.75, 12.25 ], "texture": "#spade2_atlas" },
				"up": { "uv": [ 11.5, 12, 11.75, 11.75 ], "texture": "#spade2_atlas" },
				"north": { "uv": [ 11.5, 10.25, 11.25, 10.75 ], "texture": "#spade2_atlas" },
				"south": { "uv": [ 11.25, 9.75, 11.5, 10.25 ], "texture": "#spade2_atlas" },
				"west": { "uv": [ 8.75, 9, 9, 9.5 ], "texture": "#spade2_atlas" },
				"east": { "uv": [ 11.5, 9.25, 11.25, 9.75 ], "texture": "#spade2_atlas" }
			}
		},
		{
			"__comment": "Voxels",
			"from": [ 8, 9, 7.3333 ],
			"to": [ 8.333333, 9.333333, 7.666633 ],
			"faces": {
				"down": { "uv": [ 11.5, 9.5, 11.75, 9.75 ], "texture": "#spade2_atlas" },
				"up": { "uv": [ 11.5, 9.5, 11.75, 9.25 ], "texture": "#spade2_atlas" },
				"north": { "uv": [ 11.75, 8.5, 11.5, 8.75 ], "texture": "#spade2_atlas" },
				"south": { "uv": [ 12.75, 12, 13, 12.25 ], "texture": "#spade2_atlas" },
				"west": { "uv": [ 13, 12, 13.25, 12.25 ], "texture": "#spade2_atlas" },
				"east": { "uv": [ 13.5, 12, 13.25, 12.25 ], "texture": "#spade2_atlas" }
			}
		},
		{
			"__comment": "Voxels",
			"from": [ 8, 9.666699, 7.3333 ],
			"to": [ 8.333333, 10.00003, 7.666633 ],
			"faces": {
				"down": { "uv": [ 14, 12, 14.25, 12.25 ], "texture": "#spade2_atlas" },
				"up": { "uv": [ 14.25, 12.25, 14.5, 12 ], "texture": "#spade2_atlas" },
				"north": { "uv": [ 14.75, 12, 14.5, 12.25 ], "texture": "#spade2_atlas" },
				"south": { "uv": [ 14.75, 12, 15, 12.25 ], "texture": "#spade2_atlas" },
				"west": { "uv": [ 15.5, 12, 15.75, 12.25 ], "texture": "#spade2_atlas" },
				"east": { "uv": [ 16, 12, 15.75, 12.25 ], "texture": "#spade2_atlas" }
			}
		},
		{
			"__comment": "Voxels",
			"from": [ 8, 9.666699, 8.3333 ],
			"to": [ 8.333333, 10.00003, 8.666633 ],
			"faces": {
				"down": { "uv": [ 11.75, 11.75, 12, 12 ], "texture": "#spade2_atlas" },
				"up": { "uv": [ 11.75, 11.75, 12, 11.5 ], "texture": "#spade2_atlas" },
				"north": { "uv": [ 12, 10.75, 11.75, 11 ], "texture": "#spade2_atlas" },
				"south": { "uv": [ 11.75, 10.5, 12, 10.75 ], "texture": "#spade2_atlas" },
				"west": { "uv": [ 11.75, 8.75, 12, 9 ], "texture": "#spade2_atlas" },
				"east": { "uv": [ 12, 8.5, 11.75, 8.75 ], "texture": "#spade2_atlas" }
			}
		},
		{
			"__comment": "Voxels",
			"from": [ 8, 15.6667, 8.3333 ],
			"to": [ 8.333333, 16.00003, 8.666633 ],
			"faces": {
				"down": { "uv": [ 12, 11.75, 12.25, 12 ], "texture": "#spade2_atlas" },
				"up": { "uv": [ 12.25, 12, 12.5, 11.75 ], "texture": "#spade2_atlas" },
				"north": { "uv": [ 14, 12.5, 13.75, 12.75 ], "texture": "#spade2_atlas" },
				"south": { "uv": [ 13.75, 12.25, 14, 12.5 ], "texture": "#spade2_atlas" },
				"west": { "uv": [ 14, 12.5, 14.25, 12.75 ], "texture": "#spade2_atlas" },
				"east": { "uv": [ 14.25, 12.25, 14, 12.5 ], "texture": "#spade2_atlas" }
			}
		},
		{
			"__comment": "Voxels",
			"from": [ 8, 17.6667, 7.6667 ],
			"to": [ 8.333333, 18.00003, 8.333366 ],
			"faces": {
				"down": { "uv": [ 11.25, 8.75, 11.5, 9.25 ], "texture": "#spade2_atlas" },
				"up": { "uv": [ 11.25, 8.75, 11.5, 8.25 ], "texture": "#spade2_atlas" },
				"north": { "uv": [ 14.75, 12.5, 14.5, 12.75 ], "texture": "#spade2_atlas" },
				"south": { "uv": [ 14.5, 12.25, 14.75, 12.5 ], "texture": "#spade2_atlas" },
				"west": { "uv": [ 12, 12.75, 12.5, 13 ], "texture": "#spade2_atlas" },
				"east": { "uv": [ 10, 8.25, 9.5, 8.5 ], "texture": "#spade2_atlas" }
			}
		},
		{
			"__comment": "Voxels",
			"from": [ 8.3333, -1, 8 ],
			"to": [ 8.999967, -0.6666666, 8.333333 ],
			"faces": {
				"down": { "uv": [ 12.5, 12.75, 13, 13 ], "texture": "#spade2_atlas" },
				"up": { "uv": [ 13, 13, 13.5, 12.75 ], "texture": "#spade2_atlas" },
				"north": { "uv": [ 14, 12.75, 13.5, 13 ], "texture": "#spade2_atlas" },
				"south": { "uv": [ 14, 12.75, 14.5, 13 ], "texture": "#spade2_atlas" },
				"west": { "uv": [ 15.5, 12.5, 15.75, 12.75 ], "texture": "#spade2_atlas" },
				"east": { "uv": [ 16, 12.5, 15.75, 12.75 ], "texture": "#spade2_atlas" }
			}
		},
		{
			"__comment": "Voxels",
			"from": [ 8.3333, 1.3333, 8 ],
			"to": [ 8.666633, 9.666634, 8.333333 ],
			"faces": {
				"down": { "uv": [ 15.5, 12.25, 15.75, 12.5 ], "texture": "#spade2_atlas" },
				"up": { "uv": [ 15.75, 12.5, 16, 12.25 ], "texture": "#spade2_atlas" },
				"north": { "uv": [ 6.75, 9.75, 6.5, 16 ], "texture": "#spade2_atlas" },
				"south": { "uv": [ 6.75, 9.75, 7, 16 ], "texture": "#spade2_atlas" },
				"west": { "uv": [ 6.25, 9.75, 6.5, 16 ], "texture": "#spade2_atlas" },
				"east": { "uv": [ 6.25, 9.75, 6, 16 ], "texture": "#spade2_atlas" }
			}
		},
		{
			"__comment": "Voxels",
			"from": [ 8.3333, 8.3333, 7.6667 ],
			"to": [ 8.666633, 9.666633, 8.000033 ],
			"faces": {
				"down": { "uv": [ 11.5, 11, 11.75, 11.25 ], "texture": "#spade2_atlas" },
				"up": { "uv": [ 11.5, 11, 11.75, 10.75 ], "texture": "#spade2_atlas" },
				"north": { "uv": [ 6.25, 8.75, 6, 9.75 ], "texture": "#spade2_atlas" },
				"south": { "uv": [ 6.25, 8.75, 6.5, 9.75 ], "texture": "#spade2_atlas" },
				"west": { "uv": [ 6.5, 8.75, 6.75, 9.75 ], "texture": "#spade2_atlas" },
				"east": { "uv": [ 7, 8.75, 6.75, 9.75 ], "texture": "#spade2_atlas" }
			}
		},
		{
			"__comment": "Voxels",
			"from": [ 8.3333, 10.3333, 7.3333 ],
			"to": [ 8.666633, 10.66663, 8.666633 ],
			"faces": {
				"down": { "uv": [ 9.5, 11.75, 9.75, 12.75 ], "texture": "#spade2_atlas" },
				"up": { "uv": [ 9.75, 12.75, 10, 11.75 ], "texture": "#spade2_atlas" },
				"north": { "uv": [ 11.75, 9, 11.5, 9.25 ], "texture": "#spade2_atlas" },
				"south": { "uv": [ 11.5, 8.75, 11.75, 9 ], "texture": "#spade2_atlas" },
				"west": { "uv": [ 11, 14, 12, 14.25 ], "texture": "#spade2_atlas" },
				"east": { "uv": [ 13, 14, 12, 14.25 ], "texture": "#spade2_atlas" }
			}
		},
		{
			"__comment": "Voxels",
			"from": [ 8.3333, 10.6667, 7.6667 ],
			"to": [ 8.999967, 11.33337, 8.333366 ],
			"faces": {
				"down": { "uv": [ 9.5, 10.25, 10, 10.75 ], "texture": "#spade2_atlas" },
				"up": { "uv": [ 1, 10, 1.5, 9.5 ], "texture": "#spade2_atlas" },
				"north": { "uv": [ 1.5, 9, 1, 9.5 ], "texture": "#spade2_atlas" },
				"south": { "uv": [ 1.5, 9.5, 2, 10 ], "texture": "#spade2_atlas" },
				"west": { "uv": [ 1.5, 9, 2, 9.5 ], "texture": "#spade2_atlas" },
				"east": { "uv": [ 2, 8.5, 1.5, 9 ], "texture": "#spade2_atlas" }
			}
		},
		{
			"__comment": "Voxels",
			"from": [ 8.666699, 9.3333, 7.6667 ],
			"to": [ 9.000032, 9.666633, 8.333366 ],
			"faces": {
				"down": { "uv": [ 5.75, 8, 6, 8.5 ], "texture": "#spade2_atlas" },
				"up": { "uv": [ 6, 8.75, 6.25, 8.25 ], "texture": "#spade2_atlas" },
				"north": { "uv": [ 13.75, 12, 13.5, 12.25 ], "texture": "#spade2_atlas" },
				"south": { "uv": [ 13.75, 12, 14, 12.25 ], "texture": "#spade2_atlas" },
				"west": { "uv": [ 9.5, 8, 10, 8.25 ], "texture": "#spade2_atlas" },
				"east": { "uv": [ 15.75, 13.5, 15.25, 13.75 ], "texture": "#spade2_atlas" }
			}
		},
		{
			"__comment": "Voxels",
			"from": [ 8.666699, 10.3333, 7.6667 ],
			"to": [ 9.000032, 10.66663, 8.333366 ],
			"faces": {
				"down": { "uv": [ 6.25, 8.25, 6.5, 8.75 ], "texture": "#spade2_atlas" },
				"up": { "uv": [ 6.5, 8.75, 6.75, 8.25 ], "texture": "#spade2_atlas" },
				"north": { "uv": [ 15.25, 12, 15, 12.25 ], "texture": "#spade2_atlas" },
				"south": { "uv": [ 15.25, 12, 15.5, 12.25 ], "texture": "#spade2_atlas" },
				"west": { "uv": [ 10, 10.75, 10.5, 11 ], "texture": "#spade2_atlas" },
				"east": { "uv": [ 10.5, 10.5, 10, 10.75 ], "texture": "#spade2_atlas" }
			}
		},
		{
			"__comment": "Voxels",
			"from": [ 9.3333, 11.3333, 7.6667 ],
			"to": [ 9.666633, 11.66663, 8.333366 ],
			"faces": {
				"down": { "uv": [ 8, 13.25, 8.25, 13.75 ], "texture": "#spade2_atlas" },
				"up": { "uv": [ 8, 13.25, 8.25, 12.75 ], "texture": "#spade2_atlas" },
				"north": { "uv": [ 12, 11.25, 11.75, 11.5 ], "texture": "#spade2_atlas" },
				"south": { "uv": [ 11.75, 11, 12, 11.25 ], "texture": "#spade2_atlas" },
				"west": { "uv": [ 12, 13, 12.5, 13.25 ], "texture": "#spade2_atlas" },
				"east": { "uv": [ 13, 13, 12.5, 13.25 ], "texture": "#spade2_atlas" }
			}
		},
		{
			"__comment": "Voxels",
			"from": [ 9.666699, 11.3333, 8 ],
			"to": [ 10.00003, 11.66663, 8.333333 ],
			"faces": {
				"down": { "uv": [ 11.75, 10.25, 12, 10.5 ], "texture": "#spade2_atlas" },
				"up": { "uv": [ 11.75, 10.25, 12, 10 ], "texture": "#spade2_atlas" },
				"north": { "uv": [ 12, 9.75, 11.75, 10 ], "texture": "#spade2_atlas" },
				"south": { "uv": [ 11.75, 9.5, 12, 9.75 ], "texture": "#spade2_atlas" },
				"west": { "uv": [ 11.75, 9.25, 12, 9.5 ], "texture": "#spade2_atlas" },
				"east": { "uv": [ 12, 9, 11.75, 9.25 ], "texture": "#spade2_atlas" }
			}
		},
		{
			"__comment": "Voxels",
			"from": [ 10, 13, 7.6667 ],
			"to": [ 10.33333, 13.33333, 8.333366 ],
			"faces": {
				"down": { "uv": [ 8, 10.25, 8.25, 10.75 ], "texture": "#spade2_atlas" },
				"up": { "uv": [ 8, 10.25, 8.25, 9.75 ], "texture": "#spade2_atlas" },
				"north": { "uv": [ 12, 8.25, 11.75, 8.5 ], "texture": "#spade2_atlas" },
				"south": { "uv": [ 11.75, 8, 12, 8.25 ], "texture": "#spade2_atlas" },
				"west": { "uv": [ 13.5, 13, 14, 13.25 ], "texture": "#spade2_atlas" },
				"east": { "uv": [ 14.5, 13, 14, 13.25 ], "texture": "#spade2_atlas" }
			}
		}
	],
	"display": {
		"thirdperson_righthand": {
			"rotation":  [ 10, 90, 0 ],
			"translation":  [ 0, 1, 2 ],
			"scale":  [ 1.5, 1.5, 1.5 ]
		},
		"thirdperson_lefthand": {
			"rotation":  [ 10, 90, 0 ],
			"translation":  [ 0, 1, 2 ],
			"scale":  [ 1.5, 1.5, 1.5 ]
		},
		"firstperson_righthand": {
			"rotation":  [ -80, 90, 0 ],
			"translation":  [ 0, 3.5, 0 ]
		},
		"firstperson_lefthand": {
			"rotation":  [ -80, 90, 0 ],
			"translation":  [ 0, 3.5, 0 ]
		},
		"gui": {
			"rotation":  [ 0, 0, -50 ]
		},
		"ground": {
			"translation":  [ 0, 10, 0 ]
		}
	}
}