{
	"__comment": "Designed by Xiaoxiafeng with Cubik Studio - https://cubik.studio",
	"textures": {
		"texture": "trademodel/e_texture",
		"spade10_atlas": "trademodel/spade10_atlas"
	},
	"elements": [ 	 
		{
			"__comment": "Voxels",
			"from": [ 6.3333, 14.3333, 7.6667 ],
			"to": [ 9.666634, 14.66663, 8.333366 ],
			"faces": {
				"down": { "uv": [ 9, 15.5, 11.5, 16 ], "texture": "#spade10_atlas" },
				"up": { "uv": [ 9, 15.5, 11.5, 15 ], "texture": "#spade10_atlas" },
				"north": { "uv": [ 12.75, 13.25, 10.25, 13.5 ], "texture": "#spade10_atlas" },
				"south": { "uv": [ 10.25, 13, 12.75, 13.25 ], "texture": "#spade10_atlas" },
				"west": { "uv": [ 9, 8.5, 9.5, 8.75 ], "texture": "#spade10_atlas" },
				"east": { "uv": [ 9, 8.5, 8.5, 8.75 ], "texture": "#spade10_atlas" }
			}
		},
		{
			"__comment": "Voxels",
			"from": [ 6.6667, 13.6667, 7.6667 ],
			"to": [ 7.000033, 14.33337, 8.333366 ],
			"faces": {
				"down": { "uv": [ 6.75, 5.75, 7, 6.25 ], "texture": "#spade10_atlas" },
				"up": { "uv": [ 6.75, 6.75, 7, 6.25 ], "texture": "#spade10_atlas" },
				"north": { "uv": [ 7, 6.75, 6.75, 7.25 ], "texture": "#spade10_atlas" },
				"south": { "uv": [ 6.5, 0.5, 6.75, 1 ], "texture": "#spade10_atlas" },
				"west": { "uv": [ 12, 9.25, 12.5, 9.75 ], "texture": "#spade10_atlas" },
				"east": { "uv": [ 13, 9.25, 12.5, 9.75 ], "texture": "#spade10_atlas" }
			}
		},
		{
			"__comment": "Voxels",
			"from": [ 6.6667, 14.6667, 7.6667 ],
			"to": [ 9.333366, 15.00003, 8.333366 ],
			"faces": {
				"down": { "uv": [ 12.5, 14.5, 14.5, 15 ], "texture": "#spade10_atlas" },
				"up": { "uv": [ 12.5, 14.5, 14.5, 14 ], "texture": "#spade10_atlas" },
				"north": { "uv": [ 9.75, 11.25, 7.75, 11.5 ], "texture": "#spade10_atlas" },
				"south": { "uv": [ 5.75, 11.25, 7.75, 11.5 ], "texture": "#spade10_atlas" },
				"west": { "uv": [ 15.25, 8.75, 15.75, 9 ], "texture": "#spade10_atlas" },
				"east": { "uv": [ 15.25, 8.75, 14.75, 9 ], "texture": "#spade10_atlas" }
			}
		},
		{
			"__comment": "Voxels",
			"from": [ 6.6667, 15, 7.6667 ],
			"to": [ 7.000033, 15.33333, 8.333366 ],
			"faces": {
				"down": { "uv": [ 6.75, 8.25, 7, 8.75 ], "texture": "#spade10_atlas" },
				"up": { "uv": [ 6.5, 0.5, 6.75, 0 ], "texture": "#spade10_atlas" },
				"north": { "uv": [ 7, 2, 6.75, 2.25 ], "texture": "#spade10_atlas" },
				"south": { "uv": [ 7, 7.75, 7.25, 8 ], "texture": "#spade10_atlas" },
				"west": { "uv": [ 14.25, 8.75, 14.75, 9 ], "texture": "#spade10_atlas" },
				"east": { "uv": [ 14.25, 8.75, 13.75, 9 ], "texture": "#spade10_atlas" }
			}
		},
		{
			"__comment": "Voxels",
			"from": [ 6.6667, 16, 7.6667 ],
			"to": [ 9.333366, 17, 8.333366 ],
			"faces": {
				"down": { "uv": [ 12.5, 15, 14.5, 15.5 ], "texture": "#spade10_atlas" },
				"up": { "uv": [ 12.5, 16, 14.5, 15.5 ], "texture": "#spade10_atlas" },
				"north": { "uv": [ 7.5, 15.25, 5.5, 16 ], "texture": "#spade10_atlas" },
				"south": { "uv": [ 5.5, 14.5, 7.5, 15.25 ], "texture": "#spade10_atlas" },
				"west": { "uv": [ 8.5, 10.5, 9, 11.25 ], "texture": "#spade10_atlas" },
				"east": { "uv": [ 8.5, 10.5, 8, 11.25 ], "texture": "#spade10_atlas" }
			}
		},
		{
			"__comment": "Voxels",
			"from": [ 6.6667, 17, 7.6667 ],
			"to": [ 7.6667, 17.33333, 8.333366 ],
			"faces": {
				"down": { "uv": [ 7.25, 10.75, 8, 11.25 ], "texture": "#spade10_atlas" },
				"up": { "uv": [ 6.5, 11.25, 7.25, 10.75 ], "texture": "#spade10_atlas" },
				"north": { "uv": [ 7.25, 10.5, 6.5, 10.75 ], "texture": "#spade10_atlas" },
				"south": { "uv": [ 15.25, 11.25, 16, 11.5 ], "texture": "#spade10_atlas" },
				"west": { "uv": [ 12.75, 8.75, 13.25, 9 ], "texture": "#spade10_atlas" },
				"east": { "uv": [ 12.75, 8.75, 12.25, 9 ], "texture": "#spade10_atlas" }
			}
		},
		{
			"__comment": "Voxels",
			"from": [ 7, -3.6667, 7.6667 ],
			"to": [ 7.666667, -2.333366, 8.333366 ],
			"faces": {
				"down": { "uv": [ 13, 9.25, 13.5, 9.75 ], "texture": "#spade10_atlas" },
				"up": { "uv": [ 13.5, 9.75, 14, 9.25 ], "texture": "#spade10_atlas" },
				"north": { "uv": [ 12.75, 12, 12.25, 13 ], "texture": "#spade10_atlas" },
				"south": { "uv": [ 4, 0.25, 4.5, 1.25 ], "texture": "#spade10_atlas" },
				"west": { "uv": [ 11.75, 12, 12.25, 13 ], "texture": "#spade10_atlas" },
				"east": { "uv": [ 11.75, 12, 11.25, 13 ], "texture": "#spade10_atlas" }
			}
		},
		{
			"__comment": "Voxels",
			"from": [ 7, 14, 7.6667 ],
			"to": [ 9.333334, 14.33333, 8.333366 ],
			"faces": {
				"down": { "uv": [ 12.5, 13.5, 14.25, 14 ], "texture": "#spade10_atlas" },
				"up": { "uv": [ 8.5, 13.5, 10.25, 13 ], "texture": "#spade10_atlas" },
				"north": { "uv": [ 13.25, 11.25, 11.5, 11.5 ], "texture": "#spade10_atlas" },
				"south": { "uv": [ 9.75, 11.25, 11.5, 11.5 ], "texture": "#spade10_atlas" },
				"west": { "uv": [ 11.25, 8.75, 11.75, 9 ], "texture": "#spade10_atlas" },
				"east": { "uv": [ 11.25, 8.75, 10.75, 9 ], "texture": "#spade10_atlas" }
			}
		},
		{
			"__comment": "Voxels",
			"from": [ 7, 17.3333, 7.6667 ],
			"to": [ 7.666667, 18.3333, 8.333366 ],
			"faces": {
				"down": { "uv": [ 15.5, 15.5, 16, 16 ], "texture": "#spade10_atlas" },
				"up": { "uv": [ 15.5, 15.5, 16, 15 ], "texture": "#spade10_atlas" },
				"north": { "uv": [ 10.5, 10.5, 10, 11.25 ], "texture": "#spade10_atlas" },
				"south": { "uv": [ 9.5, 10.5, 10, 11.25 ], "texture": "#spade10_atlas" },
				"west": { "uv": [ 9, 10.5, 9.5, 11.25 ], "texture": "#spade10_atlas" },
				"east": { "uv": [ 11.5, 14.25, 11, 15 ], "texture": "#spade10_atlas" }
			}
		},
		{
			"__comment": "Voxels",
			"from": [ 7.3333, -4, 7.3333 ],
			"to": [ 8.666633, -0.6666665, 7.666633 ],
			"faces": {
				"down": { "uv": [ 13.25, 11.25, 14.25, 11.5 ], "texture": "#spade10_atlas" },
				"up": { "uv": [ 14.25, 11.5, 15.25, 11.25 ], "texture": "#spade10_atlas" },
				"north": { "uv": [ 3, 1, 2, 3.5 ], "texture": "#spade10_atlas" },
				"south": { "uv": [ 2, 3.5, 3, 6 ], "texture": "#spade10_atlas" },
				"west": { "uv": [ 4.75, 6.5, 5, 9 ], "texture": "#spade10_atlas" },
				"east": { "uv": [ 5, 4, 4.75, 6.5 ], "texture": "#spade10_atlas" }
			}
		},
		{
			"__comment": "Voxels",
			"from": [ 7.3333, -4, 7.6667 ],
			"to": [ 8.666633, -3.666667, 8.333366 ],
			"faces": {
				"down": { "uv": [ 9, 12.5, 10, 13 ], "texture": "#spade10_atlas" },
				"up": { "uv": [ 14.5, 15.5, 15.5, 15 ], "texture": "#spade10_atlas" },
				"north": { "uv": [ 16, 10.5, 15, 10.75 ], "texture": "#spade10_atlas" },
				"south": { "uv": [ 9.5, 10.25, 10.5, 10.5 ], "texture": "#spade10_atlas" },
				"west": { "uv": [ 10.25, 8.75, 10.75, 9 ], "texture": "#spade10_atlas" },
				"east": { "uv": [ 10.25, 8.75, 9.75, 9 ], "texture": "#spade10_atlas" }
			}
		},
		{
			"__comment": "Voxels",
			"from": [ 7.3333, -4, 8.3333 ],
			"to": [ 8.3333, -0.6666665, 8.666633 ],
			"faces": {
				"down": { "uv": [ 7.5, 9, 8.25, 9.25 ], "texture": "#spade10_atlas" },
				"up": { "uv": [ 6.75, 9.25, 7.5, 9 ], "texture": "#spade10_atlas" },
				"north": { "uv": [ 5.5, 13.5, 4.75, 16 ], "texture": "#spade10_atlas" },
				"south": { "uv": [ 4, 13.5, 4.75, 16 ], "texture": "#spade10_atlas" },
				"west": { "uv": [ 5, 4, 5.25, 6.5 ], "texture": "#spade10_atlas" },
				"east": { "uv": [ 5, 1.5, 4.75, 4 ], "texture": "#spade10_atlas" }
			}
		},
		{
			"__comment": "Voxels",
			"from": [ 7.3333, -3.6667, 7 ],
			"to": [ 8.3333, -3.000033, 7.333333 ],
			"faces": {
				"down": { "uv": [ 15, 9.25, 15.75, 9.5 ], "texture": "#spade10_atlas" },
				"up": { "uv": [ 15, 9.75, 15.75, 9.5 ], "texture": "#spade10_atlas" },
				"north": { "uv": [ 8, 10, 7.25, 10.5 ], "texture": "#spade10_atlas" },
				"south": { "uv": [ 6.5, 10, 7.25, 10.5 ], "texture": "#spade10_atlas" },
				"west": { "uv": [ 6.5, 1, 6.75, 1.5 ], "texture": "#spade10_atlas" },
				"east": { "uv": [ 6.75, 1.5, 6.5, 2 ], "texture": "#spade10_atlas" }
			}
		},
		{
			"__comment": "Voxels",
			"from": [ 7.3333, -3.6667, 8.666699 ],
			"to": [ 8.3333, -3.000033, 9.000032 ],
			"faces": {
				"down": { "uv": [ 12, 10.5, 12.75, 10.75 ], "texture": "#spade10_atlas" },
				"up": { "uv": [ 11.25, 10.75, 12, 10.5 ], "texture": "#spade10_atlas" },
				"north": { "uv": [ 8.25, 13.5, 7.5, 14 ], "texture": "#spade10_atlas" },
				"south": { "uv": [ 8.25, 13.5, 9, 14 ], "texture": "#spade10_atlas" },
				"west": { "uv": [ 6.5, 2, 6.75, 2.5 ], "texture": "#spade10_atlas" },
				"east": { "uv": [ 10.25, 12.5, 10, 13 ], "texture": "#spade10_atlas" }
			}
		},
		{
			"__comment": "Voxels",
			"from": [ 7.3333, -2.3333, 7.6667 ],
			"to": [ 7.666633, 2.6667, 8.333366 ],
			"faces": {
				"down": { "uv": [ 6.5, 3, 6.75, 3.5 ], "texture": "#spade10_atlas" },
				"up": { "uv": [ 6.5, 4, 6.75, 3.5 ], "texture": "#spade10_atlas" },
				"north": { "uv": [ 4.75, 4, 4.5, 7.75 ], "texture": "#spade10_atlas" },
				"south": { "uv": [ 4.5, 7.75, 4.75, 11.5 ], "texture": "#spade10_atlas" },
				"west": { "uv": [ 4, 9.75, 4.5, 13.5 ], "texture": "#spade10_atlas" },
				"east": { "uv": [ 4.5, 6, 4, 9.75 ], "texture": "#spade10_atlas" }
			}
		},
		{
			"__comment": "Voxels",
			"from": [ 7.3333, 3, 7.6667 ],
			"to": [ 8.666633, 9.666667, 8.000033 ],
			"faces": {
				"down": { "uv": [ 9.5, 10, 10.5, 10.25 ], "texture": "#spade10_atlas" },
				"up": { "uv": [ 9.5, 10, 10.5, 9.75 ], "texture": "#spade10_atlas" },
				"north": { "uv": [ 3, 11, 2, 16 ], "texture": "#spade10_atlas" },
				"south": { "uv": [ 2, 6, 3, 11 ], "texture": "#spade10_atlas" },
				"west": { "uv": [ 3.75, 0.5, 4, 5.5 ], "texture": "#spade10_atlas" },
				"east": { "uv": [ 3.75, 0.5, 3.5, 5.5 ], "texture": "#spade10_atlas" }
			}
		},
		{
			"__comment": "Voxels",
			"from": [ 7.3333, 3, 8 ],
			"to": [ 8.666633, 3.333333, 8.333333 ],
			"faces": {
				"down": { "uv": [ 10.5, 10.25, 11.5, 10.5 ], "texture": "#spade10_atlas" },
				"up": { "uv": [ 10.5, 10.25, 11.5, 10 ], "texture": "#spade10_atlas" },
				"north": { "uv": [ 11.5, 9.75, 10.5, 10 ], "texture": "#spade10_atlas" },
				"south": { "uv": [ 11.5, 10.25, 12.5, 10.5 ], "texture": "#spade10_atlas" },
				"west": { "uv": [ 15.75, 9.25, 16, 9.5 ], "texture": "#spade10_atlas" },
				"east": { "uv": [ 16, 9.5, 15.75, 9.75 ], "texture": "#spade10_atlas" }
			}
		},
		{
			"__comment": "Voxels",
			"from": [ 7.3333, 3.3333, 8 ],
			"to": [ 7.999966, 10.66663, 8.333333 ],
			"faces": {
				"down": { "uv": [ 11.25, 9, 11.75, 9.25 ], "texture": "#spade10_atlas" },
				"up": { "uv": [ 10.75, 9.25, 11.25, 9 ], "texture": "#spade10_atlas" },
				"north": { "uv": [ 0.5, 0, 0, 5.5 ], "texture": "#spade10_atlas" },
				"south": { "uv": [ 0.5, 0, 1, 5.5 ], "texture": "#spade10_atlas" },
				"west": { "uv": [ 3, 0, 3.25, 5.5 ], "texture": "#spade10_atlas" },
				"east": { "uv": [ 3.5, 0, 3.25, 5.5 ], "texture": "#spade10_atlas" }
			}
		},
		{
			"__comment": "Voxels",
			"from": [ 7.3333, 9.666699, 7.6667 ],
			"to": [ 7.999966, 10.6667, 8.000033 ],
			"faces": {
				"down": { "uv": [ 10.25, 9, 10.75, 9.25 ], "texture": "#spade10_atlas" },
				"up": { "uv": [ 9.75, 9.25, 10.25, 9 ], "texture": "#spade10_atlas" },
				"north": { "uv": [ 1.5, 0, 1, 0.75 ], "texture": "#spade10_atlas" },
				"south": { "uv": [ 1.5, 0, 2, 0.75 ], "texture": "#spade10_atlas" },
				"west": { "uv": [ 6.5, 4.5, 6.75, 5.25 ], "texture": "#spade10_atlas" },
				"east": { "uv": [ 6.5, 0, 6.25, 0.75 ], "texture": "#spade10_atlas" }
			}
		},
		{
			"__comment": "Voxels",
			"from": [ 7.3333, 10.6667, 7.6667 ],
			"to": [ 7.666633, 14.00003, 8.333366 ],
			"faces": {
				"down": { "uv": [ 3.75, 0, 4, 0.5 ], "texture": "#spade10_atlas" },
				"up": { "uv": [ 3.5, 0.5, 3.75, 0 ], "texture": "#spade10_atlas" },
				"north": { "uv": [ 5, 9, 4.75, 11.5 ], "texture": "#spade10_atlas" },
				"south": { "uv": [ 4.5, 1.5, 4.75, 4 ], "texture": "#spade10_atlas" },
				"west": { "uv": [ 11.5, 13.5, 12, 16 ], "texture": "#spade10_atlas" },
				"east": { "uv": [ 12.5, 13.5, 12, 16 ], "texture": "#spade10_atlas" }
			}
		},
		{
			"__comment": "Voxels",
			"from": [ 7.3333, 14, 7.3333 ],
			"to": [ 8.666633, 14.33333, 7.666633 ],
			"faces": {
				"down": { "uv": [ 11.5, 10, 12.5, 10.25 ], "texture": "#spade10_atlas" },
				"up": { "uv": [ 11.5, 10, 12.5, 9.75 ], "texture": "#spade10_atlas" },
				"north": { "uv": [ 13.5, 10.25, 12.5, 10.5 ], "texture": "#spade10_atlas" },
				"south": { "uv": [ 12.5, 10, 13.5, 10.25 ], "texture": "#spade10_atlas" },
				"west": { "uv": [ 15.25, 9.75, 15.5, 10 ], "texture": "#spade10_atlas" },
				"east": { "uv": [ 16, 9, 15.75, 9.25 ], "texture": "#spade10_atlas" }
			}
		},
		{
			"__comment": "Voxels",
			"from": [ 7.3333, 14, 8.3333 ],
			"to": [ 8.666633, 14.66667, 8.666633 ],
			"faces": {
				"down": { "uv": [ 12.5, 9.75, 13.5, 10 ], "texture": "#spade10_atlas" },
				"up": { "uv": [ 13.5, 10.5, 14.5, 10.25 ], "texture": "#spade10_atlas" },
				"north": { "uv": [ 14.25, 11.5, 13.25, 12 ], "texture": "#spade10_atlas" },
				"south": { "uv": [ 14.75, 13, 15.75, 13.5 ], "texture": "#spade10_atlas" },
				"west": { "uv": [ 6.75, 4.75, 7, 5.25 ], "texture": "#spade10_atlas" },
				"east": { "uv": [ 7, 5.25, 6.75, 5.75 ], "texture": "#spade10_atlas" }
			}
		},
		{
			"__comment": "Voxels",
			"from": [ 7.3333, 15, 7.6667 ],
			"to": [ 8.666633, 16, 8.333366 ],
			"faces": {
				"down": { "uv": [ 14.75, 12.5, 15.75, 13 ], "texture": "#spade10_atlas" },
				"up": { "uv": [ 14.75, 12.5, 15.75, 12 ], "texture": "#spade10_atlas" },
				"north": { "uv": [ 11, 13.5, 10, 14.25 ], "texture": "#spade10_atlas" },
				"south": { "uv": [ 10, 14.25, 11, 15 ], "texture": "#spade10_atlas" },
				"west": { "uv": [ 13.25, 10.5, 13.75, 11.25 ], "texture": "#spade10_atlas" },
				"east": { "uv": [ 14.25, 10.5, 13.75, 11.25 ], "texture": "#spade10_atlas" }
			}
		},
		{
			"__comment": "Voxels",
			"from": [ 7.3333, 16.6667, 7.3333 ],
			"to": [ 8.666633, 18.00003, 7.666633 ],
			"faces": {
				"down": { "uv": [ 14.5, 10, 15.5, 10.25 ], "texture": "#spade10_atlas" },
				"up": { "uv": [ 13.5, 10.25, 14.5, 10 ], "texture": "#spade10_atlas" },
				"north": { "uv": [ 10, 14, 9, 15 ], "texture": "#spade10_atlas" },
				"south": { "uv": [ 6.5, 13.5, 7.5, 14.5 ], "texture": "#spade10_atlas" },
				"west": { "uv": [ 6, 2.5, 6.25, 3.5 ], "texture": "#spade10_atlas" },
				"east": { "uv": [ 6.25, 1.5, 6, 2.5 ], "texture": "#spade10_atlas" }
			}
		},
		{
			"__comment": "Voxels",
			"from": [ 7.3333, 16.6667, 8.3333 ],
			"to": [ 8.666633, 18.00003, 8.666633 ],
			"faces": {
				"down": { "uv": [ 13.5, 9.75, 14.5, 10 ], "texture": "#spade10_atlas" },
				"up": { "uv": [ 14.5, 10.5, 15.5, 10.25 ], "texture": "#spade10_atlas" },
				"north": { "uv": [ 3, 0, 2, 1 ], "texture": "#spade10_atlas" },
				"south": { "uv": [ 5.5, 13.5, 6.5, 14.5 ], "texture": "#spade10_atlas" },
				"west": { "uv": [ 6, 0.5, 6.25, 1.5 ], "texture": "#spade10_atlas" },
				"east": { "uv": [ 6.5, 8.75, 6.25, 9.75 ], "texture": "#spade10_atlas" }
			}
		},
		{
			"__comment": "Voxels",
			"from": [ 7.3333, 18.3333, 7.6667 ],
			"to": [ 8.666633, 18.99997, 8.333366 ],
			"faces": {
				"down": { "uv": [ 13.25, 12, 14.25, 12.5 ], "texture": "#spade10_atlas" },
				"up": { "uv": [ 13.25, 13, 14.25, 12.5 ], "texture": "#spade10_atlas" },
				"north": { "uv": [ 14.25, 13, 13.25, 13.5 ], "texture": "#spade10_atlas" },
				"south": { "uv": [ 11.75, 11.5, 12.75, 12 ], "texture": "#spade10_atlas" },
				"west": { "uv": [ 10.25, 11.5, 10.75, 12 ], "texture": "#spade10_atlas" },
				"east": { "uv": [ 11.25, 11.5, 10.75, 12 ], "texture": "#spade10_atlas" }
			}
		},
		{
			"__comment": "Voxels",
			"from": [ 7.6667, -3, 7 ],
			"to": [ 8.333366, -1.666667, 7.333333 ],
			"faces": {
				"down": { "uv": [ 11, 8.5, 11.5, 8.75 ], "texture": "#spade10_atlas" },
				"up": { "uv": [ 10.5, 8.75, 11, 8.5 ], "texture": "#spade10_atlas" },
				"north": { "uv": [ 10.75, 12, 10.25, 13 ], "texture": "#spade10_atlas" },
				"south": { "uv": [ 10.75, 12, 11.25, 13 ], "texture": "#spade10_atlas" },
				"west": { "uv": [ 6.25, 7.75, 6.5, 8.75 ], "texture": "#spade10_atlas" },
				"east": { "uv": [ 6.5, 6.75, 6.25, 7.75 ], "texture": "#spade10_atlas" }
			}
		},
		{
			"__comment": "Voxels",
			"from": [ 7.6667, -3, 8.666699 ],
			"to": [ 8.333366, -1.666667, 9.000032 ],
			"faces": {
				"down": { "uv": [ 10, 8.5, 10.5, 8.75 ], "texture": "#spade10_atlas" },
				"up": { "uv": [ 9.5, 8.75, 10, 8.5 ], "texture": "#spade10_atlas" },
				"north": { "uv": [ 14.75, 12.5, 14.25, 13.5 ], "texture": "#spade10_atlas" },
				"south": { "uv": [ 14.25, 11.5, 14.75, 12.5 ], "texture": "#spade10_atlas" },
				"west": { "uv": [ 6.25, 5.75, 6.5, 6.75 ], "texture": "#spade10_atlas" },
				"east": { "uv": [ 6.5, 4.75, 6.25, 5.75 ], "texture": "#spade10_atlas" }
			}
		},
		{
			"__comment": "Voxels",
			"from": [ 7.6667, -0.6667, 7.3333 ],
			"to": [ 8.6667, -0.000033319, 7.666633 ],
			"faces": {
				"down": { "uv": [ 9, 9, 9.75, 9.25 ], "texture": "#spade10_atlas" },
				"up": { "uv": [ 8.25, 9.25, 9, 9 ], "texture": "#spade10_atlas" },
				"north": { "uv": [ 15, 10.75, 14.25, 11.25 ], "texture": "#spade10_atlas" },
				"south": { "uv": [ 15, 10.75, 15.75, 11.25 ], "texture": "#spade10_atlas" },
				"west": { "uv": [ 6.5, 4, 6.75, 4.5 ], "texture": "#spade10_atlas" },
				"east": { "uv": [ 6.25, 0, 6, 0.5 ], "texture": "#spade10_atlas" }
			}
		},
		{
			"__comment": "Voxels",
			"from": [ 7.6667, -0.6667, 8.3333 ],
			"to": [ 8.6667, -0.000033319, 8.666633 ],
			"faces": {
				"down": { "uv": [ 8, 9.75, 8.75, 10 ], "texture": "#spade10_atlas" },
				"up": { "uv": [ 7.25, 10, 8, 9.75 ], "texture": "#spade10_atlas" },
				"north": { "uv": [ 12, 10.75, 11.25, 11.25 ], "texture": "#spade10_atlas" },
				"south": { "uv": [ 14.75, 11.5, 15.5, 12 ], "texture": "#spade10_atlas" },
				"west": { "uv": [ 15.75, 12.5, 16, 13 ], "texture": "#spade10_atlas" },
				"east": { "uv": [ 16, 13, 15.75, 13.5 ], "texture": "#spade10_atlas" }
			}
		},
		{
			"__comment": "Voxels",
			"from": [ 7.6667, 0, 7.3333 ],
			"to": [ 8.333366, 14, 7.666633 ],
			"faces": {
				"down": { "uv": [ 12.75, 9, 13.25, 9.25 ], "texture": "#spade10_atlas" },
				"up": { "uv": [ 12.25, 9.25, 12.75, 9 ], "texture": "#spade10_atlas" },
				"north": { "uv": [ 1.5, 5.5, 1, 16 ], "texture": "#spade10_atlas" },
				"south": { "uv": [ 0.5, 5.5, 1, 16 ], "texture": "#spade10_atlas" },
				"west": { "uv": [ 3.25, 5.5, 3.5, 16 ], "texture": "#spade10_atlas" },
				"east": { "uv": [ 3.25, 5.5, 3, 16 ], "texture": "#spade10_atlas" }
			}
		},
		{
			"__comment": "Voxels",
			"from": [ 7.6667, 0, 8.3333 ],
			"to": [ 8.333366, 14, 8.666633 ],
			"faces": {
				"down": { "uv": [ 14.25, 9, 14.75, 9.25 ], "texture": "#spade10_atlas" },
				"up": { "uv": [ 4, 0.25, 4.5, 0 ], "texture": "#spade10_atlas" },
				"north": { "uv": [ 0.5, 5.5, 0, 16 ], "texture": "#spade10_atlas" },
				"south": { "uv": [ 1.5, 5.5, 2, 16 ], "texture": "#spade10_atlas" },
				"west": { "uv": [ 3.5, 5.5, 3.75, 16 ], "texture": "#spade10_atlas" },
				"east": { "uv": [ 4, 5.5, 3.75, 16 ], "texture": "#spade10_atlas" }
			}
		},
		{
			"__comment": "Voxels",
			"from": [ 7.6667, 0.3333, 7.6667 ],
			"to": [ 8.000033, 2.999967, 8.333366 ],
			"faces": {
				"down": { "uv": [ 5.75, 0, 6, 0.5 ], "texture": "#spade10_atlas" },
				"up": { "uv": [ 15.75, 11.25, 16, 10.75 ], "texture": "#spade10_atlas" },
				"north": { "uv": [ 6, 9.25, 5.75, 11.25 ], "texture": "#spade10_atlas" },
				"south": { "uv": [ 5.5, 0.5, 5.75, 2.5 ], "texture": "#spade10_atlas" },
				"west": { "uv": [ 5, 11.5, 5.5, 13.5 ], "texture": "#spade10_atlas" },
				"east": { "uv": [ 7.5, 11.5, 7, 13.5 ], "texture": "#spade10_atlas" }
			}
		},
		{
			"__comment": "Voxels",
			"from": [ 7.6667, 11.3333, 7.6667 ],
			"to": [ 8.6667, 13.99997, 8.333366 ],
			"faces": {
				"down": { "uv": [ 12, 10.75, 12.75, 11.25 ], "texture": "#spade10_atlas" },
				"up": { "uv": [ 10.5, 11.25, 11.25, 10.75 ], "texture": "#spade10_atlas" },
				"north": { "uv": [ 9, 14, 8.25, 16 ], "texture": "#spade10_atlas" },
				"south": { "uv": [ 7.5, 14, 8.25, 16 ], "texture": "#spade10_atlas" },
				"west": { "uv": [ 5.5, 11.5, 6, 13.5 ], "texture": "#spade10_atlas" },
				"east": { "uv": [ 5, 11.5, 4.5, 13.5 ], "texture": "#spade10_atlas" }
			}
		},
		{
			"__comment": "Voxels",
			"from": [ 7.6667, 14.3333, 7.3333 ],
			"to": [ 8.6667, 14.66663, 7.666633 ],
			"faces": {
				"down": { "uv": [ 6.5, 9.75, 7.25, 10 ], "texture": "#spade10_atlas" },
				"up": { "uv": [ 14.25, 10.75, 15, 10.5 ], "texture": "#spade10_atlas" },
				"north": { "uv": [ 8, 10.5, 7.25, 10.75 ], "texture": "#spade10_atlas" },
				"south": { "uv": [ 14.5, 9.75, 15.25, 10 ], "texture": "#spade10_atlas" },
				"west": { "uv": [ 6.75, 0.25, 7, 0.5 ], "texture": "#spade10_atlas" },
				"east": { "uv": [ 7, 0, 6.75, 0.25 ], "texture": "#spade10_atlas" }
			}
		},
		{
			"__comment": "Voxels",
			"from": [ 7.6667, 14.6667, 7.3333 ],
			"to": [ 8.333366, 16.6667, 7.666633 ],
			"faces": {
				"down": { "uv": [ 14.5, 8.5, 15, 8.75 ], "texture": "#spade10_atlas" },
				"up": { "uv": [ 15, 8.75, 15.5, 8.5 ], "texture": "#spade10_atlas" },
				"north": { "uv": [ 9, 11.5, 8.5, 13 ], "texture": "#spade10_atlas" },
				"south": { "uv": [ 15.5, 13.5, 16, 15 ], "texture": "#spade10_atlas" },
				"west": { "uv": [ 4.75, 0, 5, 1.5 ], "texture": "#spade10_atlas" },
				"east": { "uv": [ 4.75, 0, 4.5, 1.5 ], "texture": "#spade10_atlas" }
			}
		},
		{
			"__comment": "Voxels",
			"from": [ 7.6667, 14.6667, 8.3333 ],
			"to": [ 8.333366, 16.6667, 8.666633 ],
			"faces": {
				"down": { "uv": [ 8, 11.5, 8.5, 11.75 ], "texture": "#spade10_atlas" },
				"up": { "uv": [ 15.5, 10.5, 16, 10.25 ], "texture": "#spade10_atlas" },
				"north": { "uv": [ 15, 13.5, 14.5, 15 ], "texture": "#spade10_atlas" },
				"south": { "uv": [ 15, 13.5, 15.5, 15 ], "texture": "#spade10_atlas" },
				"west": { "uv": [ 5.75, 4.25, 6, 5.75 ], "texture": "#spade10_atlas" },
				"east": { "uv": [ 5.25, 0, 5, 1.5 ], "texture": "#spade10_atlas" }
			}
		},
		{
			"__comment": "Voxels",
			"from": [ 7.6667, 17.6667, 7.6667 ],
			"to": [ 9.000033, 18.33337, 8.333366 ],
			"faces": {
				"down": { "uv": [ 9, 11.5, 10, 12 ], "texture": "#spade10_atlas" },
				"up": { "uv": [ 9, 12.5, 10, 12 ], "texture": "#spade10_atlas" },
				"north": { "uv": [ 15.5, 15.5, 14.5, 16 ], "texture": "#spade10_atlas" },
				"south": { "uv": [ 9, 13.5, 10, 14 ], "texture": "#spade10_atlas" },
				"west": { "uv": [ 11.25, 11.5, 11.75, 12 ], "texture": "#spade10_atlas" },
				"east": { "uv": [ 16, 11.5, 15.5, 12 ], "texture": "#spade10_atlas" }
			}
		},
		{
			"__comment": "Voxels",
			"from": [ 7.6667, 18, 7.3333 ],
			"to": [ 8.333366, 18.66667, 7.666633 ],
			"faces": {
				"down": { "uv": [ 13.25, 9, 13.75, 9.25 ], "texture": "#spade10_atlas" },
				"up": { "uv": [ 13.75, 9.25, 14.25, 9 ], "texture": "#spade10_atlas" },
				"north": { "uv": [ 16, 9.75, 15.5, 10.25 ], "texture": "#spade10_atlas" },
				"south": { "uv": [ 6.5, 9.25, 7, 9.75 ], "texture": "#spade10_atlas" },
				"west": { "uv": [ 10, 12, 10.25, 12.5 ], "texture": "#spade10_atlas" },
				"east": { "uv": [ 10.25, 11.5, 10, 12 ], "texture": "#spade10_atlas" }
			}
		},
		{
			"__comment": "Voxels",
			"from": [ 7.6667, 18, 8.3333 ],
			"to": [ 8.333366, 18.66667, 8.666633 ],
			"faces": {
				"down": { "uv": [ 14.75, 9, 15.25, 9.25 ], "texture": "#spade10_atlas" },
				"up": { "uv": [ 15.25, 9.25, 15.75, 9 ], "texture": "#spade10_atlas" },
				"north": { "uv": [ 7.5, 9.25, 7, 9.75 ], "texture": "#spade10_atlas" },
				"south": { "uv": [ 7.5, 9.25, 8, 9.75 ], "texture": "#spade10_atlas" },
				"west": { "uv": [ 15.75, 12, 16, 12.5 ], "texture": "#spade10_atlas" },
				"east": { "uv": [ 5.75, 0, 5.5, 0.5 ], "texture": "#spade10_atlas" }
			}
		},
		{
			"__comment": "Voxels",
			"from": [ 7.6667, 19, 7.6667 ],
			"to": [ 8.333366, 19.66667, 8.333366 ],
			"faces": {
				"down": { "uv": [ 8, 9.25, 8.5, 9.75 ], "texture": "#spade10_atlas" },
				"up": { "uv": [ 8.5, 9.75, 9, 9.25 ], "texture": "#spade10_atlas" },
				"north": { "uv": [ 9.5, 9.25, 9, 9.75 ], "texture": "#spade10_atlas" },
				"south": { "uv": [ 9.5, 9.25, 10, 9.75 ], "texture": "#spade10_atlas" },
				"west": { "uv": [ 10, 9.25, 10.5, 9.75 ], "texture": "#spade10_atlas" },
				"east": { "uv": [ 11, 9.25, 10.5, 9.75 ], "texture": "#spade10_atlas" }
			}
		},
		{
			"__comment": "Voxels",
			"from": [ 8, 0.3333, 8 ],
			"to": [ 8.666667, 2.999967, 8.333333 ],
			"faces": {
				"down": { "uv": [ 6.75, 8.75, 7.25, 9 ], "texture": "#spade10_atlas" },
				"up": { "uv": [ 7.25, 9, 7.75, 8.75 ], "texture": "#spade10_atlas" },
				"north": { "uv": [ 6.5, 11.5, 6, 13.5 ], "texture": "#spade10_atlas" },
				"south": { "uv": [ 6.5, 11.5, 7, 13.5 ], "texture": "#spade10_atlas" },
				"west": { "uv": [ 13, 11.5, 13.25, 13.5 ], "texture": "#spade10_atlas" },
				"east": { "uv": [ 13, 11.5, 12.75, 13.5 ], "texture": "#spade10_atlas" }
			}
		},
		{
			"__comment": "Voxels",
			"from": [ 8, 0.6667, 7.6667 ],
			"to": [ 8.666667, 3.000033, 8.000033 ],
			"faces": {
				"down": { "uv": [ 7.75, 8.75, 8.25, 9 ], "texture": "#spade10_atlas" },
				"up": { "uv": [ 8.25, 9, 8.75, 8.75 ], "texture": "#spade10_atlas" },
				"north": { "uv": [ 8, 11.75, 7.5, 13.5 ], "texture": "#spade10_atlas" },
				"south": { "uv": [ 8, 11.75, 8.5, 13.5 ], "texture": "#spade10_atlas" },
				"west": { "uv": [ 5.75, 5.75, 6, 7.5 ], "texture": "#spade10_atlas" },
				"east": { "uv": [ 6, 7.5, 5.75, 9.25 ], "texture": "#spade10_atlas" }
			}
		},
		{
			"__comment": "Voxels",
			"from": [ 8, 3.6667, 8 ],
			"to": [ 8.666667, 10.00003, 8.333333 ],
			"faces": {
				"down": { "uv": [ 8.75, 8.75, 9.25, 9 ], "texture": "#spade10_atlas" },
				"up": { "uv": [ 9.25, 9, 9.75, 8.75 ], "texture": "#spade10_atlas" },
				"north": { "uv": [ 2, 0.75, 1.5, 5.5 ], "texture": "#spade10_atlas" },
				"south": { "uv": [ 1, 0.75, 1.5, 5.5 ], "texture": "#spade10_atlas" },
				"west": { "uv": [ 4.25, 1.25, 4.5, 6 ], "texture": "#spade10_atlas" },
				"east": { "uv": [ 4.25, 1.25, 4, 6 ], "texture": "#spade10_atlas" }
			}
		},
		{
			"__comment": "Voxels",
			"from": [ 8.3333, -3.6667, 7.6667 ],
			"to": [ 8.999967, -2.6667, 8.333366 ],
			"faces": {
				"down": { "uv": [ 11, 9.25, 11.5, 9.75 ], "texture": "#spade10_atlas" },
				"up": { "uv": [ 11.5, 9.75, 12, 9.25 ], "texture": "#spade10_atlas" },
				"north": { "uv": [ 11.5, 13.5, 11, 14.25 ], "texture": "#spade10_atlas" },
				"south": { "uv": [ 6, 10.5, 6.5, 11.25 ], "texture": "#spade10_atlas" },
				"west": { "uv": [ 12.75, 10.5, 13.25, 11.25 ], "texture": "#spade10_atlas" },
				"east": { "uv": [ 6.5, 9.75, 6, 10.5 ], "texture": "#spade10_atlas" }
			}
		},
		{
			"__comment": "Voxels",
			"from": [ 8.3333, -3.6667, 8.3333 ],
			"to": [ 8.666633, -0.6666999, 8.666633 ],
			"faces": {
				"down": { "uv": [ 7, 6.75, 7.25, 7 ], "texture": "#spade10_atlas" },
				"up": { "uv": [ 15.75, 9, 16, 8.75 ], "texture": "#spade10_atlas" },
				"north": { "uv": [ 5.5, 0, 5.25, 2.25 ], "texture": "#spade10_atlas" },
				"south": { "uv": [ 5.25, 2.25, 5.5, 4.5 ], "texture": "#spade10_atlas" },
				"west": { "uv": [ 5.25, 4.5, 5.5, 6.75 ], "texture": "#spade10_atlas" },
				"east": { "uv": [ 5.5, 6.75, 5.25, 9 ], "texture": "#spade10_atlas" }
			}
		},
		{
			"__comment": "Voxels",
			"from": [ 8.3333, -2.6667, 7.6667 ],
			"to": [ 8.666633, 0.6666336, 8.000033 ],
			"faces": {
				"down": { "uv": [ 6.75, 3.5, 7, 3.75 ], "texture": "#spade10_atlas" },
				"up": { "uv": [ 7.25, 8, 7.5, 7.75 ], "texture": "#spade10_atlas" },
				"north": { "uv": [ 5.25, 9, 5, 11.5 ], "texture": "#spade10_atlas" },
				"south": { "uv": [ 5, 6.5, 5.25, 9 ], "texture": "#spade10_atlas" },
				"west": { "uv": [ 5, 1.5, 5.25, 4 ], "texture": "#spade10_atlas" },
				"east": { "uv": [ 5.5, 9, 5.25, 11.5 ], "texture": "#spade10_atlas" }
			}
		},
		{
			"__comment": "Voxels",
			"from": [ 8.3333, -2.6667, 8 ],
			"to": [ 8.666633, 0.3333001, 8.333333 ],
			"faces": {
				"down": { "uv": [ 6.75, 2.25, 7, 2.5 ], "texture": "#spade10_atlas" },
				"up": { "uv": [ 6.75, 2.75, 7, 2.5 ], "texture": "#spade10_atlas" },
				"north": { "uv": [ 5.75, 9.25, 5.5, 11.5 ], "texture": "#spade10_atlas" },
				"south": { "uv": [ 5.5, 2.5, 5.75, 4.75 ], "texture": "#spade10_atlas" },
				"west": { "uv": [ 5.5, 4.75, 5.75, 7 ], "texture": "#spade10_atlas" },
				"east": { "uv": [ 5.75, 7, 5.5, 9.25 ], "texture": "#spade10_atlas" }
			}
		},
		{
			"__comment": "Voxels",
			"from": [ 8.3333, 3.3333, 7.3333 ],
			"to": [ 8.666633, 3.666633, 7.666633 ],
			"faces": {
				"down": { "uv": [ 6.75, 2.75, 7, 3 ], "texture": "#spade10_atlas" },
				"up": { "uv": [ 6.75, 1.25, 7, 1 ], "texture": "#spade10_atlas" },
				"north": { "uv": [ 7.25, 7.5, 7, 7.75 ], "texture": "#spade10_atlas" },
				"south": { "uv": [ 7.25, 7.5, 7.5, 7.75 ], "texture": "#spade10_atlas" },
				"west": { "uv": [ 7.25, 6.75, 7.5, 7 ], "texture": "#spade10_atlas" },
				"east": { "uv": [ 7.25, 5.75, 7, 6 ], "texture": "#spade10_atlas" }
			}
		},
		{
			"__comment": "Voxels",
			"from": [ 8.3333, 3.3333, 8 ],
			"to": [ 8.666633, 3.666633, 8.666667 ],
			"faces": {
				"down": { "uv": [ 6.75, 7.75, 7, 8.25 ], "texture": "#spade10_atlas" },
				"up": { "uv": [ 6.75, 7.75, 7, 7.25 ], "texture": "#spade10_atlas" },
				"north": { "uv": [ 7.25, 7.25, 7, 7.5 ], "texture": "#spade10_atlas" },
				"south": { "uv": [ 7.25, 7, 7.5, 7.25 ], "texture": "#spade10_atlas" },
				"west": { "uv": [ 7.5, 8.5, 8, 8.75 ], "texture": "#spade10_atlas" },
				"east": { "uv": [ 8.5, 8.5, 8, 8.75 ], "texture": "#spade10_atlas" }
			}
		},
		{
			"__comment": "Voxels",
			"from": [ 8.3333, 3.6667, 8.3333 ],
			"to": [ 8.666633, 4.000033, 8.666633 ],
			"faces": {
				"down": { "uv": [ 7.25, 5.75, 7.5, 6 ], "texture": "#spade10_atlas" },
				"up": { "uv": [ 7, 5.25, 7.25, 5 ], "texture": "#spade10_atlas" },
				"north": { "uv": [ 7.5, 5, 7.25, 5.25 ], "texture": "#spade10_atlas" },
				"south": { "uv": [ 7, 4.5, 7.25, 4.75 ], "texture": "#spade10_atlas" },
				"west": { "uv": [ 7.25, 4.5, 7.5, 4.75 ], "texture": "#spade10_atlas" },
				"east": { "uv": [ 7, 1.75, 6.75, 2 ], "texture": "#spade10_atlas" }
			}
		},
		{
			"__comment": "Voxels",
			"from": [ 8.3333, 9.3333, 7.3333 ],
			"to": [ 8.666633, 10.99997, 7.666633 ],
			"faces": {
				"down": { "uv": [ 6.75, 1.5, 7, 1.75 ], "texture": "#spade10_atlas" },
				"up": { "uv": [ 6.75, 1.5, 7, 1.25 ], "texture": "#spade10_atlas" },
				"north": { "uv": [ 6.25, 4.75, 6, 6 ], "texture": "#spade10_atlas" },
				"south": { "uv": [ 6, 3.5, 6.25, 4.75 ], "texture": "#spade10_atlas" },
				"west": { "uv": [ 5.75, 1.75, 6, 3 ], "texture": "#spade10_atlas" },
				"east": { "uv": [ 6, 3, 5.75, 4.25 ], "texture": "#spade10_atlas" }
			}
		},
		{
			"__comment": "Voxels",
			"from": [ 8.3333, 9.666699, 7.6667 ],
			"to": [ 8.666633, 11.33337, 8.000033 ],
			"faces": {
				"down": { "uv": [ 7.25, 7.25, 7.5, 7.5 ], "texture": "#spade10_atlas" },
				"up": { "uv": [ 7, 7.25, 7.25, 7 ], "texture": "#spade10_atlas" },
				"north": { "uv": [ 6, 0.5, 5.75, 1.75 ], "texture": "#spade10_atlas" },
				"south": { "uv": [ 6, 8.5, 6.25, 9.75 ], "texture": "#spade10_atlas" },
				"west": { "uv": [ 6, 7.25, 6.25, 8.5 ], "texture": "#spade10_atlas" },
				"east": { "uv": [ 6.25, 6, 6, 7.25 ], "texture": "#spade10_atlas" }
			}
		},
		{
			"__comment": "Voxels",
			"from": [ 8.3333, 9.666699, 8.3333 ],
			"to": [ 8.666633, 11.00003, 8.666633 ],
			"faces": {
				"down": { "uv": [ 7, 5.25, 7.25, 5.5 ], "texture": "#spade10_atlas" },
				"up": { "uv": [ 7.25, 5.5, 7.5, 5.25 ], "texture": "#spade10_atlas" },
				"north": { "uv": [ 6.5, 3.75, 6.25, 4.75 ], "texture": "#spade10_atlas" },
				"south": { "uv": [ 6.25, 2.75, 6.5, 3.75 ], "texture": "#spade10_atlas" },
				"west": { "uv": [ 6.25, 1.75, 6.5, 2.75 ], "texture": "#spade10_atlas" },
				"east": { "uv": [ 6.5, 0.75, 6.25, 1.75 ], "texture": "#spade10_atlas" }
			}
		},
		{
			"__comment": "Voxels",
			"from": [ 8.3333, 10, 8 ],
			"to": [ 8.666633, 11.33333, 8.333333 ],
			"faces": {
				"down": { "uv": [ 6.75, 3.25, 7, 3.5 ], "texture": "#spade10_atlas" },
				"up": { "uv": [ 6.75, 3.25, 7, 3 ], "texture": "#spade10_atlas" },
				"north": { "uv": [ 6.75, 8.25, 6.5, 9.25 ], "texture": "#spade10_atlas" },
				"south": { "uv": [ 6.5, 7.25, 6.75, 8.25 ], "texture": "#spade10_atlas" },
				"west": { "uv": [ 6.5, 6.25, 6.75, 7.25 ], "texture": "#spade10_atlas" },
				"east": { "uv": [ 6.75, 5.25, 6.5, 6.25 ], "texture": "#spade10_atlas" }
			}
		},
		{
			"__comment": "Voxels",
			"from": [ 8.3333, 16.3333, 7.3333 ],
			"to": [ 8.999967, 16.66663, 7.666633 ],
			"faces": {
				"down": { "uv": [ 11.5, 8.5, 12, 8.75 ], "texture": "#spade10_atlas" },
				"up": { "uv": [ 12, 8.75, 12.5, 8.5 ], "texture": "#spade10_atlas" },
				"north": { "uv": [ 13, 8.5, 12.5, 8.75 ], "texture": "#spade10_atlas" },
				"south": { "uv": [ 13, 8.5, 13.5, 8.75 ], "texture": "#spade10_atlas" },
				"west": { "uv": [ 6.75, 0.75, 7, 1 ], "texture": "#spade10_atlas" },
				"east": { "uv": [ 7, 0.5, 6.75, 0.75 ], "texture": "#spade10_atlas" }
			}
		},
		{
			"__comment": "Voxels",
			"from": [ 8.3333, 17, 7.6667 ],
			"to": [ 9.3333, 17.33333, 8.333366 ],
			"faces": {
				"down": { "uv": [ 8, 10, 8.75, 10.5 ], "texture": "#spade10_atlas" },
				"up": { "uv": [ 8.75, 10.5, 9.5, 10 ], "texture": "#spade10_atlas" },
				"north": { "uv": [ 9.5, 9.75, 8.75, 10 ], "texture": "#spade10_atlas" },
				"south": { "uv": [ 10.5, 10.5, 11.25, 10.75 ], "texture": "#spade10_atlas" },
				"west": { "uv": [ 13.5, 8.5, 14, 8.75 ], "texture": "#spade10_atlas" },
				"east": { "uv": [ 14.5, 8.5, 14, 8.75 ], "texture": "#spade10_atlas" }
			}
		},
		{
			"__comment": "Voxels",
			"from": [ 8.3333, 17.3333, 7.6667 ],
			"to": [ 8.999967, 17.66663, 8.333366 ],
			"faces": {
				"down": { "uv": [ 14, 9.25, 14.5, 9.75 ], "texture": "#spade10_atlas" },
				"up": { "uv": [ 14.5, 9.75, 15, 9.25 ], "texture": "#spade10_atlas" },
				"north": { "uv": [ 16, 8.5, 15.5, 8.75 ], "texture": "#spade10_atlas" },
				"south": { "uv": [ 7, 8.25, 7.5, 8.5 ], "texture": "#spade10_atlas" },
				"west": { "uv": [ 7, 8.5, 7.5, 8.75 ], "texture": "#spade10_atlas" },
				"east": { "uv": [ 7.5, 8, 7, 8.25 ], "texture": "#spade10_atlas" }
			}
		},
		{
			"__comment": "Voxels",
			"from": [ 8.666699, 16.3333, 8.3333 ],
			"to": [ 9.000032, 16.66663, 8.666633 ],
			"faces": {
				"down": { "uv": [ 7, 6.5, 7.25, 6.75 ], "texture": "#spade10_atlas" },
				"up": { "uv": [ 7.25, 6.75, 7.5, 6.5 ], "texture": "#spade10_atlas" },
				"north": { "uv": [ 7.25, 6.25, 7, 6.5 ], "texture": "#spade10_atlas" },
				"south": { "uv": [ 7.25, 6.25, 7.5, 6.5 ], "texture": "#spade10_atlas" },
				"west": { "uv": [ 7, 6, 7.25, 6.25 ], "texture": "#spade10_atlas" },
				"east": { "uv": [ 7.5, 6, 7.25, 6.25 ], "texture": "#spade10_atlas" }
			}
		},
		{
			"__comment": "Voxels",
			"from": [ 9, 13.6667, 7.6667 ],
			"to": [ 9.333333, 14.00003, 8.333366 ],
			"faces": {
				"down": { "uv": [ 6.75, 4.25, 7, 4.75 ], "texture": "#spade10_atlas" },
				"up": { "uv": [ 6.75, 4.25, 7, 3.75 ], "texture": "#spade10_atlas" },
				"north": { "uv": [ 7.25, 5.5, 7, 5.75 ], "texture": "#spade10_atlas" },
				"south": { "uv": [ 7.25, 5.5, 7.5, 5.75 ], "texture": "#spade10_atlas" },
				"west": { "uv": [ 7.5, 11.5, 8, 11.75 ], "texture": "#spade10_atlas" },
				"east": { "uv": [ 12.25, 9, 11.75, 9.25 ], "texture": "#spade10_atlas" }
			}
		},
		{
			"__comment": "Voxels",
			"from": [ 9, 15, 7.6667 ],
			"to": [ 9.333333, 15.33333, 8.333366 ],
			"faces": {
				"down": { "uv": [ 14.25, 13.5, 14.5, 14 ], "texture": "#spade10_atlas" },
				"up": { "uv": [ 6.5, 3, 6.75, 2.5 ], "texture": "#spade10_atlas" },
				"north": { "uv": [ 7.25, 4.75, 7, 5 ], "texture": "#spade10_atlas" },
				"south": { "uv": [ 7.25, 4.75, 7.5, 5 ], "texture": "#spade10_atlas" },
				"west": { "uv": [ 11.75, 8.75, 12.25, 9 ], "texture": "#spade10_atlas" },
				"east": { "uv": [ 13.75, 8.75, 13.25, 9 ], "texture": "#spade10_atlas" }
			}
		}
	],
	"display": {
		"thirdperson_righthand": {
			"rotation":  [ 10, 90, 0 ],
			"translation":  [ 0, 2, 2 ]
		},
		"thirdperson_lefthand": {
			"rotation":  [ 10, 90, 0 ],
			"translation":  [ 0, 2, 2 ]
		},
		"firstperson_righthand": {
			"rotation":  [ -80, 90, 0 ],
			"translation":  [ 0, 3.5, 0 ]
		},
		"firstperson_lefthand": {
			"rotation":  [ -80, -90, 0 ],
			"translation":  [ 0, 3.5, 0 ]
		},
		"gui": {
			"rotation":  [ 0, 0, -50 ],
			"scale":  [ 0.8, 0.8, 0.8 ]
		},
		"ground": {
			"translation":  [ 0, 10, 0 ]
		}
	}
}