{
	"__comment": "Designed by Master氵楚兒 with Cubik Studio - https://cubik.studio",
	"textures": {
		"particle": "trademodel/e_particle",
		"texture": "trademodel/e_texture",
		"stave-11": "trademodel/stave-11"
	},
	"elements": [ 	 
		{
			"__comment": "Voxels",
			"from": [ 6.3333, 19.6667, 7.6667 ],
			"to": [ 9.666634, 20.33337, 8.333366 ],
			"faces": {
				"down": { "uv": [ 2.75, 15, 4, 15.25 ], "texture": "#stave-11", "cullface": "up" },
				"up": { "uv": [ 2.75, 16, 4, 15.75 ], "texture": "#stave-11", "cullface": "up" },
				"north": { "uv": [ 4, 15.5, 2.75, 15.75 ], "texture": "#stave-11", "cullface": "up" },
				"south": { "uv": [ 2.75, 15.25, 4, 15.5 ], "texture": "#stave-11", "cullface": "up" },
				"west": { "uv": [ 7.75, 10, 8, 10.25 ], "texture": "#stave-11", "cullface": "up" },
				"east": { "uv": [ 4, 13.625, 3.75, 13.875 ], "texture": "#stave-11", "cullface": "up" }
			}
		},
		{
			"__comment": "Voxels",
			"from": [ 6.6667, 19.3333, 7.3333 ],
			"to": [ 9.333366, 20.66663, 7.666633 ],
			"faces": {
				"down": { "uv": [ 4.75, 15.875, 5.75, 16 ], "texture": "#stave-11", "cullface": "up" },
				"up": { "uv": [ 4.75, 15.875, 5.75, 15.75 ], "texture": "#stave-11", "cullface": "up" },
				"north": { "uv": [ 2.75, 15.5, 1.75, 16 ], "texture": "#stave-11", "cullface": "up" },
				"south": { "uv": [ 1.75, 15, 2.75, 15.5 ], "texture": "#stave-11", "cullface": "up" },
				"west": { "uv": [ 6.125, 9.375, 6.25, 9.875 ], "texture": "#stave-11", "cullface": "up" },
				"east": { "uv": [ 6.375, 9.375, 6.25, 9.875 ], "texture": "#stave-11", "cullface": "up" }
			}
		},
		{
			"__comment": "Voxels",
			"from": [ 6.6667, 19.3333, 7.6667 ],
			"to": [ 9.333366, 19.66663, 8.6667 ],
			"faces": {
				"down": { "uv": [ 1.75, 14.625, 2.75, 15 ], "texture": "#stave-11", "cullface": "up" },
				"up": { "uv": [ 1.75, 14.625, 2.75, 14.25 ], "texture": "#stave-11", "cullface": "up" },
				"south": { "uv": [ 4.75, 15.5, 5.75, 15.625 ], "texture": "#stave-11", "cullface": "up" },
				"west": { "uv": [ 7.5, 8.5, 7.875, 8.625 ], "texture": "#stave-11", "cullface": "up" },
				"east": { "uv": [ 7.875, 8.375, 7.5, 8.5 ], "texture": "#stave-11", "cullface": "up" }
			}
		},
		{
			"__comment": "Voxels",
			"from": [ 6.6667, 19.6667, 8.3333 ],
			"to": [ 9.333366, 20.6667, 8.666633 ],
			"faces": {
				"up": { "uv": [ 4.75, 15.375, 5.75, 15.25 ], "texture": "#stave-11", "cullface": "up" },
				"north": { "uv": [ 2.75, 9.75, 1.75, 10.125 ], "texture": "#stave-11", "cullface": "up" },
				"south": { "uv": [ 1.75, 10.125, 2.75, 10.5 ], "texture": "#stave-11", "cullface": "up" },
				"west": { "uv": [ 7.875, 8.75, 8, 9.125 ], "texture": "#stave-11", "cullface": "up" },
				"east": { "uv": [ 7.625, 8, 7.5, 8.375 ], "texture": "#stave-11", "cullface": "up" }
			}
		},
		{
			"__comment": "Voxels",
			"from": [ 6.6667, 20.3333, 7.6667 ],
			"to": [ 9.333366, 21.3333, 8.333366 ],
			"faces": {
				"up": { "uv": [ 2.75, 13.625, 3.75, 13.375 ], "texture": "#stave-11", "cullface": "up" },
				"north": { "uv": [ 2.75, 13.875, 1.75, 14.25 ], "texture": "#stave-11", "cullface": "up" },
				"south": { "uv": [ 1.75, 13.5, 2.75, 13.875 ], "texture": "#stave-11", "cullface": "up" },
				"west": { "uv": [ 5.5, 10.875, 5.75, 11.25 ], "texture": "#stave-11", "cullface": "up" },
				"east": { "uv": [ 5.625, 10.375, 5.375, 10.75 ], "texture": "#stave-11", "cullface": "up" }
			}
		},
		{
			"__comment": "Voxels",
			"from": [ 7, 17, 7.6667 ],
			"to": [ 9, 17.33333, 8.333366 ],
			"faces": {
				"down": { "uv": [ 2.75, 10.875, 3.5, 11.125 ], "texture": "#stave-11", "cullface": "up" },
				"up": { "uv": [ 2.75, 10.875, 3.5, 10.625 ], "texture": "#stave-11", "cullface": "up" },
				"north": { "uv": [ 4, 11.375, 3.25, 11.5 ], "texture": "#stave-11", "cullface": "up" },
				"south": { "uv": [ 4.75, 9.75, 5.5, 9.875 ], "texture": "#stave-11", "cullface": "up" },
				"west": { "uv": [ 10.875, 15.875, 11.125, 16 ], "texture": "#stave-11", "cullface": "up" },
				"east": { "uv": [ 9.625, 15.875, 9.375, 16 ], "texture": "#stave-11", "cullface": "up" }
			}
		},
		{
			"__comment": "Voxels",
			"from": [ 7, 18.6667, 7.6667 ],
			"to": [ 9, 19.33337, 8.333366 ],
			"faces": {
				"down": { "uv": [ 2.75, 9.75, 3.5, 10 ], "texture": "#stave-11", "cullface": "up" },
				"north": { "uv": [ 3.5, 9.25, 2.75, 9.5 ], "texture": "#stave-11", "cullface": "up" },
				"south": { "uv": [ 2.75, 9, 3.5, 9.25 ], "texture": "#stave-11", "cullface": "up" },
				"west": { "uv": [ 4.5, 9.125, 4.75, 9.375 ], "texture": "#stave-11", "cullface": "up" },
				"east": { "uv": [ 4.75, 8.875, 4.5, 9.125 ], "texture": "#stave-11", "cullface": "up" }
			}
		},
		{
			"__comment": "Voxels",
			"from": [ 7, 19, 7 ],
			"to": [ 9, 21, 7.333333 ],
			"faces": {
				"down": { "uv": [ 5, 9.625, 5.75, 9.75 ], "texture": "#stave-11", "cullface": "up" },
				"up": { "uv": [ 5, 9.625, 5.75, 9.5 ], "texture": "#stave-11", "cullface": "up" },
				"north": { "uv": [ 1.75, 15.25, 1, 16 ], "texture": "#stave-11", "cullface": "up" },
				"south": { "uv": [ 1, 14.5, 1.75, 15.25 ], "texture": "#stave-11", "cullface": "up" },
				"west": { "uv": [ 4.75, 8.625, 4.875, 9.375 ], "texture": "#stave-11", "cullface": "up" },
				"east": { "uv": [ 5, 8.625, 4.875, 9.375 ], "texture": "#stave-11", "cullface": "up" }
			}
		},
		{
			"__comment": "Voxels",
			"from": [ 7, 19, 7.3333 ],
			"to": [ 9, 19.33333, 7.666633 ],
			"faces": {
				"down": { "uv": [ 5, 9.375, 5.75, 9.5 ], "texture": "#stave-11", "cullface": "up" },
				"west": { "uv": [ 8.625, 9.5, 8.75, 9.625 ], "texture": "#stave-11", "cullface": "up" },
				"east": { "uv": [ 8.625, 9.5, 8.5, 9.625 ], "texture": "#stave-11", "cullface": "up" }
			}
		},
		{
			"__comment": "Voxels",
			"from": [ 7, 19, 8.3333 ],
			"to": [ 9, 19.33333, 8.999967 ],
			"faces": {
				"down": { "uv": [ 2.75, 11.75, 3.5, 12 ], "texture": "#stave-11", "cullface": "up" },
				"up": { "uv": [ 2.75, 10.625, 3.5, 10.375 ], "texture": "#stave-11", "cullface": "up" },
				"south": { "uv": [ 5.75, 14, 6.5, 14.125 ], "texture": "#stave-11", "cullface": "up" },
				"west": { "uv": [ 4, 8, 4.25, 8.125 ], "texture": "#stave-11", "cullface": "up" },
				"east": { "uv": [ 8.75, 12, 8.5, 12.125 ], "texture": "#stave-11", "cullface": "up" }
			}
		},
		{
			"__comment": "Voxels",
			"from": [ 7, 19.3333, 8.666699 ],
			"to": [ 9, 20.99997, 9.000032 ],
			"faces": {
				"up": { "uv": [ 5.75, 15.875, 6.5, 15.75 ], "texture": "#stave-11", "cullface": "up" },
				"north": { "uv": [ 1.75, 13.25, 1, 13.875 ], "texture": "#stave-11", "cullface": "up" },
				"south": { "uv": [ 1, 13.875, 1.75, 14.5 ], "texture": "#stave-11", "cullface": "up" },
				"west": { "uv": [ 6.25, 10, 6.375, 10.625 ], "texture": "#stave-11", "cullface": "up" },
				"east": { "uv": [ 6.5, 10, 6.375, 10.625 ], "texture": "#stave-11", "cullface": "up" }
			}
		},
		{
			"__comment": "Voxels",
			"from": [ 7, 20, 6.6667 ],
			"to": [ 9, 20.66667, 7.000033 ],
			"faces": {
				"down": { "uv": [ 5.75, 15.625, 6.5, 15.75 ], "texture": "#stave-11", "cullface": "up" },
				"up": { "uv": [ 5.75, 15.625, 6.5, 15.5 ], "texture": "#stave-11", "cullface": "up" },
				"north": { "uv": [ 3.5, 12.25, 2.75, 12.5 ], "texture": "#stave-11", "cullface": "up" },
				"west": { "uv": [ 8.625, 12.375, 8.75, 12.625 ], "texture": "#stave-11", "cullface": "up" },
				"east": { "uv": [ 8.625, 12.375, 8.5, 12.625 ], "texture": "#stave-11", "cullface": "up" }
			}
		},
		{
			"__comment": "Voxels",
			"from": [ 7, 20, 9 ],
			"to": [ 9, 20.66667, 9.333333 ],
			"faces": {
				"down": { "uv": [ 5.75, 15, 6.5, 15.125 ], "texture": "#stave-11", "cullface": "up" },
				"up": { "uv": [ 5.75, 15, 6.5, 14.875 ], "texture": "#stave-11", "cullface": "up" },
				"south": { "uv": [ 2.75, 11.125, 3.5, 11.375 ], "texture": "#stave-11", "cullface": "up" },
				"west": { "uv": [ 8.625, 12.625, 8.75, 12.875 ], "texture": "#stave-11", "cullface": "up" },
				"east": { "uv": [ 8.625, 12.625, 8.5, 12.875 ], "texture": "#stave-11", "cullface": "up" }
			}
		},
		{
			"__comment": "Voxels",
			"from": [ 7, 20.6667, 7.3333 ],
			"to": [ 9, 21.33337, 7.666633 ],
			"faces": {
				"up": { "uv": [ 5.75, 14.75, 6.5, 14.625 ], "texture": "#stave-11", "cullface": "up" },
				"north": { "uv": [ 4.75, 15.5, 4, 15.75 ], "texture": "#stave-11", "cullface": "up" },
				"west": { "uv": [ 8.625, 13.125, 8.75, 13.375 ], "texture": "#stave-11", "cullface": "up" },
				"east": { "uv": [ 8.625, 13.125, 8.5, 13.375 ], "texture": "#stave-11", "cullface": "up" }
			}
		},
		{
			"__comment": "Voxels",
			"from": [ 7, 20.6667, 8.3333 ],
			"to": [ 9, 21.33337, 8.666633 ],
			"faces": {
				"up": { "uv": [ 5.75, 14.5, 6.5, 14.375 ], "texture": "#stave-11", "cullface": "up" },
				"south": { "uv": [ 3.25, 8.75, 4, 9 ], "texture": "#stave-11", "cullface": "up" },
				"west": { "uv": [ 8.625, 13.375, 8.75, 13.625 ], "texture": "#stave-11", "cullface": "up" },
				"east": { "uv": [ 8.625, 13.375, 8.5, 13.625 ], "texture": "#stave-11", "cullface": "up" }
			}
		},
		{
			"__comment": "Voxels",
			"from": [ 7, 21.3333, 7.6667 ],
			"to": [ 9, 21.66663, 8.333366 ],
			"faces": {
				"up": { "uv": [ 3.25, 8.25, 4, 8 ], "texture": "#stave-11", "cullface": "up" },
				"north": { "uv": [ 6.5, 14.25, 5.75, 14.375 ], "texture": "#stave-11", "cullface": "up" },
				"south": { "uv": [ 5.75, 14.125, 6.5, 14.25 ], "texture": "#stave-11", "cullface": "up" },
				"west": { "uv": [ 8.5, 14.125, 8.75, 14.25 ], "texture": "#stave-11", "cullface": "up" },
				"east": { "uv": [ 8.75, 14.25, 8.5, 14.375 ], "texture": "#stave-11", "cullface": "up" }
			}
		},
		{
			"__comment": "Voxels",
			"from": [ 7.3333, -11.3333, 7 ],
			"to": [ 8.666633, -10.66663, 7.333333 ],
			"faces": {
				"down": { "uv": [ 7.5, 11, 8, 11.125 ], "texture": "#stave-11", "cullface": "down" },
				"up": { "uv": [ 7.5, 12, 8, 11.875 ], "texture": "#stave-11", "cullface": "down" },
				"north": { "uv": [ 5.75, 11.75, 5.25, 12 ], "texture": "#stave-11", "cullface": "down" },
				"south": { "uv": [ 5.25, 11.5, 5.75, 11.75 ], "texture": "#stave-11", "cullface": "down" },
				"west": { "uv": [ 8.375, 8, 8.5, 8.25 ], "texture": "#stave-11", "cullface": "down" },
				"east": { "uv": [ 8.5, 8.25, 8.375, 8.5 ], "texture": "#stave-11", "cullface": "down" }
			}
		},
		{
			"__comment": "Voxels",
			"from": [ 7.3333, -11.3333, 8.666699 ],
			"to": [ 8.666633, -10.66663, 9.000032 ],
			"faces": {
				"down": { "uv": [ 7.5, 12, 8, 12.125 ], "texture": "#stave-11", "cullface": "down" },
				"up": { "uv": [ 7.5, 12.75, 8, 12.625 ], "texture": "#stave-11", "cullface": "down" },
				"north": { "uv": [ 4, 13.875, 3.5, 14.125 ], "texture": "#stave-11", "cullface": "down" },
				"south": { "uv": [ 3.5, 12.25, 4, 12.5 ], "texture": "#stave-11", "cullface": "down" },
				"west": { "uv": [ 8.375, 8.5, 8.5, 8.75 ], "texture": "#stave-11", "cullface": "down" },
				"east": { "uv": [ 8.5, 8.75, 8.375, 9 ], "texture": "#stave-11", "cullface": "down" }
			}
		},
		{
			"__comment": "Voxels",
			"from": [ 7.3333, -10.6667, 7.6667 ],
			"to": [ 8.666633, -9.333366, 8.333366 ],
			"faces": {
				"down": { "uv": [ 3.5, 12, 4, 12.25 ], "texture": "#stave-11", "cullface": "down" },
				"up": { "uv": [ 3.5, 12, 4, 11.75 ], "texture": "#stave-11", "cullface": "down" },
				"north": { "uv": [ 2.75, 8.625, 2.25, 9.125 ], "texture": "#stave-11", "cullface": "down" },
				"south": { "uv": [ 1.75, 8, 2.25, 8.5 ], "texture": "#stave-11", "cullface": "down" },
				"west": { "uv": [ 4.5, 11, 4.75, 11.5 ], "texture": "#stave-11", "cullface": "down" },
				"east": { "uv": [ 4.75, 10.5, 4.5, 11 ], "texture": "#stave-11", "cullface": "down" }
			}
		},
		{
			"__comment": "Voxels",
			"from": [ 7.3333, -5.3333, 7.6667 ],
			"to": [ 8.666633, -4.666633, 8.333366 ],
			"faces": {
				"down": { "uv": [ 5.25, 13, 5.75, 13.25 ], "texture": "#stave-11", "cullface": "down" },
				"up": { "uv": [ 3.5, 11.375, 4, 11.125 ], "texture": "#stave-11", "cullface": "down" },
				"north": { "uv": [ 4, 10.875, 3.5, 11.125 ], "texture": "#stave-11", "cullface": "down" },
				"south": { "uv": [ 3.5, 10.625, 4, 10.875 ], "texture": "#stave-11", "cullface": "down" },
				"west": { "uv": [ 7.625, 13.25, 7.875, 13.5 ], "texture": "#stave-11", "cullface": "down" },
				"east": { "uv": [ 8, 13.5, 7.75, 13.75 ], "texture": "#stave-11", "cullface": "down" }
			}
		},
		{
			"__comment": "Voxels",
			"from": [ 7.3333, -4, 7.6667 ],
			"to": [ 8.666633, -3.333333, 8.333366 ],
			"faces": {
				"down": { "uv": [ 3.5, 10.375, 4, 10.625 ], "texture": "#stave-11", "cullface": "down" },
				"up": { "uv": [ 3.5, 10, 4, 9.75 ], "texture": "#stave-11", "cullface": "down" },
				"north": { "uv": [ 4, 9.5, 3.5, 9.75 ], "texture": "#stave-11", "cullface": "down" },
				"south": { "uv": [ 3.5, 9.25, 4, 9.5 ], "texture": "#stave-11", "cullface": "down" },
				"west": { "uv": [ 7.5, 13.5, 7.75, 13.75 ], "texture": "#stave-11", "cullface": "down" },
				"east": { "uv": [ 8, 13.75, 7.75, 14 ], "texture": "#stave-11", "cullface": "down" }
			}
		},
		{
			"__comment": "Voxels",
			"from": [ 7.3333, 16.3333, 7.6667 ],
			"to": [ 8.666633, 16.99997, 8.333366 ],
			"faces": {
				"down": { "uv": [ 4.25, 10.125, 4.75, 10.375 ], "texture": "#stave-11", "cullface": "up" },
				"north": { "uv": [ 4.5, 9.625, 4, 9.875 ], "texture": "#stave-11", "cullface": "up" },
				"south": { "uv": [ 4, 9.375, 4.5, 9.625 ], "texture": "#stave-11", "cullface": "up" },
				"west": { "uv": [ 7.5, 13.75, 7.75, 14 ], "texture": "#stave-11", "cullface": "up" },
				"east": { "uv": [ 7.25, 10, 7, 10.25 ], "texture": "#stave-11", "cullface": "up" }
			}
		},
		{
			"__comment": "Voxels",
			"from": [ 7.3333, 17, 7.3333 ],
			"to": [ 8.666633, 17.33333, 7.666633 ],
			"faces": {
				"down": { "uv": [ 7, 10.25, 7.5, 10.375 ], "texture": "#stave-11", "cullface": "up" },
				"up": { "uv": [ 7, 10.5, 7.5, 10.375 ], "texture": "#stave-11", "cullface": "up" },
				"north": { "uv": [ 7.5, 10.5, 7, 10.625 ], "texture": "#stave-11", "cullface": "up" },
				"west": { "uv": [ 8.625, 8.5, 8.75, 8.625 ], "texture": "#stave-11", "cullface": "up" },
				"east": { "uv": [ 8.625, 8.5, 8.5, 8.625 ], "texture": "#stave-11", "cullface": "up" }
			}
		},
		{
			"__comment": "Voxels",
			"from": [ 7.3333, 17, 8.3333 ],
			"to": [ 8.666633, 17.33333, 8.666633 ],
			"faces": {
				"down": { "uv": [ 7, 11.125, 7.5, 11.25 ], "texture": "#stave-11", "cullface": "up" },
				"up": { "uv": [ 7, 11.375, 7.5, 11.25 ], "texture": "#stave-11", "cullface": "up" },
				"south": { "uv": [ 7, 11.5, 7.5, 11.625 ], "texture": "#stave-11", "cullface": "up" },
				"west": { "uv": [ 8.5, 8.75, 8.625, 8.875 ], "texture": "#stave-11", "cullface": "up" },
				"east": { "uv": [ 8.75, 8.875, 8.625, 9 ], "texture": "#stave-11", "cullface": "up" }
			}
		},
		{
			"__comment": "Voxels",
			"from": [ 7.3333, 17.3333, 7.6667 ],
			"to": [ 8.666633, 18.66663, 8.333366 ],
			"faces": {
				"north": { "uv": [ 2.75, 8, 2.25, 8.5 ], "texture": "#stave-11", "cullface": "up" },
				"south": { "uv": [ 3.5, 14.5, 4, 15 ], "texture": "#stave-11", "cullface": "up" },
				"west": { "uv": [ 4.5, 8.125, 4.75, 8.625 ], "texture": "#stave-11", "cullface": "up" },
				"east": { "uv": [ 5, 14, 4.75, 14.5 ], "texture": "#stave-11", "cullface": "up" }
			}
		},
		{
			"__comment": "Voxels",
			"from": [ 7.3333, 18.6667, 7 ],
			"to": [ 8.666633, 19.00003, 7.666667 ],
			"faces": {
				"down": { "uv": [ 5.25, 14.5, 5.75, 14.75 ], "texture": "#stave-11", "cullface": "up" },
				"up": { "uv": [ 5, 14.5, 5.5, 14.25 ], "texture": "#stave-11", "cullface": "up" },
				"north": { "uv": [ 7.5, 13.5, 7, 13.625 ], "texture": "#stave-11", "cullface": "up" },
				"west": { "uv": [ 15.5, 15.25, 15.75, 15.375 ], "texture": "#stave-11", "cullface": "up" },
				"east": { "uv": [ 15.5, 15.25, 15.25, 15.375 ], "texture": "#stave-11", "cullface": "up" }
			}
		},
		{
			"__comment": "Voxels",
			"from": [ 7.3333, 18.6667, 8.3333 ],
			"to": [ 8.666633, 19.00003, 8.999967 ],
			"faces": {
				"down": { "uv": [ 5.25, 13.5, 5.75, 13.75 ], "texture": "#stave-11", "cullface": "up" },
				"south": { "uv": [ 7, 15, 7.5, 15.125 ], "texture": "#stave-11", "cullface": "up" },
				"west": { "uv": [ 15, 15.25, 15.25, 15.375 ], "texture": "#stave-11", "cullface": "up" },
				"east": { "uv": [ 15, 15.25, 14.75, 15.375 ], "texture": "#stave-11", "cullface": "up" }
			}
		},
		{
			"__comment": "Voxels",
			"from": [ 7.3333, 19, 6.6667 ],
			"to": [ 8.666633, 20, 7.000033 ],
			"faces": {
				"down": { "uv": [ 7, 15.125, 7.5, 15.25 ], "texture": "#stave-11", "cullface": "up" },
				"north": { "uv": [ 4.5, 15.125, 4, 15.5 ], "texture": "#stave-11", "cullface": "up" },
				"west": { "uv": [ 7.625, 8, 7.75, 8.375 ], "texture": "#stave-11", "cullface": "up" },
				"east": { "uv": [ 7.875, 8, 7.75, 8.375 ], "texture": "#stave-11", "cullface": "up" }
			}
		},
		{
			"__comment": "Voxels",
			"from": [ 7.3333, 19, 9 ],
			"to": [ 8.666633, 20, 9.333333 ],
			"faces": {
				"down": { "uv": [ 6.5, 9.625, 7, 9.75 ], "texture": "#stave-11", "cullface": "up" },
				"north": { "uv": [ 4.5, 14.75, 4, 15.125 ], "texture": "#stave-11", "cullface": "up" },
				"south": { "uv": [ 4, 14.375, 4.5, 14.75 ], "texture": "#stave-11", "cullface": "up" },
				"west": { "uv": [ 7.875, 8, 8, 8.375 ], "texture": "#stave-11", "cullface": "up" },
				"east": { "uv": [ 8.125, 15.625, 8, 16 ], "texture": "#stave-11", "cullface": "up" }
			}
		},
		{
			"__comment": "Voxels",
			"from": [ 7.3333, 19.3333, 6.3333 ],
			"to": [ 8.666633, 21.3333, 6.666633 ],
			"faces": {
				"down": { "uv": [ 6.5, 10.125, 7, 10.25 ], "texture": "#stave-11", "cullface": "up" },
				"up": { "uv": [ 6.5, 10.625, 7, 10.5 ], "texture": "#stave-11", "cullface": "up" },
				"north": { "uv": [ 1.5, 12.5, 1, 13.25 ], "texture": "#stave-11", "cullface": "up" },
				"south": { "uv": [ 1, 11.75, 1.5, 12.5 ], "texture": "#stave-11", "cullface": "up" },
				"west": { "uv": [ 5.875, 13.25, 6, 14 ], "texture": "#stave-11", "cullface": "up" },
				"east": { "uv": [ 6.125, 13.25, 6, 14 ], "texture": "#stave-11", "cullface": "up" }
			}
		},
		{
			"__comment": "Voxels",
			"from": [ 7.3333, 19.3333, 9.3333 ],
			"to": [ 8.666633, 21.3333, 9.666633 ],
			"faces": {
				"down": { "uv": [ 6.5, 10.625, 7, 10.75 ], "texture": "#stave-11", "cullface": "up" },
				"up": { "uv": [ 6.5, 10.875, 7, 10.75 ], "texture": "#stave-11", "cullface": "up" },
				"north": { "uv": [ 1.5, 9.5, 1, 10.25 ], "texture": "#stave-11", "cullface": "up" },
				"south": { "uv": [ 1, 8.75, 1.5, 9.5 ], "texture": "#stave-11", "cullface": "up" },
				"west": { "uv": [ 6.125, 13.25, 6.25, 14 ], "texture": "#stave-11", "cullface": "up" },
				"east": { "uv": [ 6.375, 13.25, 6.25, 14 ], "texture": "#stave-11", "cullface": "up" }
			}
		},
		{
			"__comment": "Voxels",
			"from": [ 7.3333, 20, 6 ],
			"to": [ 8.666633, 22, 6.333333 ],
			"faces": {
				"down": { "uv": [ 6.5, 10.875, 7, 11 ], "texture": "#stave-11", "cullface": "up" },
				"up": { "uv": [ 6.5, 11.625, 7, 11.5 ], "texture": "#stave-11", "cullface": "up" },
				"north": { "uv": [ 1.5, 11, 1, 11.75 ], "texture": "#stave-11", "cullface": "up" },
				"south": { "uv": [ 1, 10.25, 1.5, 11 ], "texture": "#stave-11", "cullface": "up" },
				"west": { "uv": [ 6.375, 13.25, 6.5, 14 ], "texture": "#stave-11", "cullface": "up" },
				"east": { "uv": [ 5.875, 12.5, 5.75, 13.25 ], "texture": "#stave-11", "cullface": "up" }
			}
		},
		{
			"__comment": "Voxels",
			"from": [ 7.3333, 20, 9.666699 ],
			"to": [ 8.666633, 22, 10.00003 ],
			"faces": {
				"down": { "uv": [ 6.5, 11.625, 7, 11.75 ], "texture": "#stave-11", "cullface": "up" },
				"up": { "uv": [ 6.5, 12.625, 7, 12.5 ], "texture": "#stave-11", "cullface": "up" },
				"north": { "uv": [ 2.5, 12.75, 2, 13.5 ], "texture": "#stave-11", "cullface": "up" },
				"south": { "uv": [ 1, 8, 1.5, 8.75 ], "texture": "#stave-11", "cullface": "up" },
				"west": { "uv": [ 5.875, 12.5, 6, 13.25 ], "texture": "#stave-11", "cullface": "up" },
				"east": { "uv": [ 6.125, 12.5, 6, 13.25 ], "texture": "#stave-11", "cullface": "up" }
			}
		},
		{
			"__comment": "Voxels",
			"from": [ 7.3333, 20.3333, 5.6667 ],
			"to": [ 8.666633, 21.99997, 6.000033 ],
			"faces": {
				"down": { "uv": [ 6.5, 12.625, 7, 12.75 ], "texture": "#stave-11", "cullface": "up" },
				"up": { "uv": [ 6.5, 12.875, 7, 12.75 ], "texture": "#stave-11", "cullface": "up" },
				"north": { "uv": [ 2.75, 9.125, 2.25, 9.75 ], "texture": "#stave-11", "cullface": "up" },
				"west": { "uv": [ 4.875, 8, 5, 8.625 ], "texture": "#stave-11", "cullface": "up" },
				"east": { "uv": [ 6.25, 10, 6.125, 10.625 ], "texture": "#stave-11", "cullface": "up" }
			}
		},
		{
			"__comment": "Voxels",
			"from": [ 7.3333, 20.3333, 10 ],
			"to": [ 8.666633, 21.99997, 10.33333 ],
			"faces": {
				"down": { "uv": [ 6.5, 12.875, 7, 13 ], "texture": "#stave-11", "cullface": "up" },
				"up": { "uv": [ 6.5, 13.625, 7, 13.5 ], "texture": "#stave-11", "cullface": "up" },
				"south": { "uv": [ 1.75, 9.125, 2.25, 9.75 ], "texture": "#stave-11", "cullface": "up" },
				"west": { "uv": [ 5.875, 10, 6, 10.625 ], "texture": "#stave-11", "cullface": "up" },
				"east": { "uv": [ 6.125, 10, 6, 10.625 ], "texture": "#stave-11", "cullface": "up" }
			}
		},
		{
			"__comment": "Voxels",
			"from": [ 7.3333, 20.6667, 6.6667 ],
			"to": [ 8.666633, 21.00003, 7.000033 ],
			"faces": {
				"up": { "uv": [ 6.5, 14.625, 7, 14.5 ], "texture": "#stave-11", "cullface": "up" },
				"west": { "uv": [ 8.5, 10, 8.625, 10.125 ], "texture": "#stave-11", "cullface": "up" },
				"east": { "uv": [ 8.75, 10.125, 8.625, 10.25 ], "texture": "#stave-11", "cullface": "up" }
			}
		},
		{
			"__comment": "Voxels",
			"from": [ 7.3333, 20.6667, 9 ],
			"to": [ 8.666633, 21.00003, 9.333333 ],
			"faces": {
				"up": { "uv": [ 6, 8.125, 6.5, 8 ], "texture": "#stave-11", "cullface": "up" },
				"west": { "uv": [ 8.5, 10.375, 8.625, 10.5 ], "texture": "#stave-11", "cullface": "up" },
				"east": { "uv": [ 8.75, 10.5, 8.625, 10.625 ], "texture": "#stave-11", "cullface": "up" }
			}
		},
		{
			"__comment": "Voxels",
			"from": [ 7.3333, 21, 7 ],
			"to": [ 8.666633, 21.33333, 7.333333 ],
			"faces": {
				"up": { "uv": [ 7.5, 16, 8, 15.875 ], "texture": "#stave-11", "cullface": "up" },
				"north": { "uv": [ 7, 13.25, 6.5, 13.375 ], "texture": "#stave-11", "cullface": "up" },
				"west": { "uv": [ 9.625, 15.125, 9.75, 15.25 ], "texture": "#stave-11", "cullface": "up" },
				"east": { "uv": [ 9.625, 15.125, 9.5, 15.25 ], "texture": "#stave-11", "cullface": "up" }
			}
		},
		{
			"__comment": "Voxels",
			"from": [ 7.3333, 21, 8.666699 ],
			"to": [ 8.666633, 21.33333, 9.000032 ],
			"faces": {
				"up": { "uv": [ 7.5, 15.375, 8, 15.25 ], "texture": "#stave-11", "cullface": "up" },
				"south": { "uv": [ 7.5, 15.375, 8, 15.5 ], "texture": "#stave-11", "cullface": "up" },
				"west": { "uv": [ 9.375, 15.125, 9.5, 15.25 ], "texture": "#stave-11", "cullface": "up" },
				"east": { "uv": [ 9.375, 15.125, 9.25, 15.25 ], "texture": "#stave-11", "cullface": "up" }
			}
		},
		{
			"__comment": "Voxels",
			"from": [ 7.3333, 21.3333, 5 ],
			"to": [ 8.666633, 21.66663, 5.666667 ],
			"faces": {
				"down": { "uv": [ 4.75, 15, 5.25, 15.25 ], "texture": "#stave-11", "cullface": "up" },
				"up": { "uv": [ 4, 8.875, 4.5, 8.625 ], "texture": "#stave-11", "cullface": "up" },
				"north": { "uv": [ 7, 8.5, 6.5, 8.625 ], "texture": "#stave-11", "cullface": "up" },
				"west": { "uv": [ 9.5, 15.25, 9.75, 15.375 ], "texture": "#stave-11", "cullface": "up" },
				"east": { "uv": [ 9.5, 15.25, 9.25, 15.375 ], "texture": "#stave-11", "cullface": "up" }
			}
		},
		{
			"__comment": "Voxels",
			"from": [ 7.3333, 21.3333, 7.3333 ],
			"to": [ 8.666633, 21.66663, 7.666633 ],
			"faces": {
				"up": { "uv": [ 7, 13, 7.5, 12.875 ], "texture": "#stave-11", "cullface": "up" },
				"north": { "uv": [ 7.5, 12.75, 7, 12.875 ], "texture": "#stave-11", "cullface": "up" },
				"west": { "uv": [ 8.5, 8.125, 8.625, 8.25 ], "texture": "#stave-11", "cullface": "up" },
				"east": { "uv": [ 8.75, 8.25, 8.625, 8.375 ], "texture": "#stave-11", "cullface": "up" }
			}
		},
		{
			"__comment": "Voxels",
			"from": [ 7.3333, 21.3333, 8.3333 ],
			"to": [ 8.666633, 21.66663, 8.666633 ],
			"faces": {
				"up": { "uv": [ 7, 9.5, 7.5, 9.375 ], "texture": "#stave-11", "cullface": "up" },
				"south": { "uv": [ 7, 8.875, 7.5, 9 ], "texture": "#stave-11", "cullface": "up" },
				"west": { "uv": [ 8.5, 9.125, 8.625, 9.25 ], "texture": "#stave-11", "cullface": "up" },
				"east": { "uv": [ 8.75, 9.25, 8.625, 9.375 ], "texture": "#stave-11", "cullface": "up" }
			}
		},
		{
			"__comment": "Voxels",
			"from": [ 7.3333, 21.3333, 10.3333 ],
			"to": [ 8.666633, 21.66663, 10.99997 ],
			"faces": {
				"down": { "uv": [ 2.75, 8, 3.25, 8.25 ], "texture": "#stave-11", "cullface": "up" },
				"up": { "uv": [ 3.5, 9.25, 4, 9 ], "texture": "#stave-11", "cullface": "up" },
				"south": { "uv": [ 7.5, 15.5, 8, 15.625 ], "texture": "#stave-11", "cullface": "up" },
				"west": { "uv": [ 10.25, 15.375, 10.5, 15.5 ], "texture": "#stave-11", "cullface": "up" },
				"east": { "uv": [ 10.25, 15.375, 10, 15.5 ], "texture": "#stave-11", "cullface": "up" }
			}
		},
		{
			"__comment": "Voxels",
			"from": [ 7.3333, 22, 5.3333 ],
			"to": [ 8.666633, 22.33333, 5.666633 ],
			"faces": {
				"down": { "uv": [ 7.5, 14.625, 8, 14.75 ], "texture": "#stave-11", "cullface": "up" },
				"up": { "uv": [ 7.5, 14.625, 8, 14.5 ], "texture": "#stave-11", "cullface": "up" },
				"north": { "uv": [ 8, 10.875, 7.5, 11 ], "texture": "#stave-11", "cullface": "up" },
				"south": { "uv": [ 7.5, 10.75, 8, 10.875 ], "texture": "#stave-11", "cullface": "up" },
				"west": { "uv": [ 8.625, 9, 8.75, 9.125 ], "texture": "#stave-11", "cullface": "up" },
				"east": { "uv": [ 8.625, 9.25, 8.5, 9.375 ], "texture": "#stave-11", "cullface": "up" }
			}
		},
		{
			"__comment": "Voxels",
			"from": [ 7.3333, 22, 10.3333 ],
			"to": [ 8.666633, 22.33333, 10.66663 ],
			"faces": {
				"down": { "uv": [ 7.5, 9.875, 8, 10 ], "texture": "#stave-11", "cullface": "up" },
				"up": { "uv": [ 2, 12.125, 2.5, 12 ], "texture": "#stave-11", "cullface": "up" },
				"north": { "uv": [ 2.75, 8.5, 2.25, 8.625 ], "texture": "#stave-11", "cullface": "up" },
				"south": { "uv": [ 5.75, 9.125, 6.25, 9.25 ], "texture": "#stave-11", "cullface": "up" },
				"west": { "uv": [ 8.625, 9.875, 8.75, 10 ], "texture": "#stave-11", "cullface": "up" },
				"east": { "uv": [ 8.625, 9.875, 8.5, 10 ], "texture": "#stave-11", "cullface": "up" }
			}
		},
		{
			"__comment": "Voxels",
			"from": [ 7.3333, 23.6667, 7 ],
			"to": [ 8.666633, 24.6667, 7.333333 ],
			"faces": {
				"down": { "uv": [ 5.75, 9, 6.25, 9.125 ], "texture": "#stave-11", "cullface": "up" },
				"up": { "uv": [ 5.75, 9, 6.25, 8.875 ], "texture": "#stave-11", "cullface": "up" },
				"north": { "uv": [ 4.5, 14, 4, 14.375 ], "texture": "#stave-11", "cullface": "up" },
				"south": { "uv": [ 2.75, 8.625, 3.25, 9 ], "texture": "#stave-11", "cullface": "up" },
				"west": { "uv": [ 8, 14.5, 8.125, 14.875 ], "texture": "#stave-11", "cullface": "up" },
				"east": { "uv": [ 8.125, 14.125, 8, 14.5 ], "texture": "#stave-11", "cullface": "up" }
			}
		},
		{
			"__comment": "Voxels",
			"from": [ 7.3333, 23.6667, 8.666699 ],
			"to": [ 8.666633, 24.6667, 9.000032 ],
			"faces": {
				"down": { "uv": [ 6, 8.5, 6.5, 8.625 ], "texture": "#stave-11", "cullface": "up" },
				"up": { "uv": [ 6, 8.5, 6.5, 8.375 ], "texture": "#stave-11", "cullface": "up" },
				"north": { "uv": [ 3.25, 8.25, 2.75, 8.625 ], "texture": "#stave-11", "cullface": "up" },
				"south": { "uv": [ 3.25, 10, 3.75, 10.375 ], "texture": "#stave-11", "cullface": "up" },
				"west": { "uv": [ 8, 13, 8.125, 13.375 ], "texture": "#stave-11", "cullface": "up" },
				"east": { "uv": [ 8.125, 12.625, 8, 13 ], "texture": "#stave-11", "cullface": "up" }
			}
		},
		{
			"__comment": "Voxels",
			"from": [ 7.3333, 24, 6.3333 ],
			"to": [ 8.666633, 24.33333, 6.999966 ],
			"faces": {
				"down": { "uv": [ 4, 9.125, 4.5, 9.375 ], "texture": "#stave-11", "cullface": "up" },
				"up": { "uv": [ 5.25, 13, 5.75, 12.75 ], "texture": "#stave-11", "cullface": "up" },
				"north": { "uv": [ 7, 15.5, 6.5, 15.625 ], "texture": "#stave-11", "cullface": "up" },
				"west": { "uv": [ 12.625, 15.5, 12.875, 15.625 ], "texture": "#stave-11", "cullface": "up" },
				"east": { "uv": [ 12.625, 15.5, 12.375, 15.625 ], "texture": "#stave-11", "cullface": "up" }
			}
		},
		{
			"__comment": "Voxels",
			"from": [ 7.3333, 24, 9 ],
			"to": [ 8.666633, 25, 9.333333 ],
			"faces": {
				"down": { "uv": [ 6.5, 15, 7, 15.125 ], "texture": "#stave-11", "cullface": "up" },
				"up": { "uv": [ 6.5, 15, 7, 14.875 ], "texture": "#stave-11", "cullface": "up" },
				"north": { "uv": [ 3.25, 10, 2.75, 10.375 ], "texture": "#stave-11", "cullface": "up" },
				"south": { "uv": [ 2.75, 11.375, 3.25, 11.75 ], "texture": "#stave-11", "cullface": "up" },
				"west": { "uv": [ 8, 12.25, 8.125, 12.625 ], "texture": "#stave-11", "cullface": "up" },
				"east": { "uv": [ 8.125, 11.875, 8, 12.25 ], "texture": "#stave-11", "cullface": "up" }
			}
		},
		{
			"__comment": "Voxels",
			"from": [ 7.3333, 24, 9.3333 ],
			"to": [ 8.666633, 24.33333, 9.666633 ],
			"faces": {
				"down": { "uv": [ 6.5, 14.375, 7, 14.5 ], "texture": "#stave-11", "cullface": "up" },
				"up": { "uv": [ 6.5, 14.375, 7, 14.25 ], "texture": "#stave-11", "cullface": "up" },
				"south": { "uv": [ 6.5, 14, 7, 14.125 ], "texture": "#stave-11", "cullface": "up" },
				"west": { "uv": [ 8.625, 9.375, 8.75, 9.5 ], "texture": "#stave-11", "cullface": "up" },
				"east": { "uv": [ 8.625, 9.625, 8.5, 9.75 ], "texture": "#stave-11", "cullface": "up" }
			}
		},
		{
			"__comment": "Voxels",
			"from": [ 7.3333, 24.3333, 6.6667 ],
			"to": [ 8.666633, 24.99997, 7.000033 ],
			"faces": {
				"up": { "uv": [ 6.5, 13.75, 7, 13.625 ], "texture": "#stave-11", "cullface": "up" },
				"north": { "uv": [ 5.75, 12, 5.25, 12.25 ], "texture": "#stave-11", "cullface": "up" },
				"south": { "uv": [ 4.75, 12, 5.25, 12.25 ], "texture": "#stave-11", "cullface": "up" },
				"west": { "uv": [ 8.375, 12.5, 8.5, 12.75 ], "texture": "#stave-11", "cullface": "up" },
				"east": { "uv": [ 8.5, 12.75, 8.375, 13 ], "texture": "#stave-11", "cullface": "up" }
			}
		},
		{
			"__comment": "Voxels",
			"from": [ 7.3333, 25, 6.3333 ],
			"to": [ 8.666633, 25.66667, 6.666633 ],
			"faces": {
				"down": { "uv": [ 6.5, 13.125, 7, 13.25 ], "texture": "#stave-11", "cullface": "up" },
				"up": { "uv": [ 6.5, 13.125, 7, 13 ], "texture": "#stave-11", "cullface": "up" },
				"north": { "uv": [ 5.5, 12.25, 5, 12.5 ], "texture": "#stave-11", "cullface": "up" },
				"south": { "uv": [ 5, 12.5, 5.5, 12.75 ], "texture": "#stave-11", "cullface": "up" },
				"west": { "uv": [ 8.375, 13, 8.5, 13.25 ], "texture": "#stave-11", "cullface": "up" },
				"east": { "uv": [ 8.5, 13.25, 8.375, 13.5 ], "texture": "#stave-11", "cullface": "up" }
			}
		},
		{
			"__comment": "Voxels",
			"from": [ 7.3333, 25, 7.6667 ],
			"to": [ 8.666633, 25.33333, 8.333366 ],
			"faces": {
				"down": { "uv": [ 5.25, 13.25, 5.75, 13.5 ], "texture": "#stave-11", "cullface": "up" },
				"up": { "uv": [ 5.25, 14, 5.75, 13.75 ], "texture": "#stave-11", "cullface": "up" },
				"north": { "uv": [ 7, 12.375, 6.5, 12.5 ], "texture": "#stave-11", "cullface": "up" },
				"south": { "uv": [ 6.5, 12.25, 7, 12.375 ], "texture": "#stave-11", "cullface": "up" },
				"west": { "uv": [ 10.125, 15.5, 10.375, 15.625 ], "texture": "#stave-11", "cullface": "up" },
				"east": { "uv": [ 10.125, 15.5, 9.875, 15.625 ], "texture": "#stave-11", "cullface": "up" }
			}
		},
		{
			"__comment": "Voxels",
			"from": [ 7.3333, 25, 9.3333 ],
			"to": [ 8.666633, 25.66667, 9.666633 ],
			"faces": {
				"down": { "uv": [ 6.5, 11.875, 7, 12 ], "texture": "#stave-11", "cullface": "up" },
				"up": { "uv": [ 6.5, 11.875, 7, 11.75 ], "texture": "#stave-11", "cullface": "up" },
				"north": { "uv": [ 5.5, 14, 5, 14.25 ], "texture": "#stave-11", "cullface": "up" },
				"south": { "uv": [ 4.75, 14.5, 5.25, 14.75 ], "texture": "#stave-11", "cullface": "up" },
				"west": { "uv": [ 8.375, 14, 8.5, 14.25 ], "texture": "#stave-11", "cullface": "up" },
				"east": { "uv": [ 8.5, 14.25, 8.375, 14.5 ], "texture": "#stave-11", "cullface": "up" }
			}
		},
		{
			"__comment": "Voxels",
			"from": [ 7.3333, 25.3333, 6 ],
			"to": [ 8.666633, 25.99997, 6.333333 ],
			"faces": {
				"down": { "uv": [ 6.5, 11.125, 7, 11.25 ], "texture": "#stave-11", "cullface": "up" },
				"up": { "uv": [ 6.5, 11.125, 7, 11 ], "texture": "#stave-11", "cullface": "up" },
				"north": { "uv": [ 5.75, 14.75, 5.25, 15 ], "texture": "#stave-11", "cullface": "up" },
				"south": { "uv": [ 4, 8.875, 4.5, 9.125 ], "texture": "#stave-11", "cullface": "up" },
				"west": { "uv": [ 8.375, 14.5, 8.5, 14.75 ], "texture": "#stave-11", "cullface": "up" },
				"east": { "uv": [ 8.5, 14.75, 8.375, 15 ], "texture": "#stave-11", "cullface": "up" }
			}
		},
		{
			"__comment": "Voxels",
			"from": [ 7.3333, 25.3333, 9.666699 ],
			"to": [ 8.666633, 25.99997, 10.00003 ],
			"faces": {
				"down": { "uv": [ 6.5, 10.375, 7, 10.5 ], "texture": "#stave-11", "cullface": "up" },
				"up": { "uv": [ 6.5, 10.375, 7, 10.25 ], "texture": "#stave-11", "cullface": "up" },
				"north": { "uv": [ 5.75, 11.25, 5.25, 11.5 ], "texture": "#stave-11", "cullface": "up" },
				"south": { "uv": [ 4.75, 11.25, 5.25, 11.5 ], "texture": "#stave-11", "cullface": "up" },
				"west": { "uv": [ 8.375, 15, 8.5, 15.25 ], "texture": "#stave-11", "cullface": "up" },
				"east": { "uv": [ 8.5, 15.25, 8.375, 15.5 ], "texture": "#stave-11", "cullface": "up" }
			}
		},
		{
			"__comment": "Voxels",
			"from": [ 7.6667, -13.6667, 7.6667 ],
			"to": [ 8.333366, -13.00003, 8.333366 ],
			"faces": {
				"down": { "uv": [ 6.75, 9.875, 7, 10.125 ], "texture": "#stave-11", "cullface": "down" },
				"up": { "uv": [ 6.5, 9.625, 6.75, 9.375 ], "texture": "#stave-11", "cullface": "down" },
				"north": { "uv": [ 7, 9.375, 6.75, 9.625 ], "texture": "#stave-11", "cullface": "down" },
				"south": { "uv": [ 6.5, 9.125, 6.75, 9.375 ], "texture": "#stave-11", "cullface": "down" },
				"west": { "uv": [ 6.75, 9.125, 7, 9.375 ], "texture": "#stave-11", "cullface": "down" },
				"east": { "uv": [ 6.75, 8.875, 6.5, 9.125 ], "texture": "#stave-11", "cullface": "down" }
			}
		},
		{
			"__comment": "Voxels",
			"from": [ 7.6667, -13.3333, 7.3333 ],
			"to": [ 8.333366, -12.3333, 7.666633 ],
			"faces": {
				"down": { "uv": [ 9.125, 15.5, 9.375, 15.625 ], "texture": "#stave-11", "cullface": "down" },
				"up": { "uv": [ 8.875, 15.625, 9.125, 15.5 ], "texture": "#stave-11", "cullface": "down" },
				"north": { "uv": [ 6.25, 12.125, 6, 12.5 ], "texture": "#stave-11", "cullface": "down" },
				"south": { "uv": [ 6.125, 12.875, 6.375, 13.25 ], "texture": "#stave-11", "cullface": "down" },
				"west": { "uv": [ 8, 11.5, 8.125, 11.875 ], "texture": "#stave-11", "cullface": "down" },
				"east": { "uv": [ 6.5, 12.875, 6.375, 13.25 ], "texture": "#stave-11", "cullface": "down" }
			}
		},
		{
			"__comment": "Voxels",
			"from": [ 7.6667, -13.3333, 8.3333 ],
			"to": [ 8.333366, -12.3333, 8.666633 ],
			"faces": {
				"down": { "uv": [ 8.125, 8, 8.375, 8.125 ], "texture": "#stave-11", "cullface": "down" },
				"up": { "uv": [ 8.125, 8.375, 8.375, 8.25 ], "texture": "#stave-11", "cullface": "down" },
				"north": { "uv": [ 6.5, 12.125, 6.25, 12.5 ], "texture": "#stave-11", "cullface": "down" },
				"south": { "uv": [ 6.125, 11.75, 6.375, 12.125 ], "texture": "#stave-11", "cullface": "down" },
				"west": { "uv": [ 5.625, 10.375, 5.75, 10.75 ], "texture": "#stave-11", "cullface": "down" },
				"east": { "uv": [ 5.75, 10, 5.625, 10.375 ], "texture": "#stave-11", "cullface": "down" }
			}
		},
		{
			"__comment": "Voxels",
			"from": [ 7.6667, -12.6667, 7 ],
			"to": [ 8.333366, -11.33337, 7.333333 ],
			"faces": {
				"down": { "uv": [ 8.125, 8.375, 8.375, 8.5 ], "texture": "#stave-11", "cullface": "down" },
				"north": { "uv": [ 5, 12.25, 4.75, 12.75 ], "texture": "#stave-11", "cullface": "down" },
				"south": { "uv": [ 5, 12.75, 5.25, 13.25 ], "texture": "#stave-11", "cullface": "down" },
				"west": { "uv": [ 6.375, 9.375, 6.5, 9.875 ], "texture": "#stave-11", "cullface": "down" },
				"east": { "uv": [ 7.125, 14.5, 7, 15 ], "texture": "#stave-11", "cullface": "down" }
			}
		},
		{
			"__comment": "Voxels",
			"from": [ 7.6667, -12.6667, 8.666699 ],
			"to": [ 8.333366, -11.33337, 9.000032 ],
			"faces": {
				"down": { "uv": [ 8.125, 9.5, 8.375, 9.625 ], "texture": "#stave-11", "cullface": "down" },
				"north": { "uv": [ 5, 12.75, 4.75, 13.25 ], "texture": "#stave-11", "cullface": "down" },
				"south": { "uv": [ 5, 10.75, 5.25, 11.25 ], "texture": "#stave-11", "cullface": "down" },
				"west": { "uv": [ 7, 13.75, 7.125, 14.25 ], "texture": "#stave-11", "cullface": "down" },
				"east": { "uv": [ 7.25, 13.75, 7.125, 14.25 ], "texture": "#stave-11", "cullface": "down" }
			}
		},
		{
			"__comment": "Voxels",
			"from": [ 7.6667, -12.3333, 6.6667 ],
			"to": [ 8.333366, -11.66663, 7.000033 ],
			"faces": {
				"down": { "uv": [ 8.125, 10, 8.375, 10.125 ], "texture": "#stave-11", "cullface": "down" },
				"up": { "uv": [ 8.125, 10.25, 8.375, 10.125 ], "texture": "#stave-11", "cullface": "down" },
				"north": { "uv": [ 7.5, 14, 7.25, 14.25 ], "texture": "#stave-11", "cullface": "down" },
				"west": { "uv": [ 8.125, 10.25, 8.25, 10.5 ], "texture": "#stave-11", "cullface": "down" },
				"east": { "uv": [ 8.375, 11.5, 8.25, 11.75 ], "texture": "#stave-11", "cullface": "down" }
			}
		},
		{
			"__comment": "Voxels",
			"from": [ 7.6667, -12.3333, 7.6667 ],
			"to": [ 8.333366, -11.3333, 8.333366 ],
			"faces": {
				"down": { "uv": [ 7, 13, 7.25, 13.25 ], "texture": "#stave-11", "cullface": "down" },
				"up": { "uv": [ 7.25, 13.25, 7.5, 13 ], "texture": "#stave-11", "cullface": "down" },
				"north": { "uv": [ 6.375, 11.375, 6.125, 11.75 ], "texture": "#stave-11", "cullface": "down" },
				"south": { "uv": [ 6, 11, 6.25, 11.375 ], "texture": "#stave-11", "cullface": "down" },
				"west": { "uv": [ 6.25, 11, 6.5, 11.375 ], "texture": "#stave-11", "cullface": "down" },
				"east": { "uv": [ 6.25, 10.625, 6, 11 ], "texture": "#stave-11", "cullface": "down" }
			}
		},
		{
			"__comment": "Voxels",
			"from": [ 7.6667, -12.3333, 9 ],
			"to": [ 8.333366, -11.66663, 9.333333 ],
			"faces": {
				"down": { "uv": [ 8.125, 11.25, 8.375, 11.375 ], "texture": "#stave-11", "cullface": "down" },
				"up": { "uv": [ 8.125, 11.5, 8.375, 11.375 ], "texture": "#stave-11", "cullface": "down" },
				"south": { "uv": [ 7.25, 12, 7.5, 12.25 ], "texture": "#stave-11", "cullface": "down" },
				"west": { "uv": [ 8.125, 11.5, 8.25, 11.75 ], "texture": "#stave-11", "cullface": "down" },
				"east": { "uv": [ 8.375, 13.75, 8.25, 14 ], "texture": "#stave-11", "cullface": "down" }
			}
		},
		{
			"__comment": "Voxels",
			"from": [ 7.6667, -11.6667, 7.3333 ],
			"to": [ 8.333366, -9.333366, 7.666633 ],
			"faces": {
				"down": { "uv": [ 8.125, 12, 8.375, 12.125 ], "texture": "#stave-11", "cullface": "down" },
				"up": { "uv": [ 8.125, 13, 8.375, 12.875 ], "texture": "#stave-11", "cullface": "down" },
				"north": { "uv": [ 3.75, 12.5, 3.5, 13.375 ], "texture": "#stave-11", "cullface": "down" },
				"south": { "uv": [ 3.25, 12.5, 3.5, 13.375 ], "texture": "#stave-11", "cullface": "down" },
				"west": { "uv": [ 5, 9.875, 5.125, 10.75 ], "texture": "#stave-11", "cullface": "down" },
				"east": { "uv": [ 5, 9.875, 4.875, 10.75 ], "texture": "#stave-11", "cullface": "down" }
			}
		},
		{
			"__comment": "Voxels",
			"from": [ 7.6667, -11.6667, 8.3333 ],
			"to": [ 8.333366, -9.333366, 8.666633 ],
			"faces": {
				"down": { "uv": [ 8.125, 13, 8.375, 13.125 ], "texture": "#stave-11", "cullface": "down" },
				"up": { "uv": [ 8.125, 13.25, 8.375, 13.125 ], "texture": "#stave-11", "cullface": "down" },
				"north": { "uv": [ 3.25, 12.5, 3, 13.375 ], "texture": "#stave-11", "cullface": "down" },
				"south": { "uv": [ 2.75, 12.5, 3, 13.375 ], "texture": "#stave-11", "cullface": "down" },
				"west": { "uv": [ 5.125, 9.875, 5.25, 10.75 ], "texture": "#stave-11", "cullface": "down" },
				"east": { "uv": [ 4.875, 9.875, 4.75, 10.75 ], "texture": "#stave-11", "cullface": "down" }
			}
		},
		{
			"__comment": "Voxels",
			"from": [ 7.6667, -11.3333, 6.6667 ],
			"to": [ 8.333366, -10.66663, 7.000033 ],
			"faces": {
				"down": { "uv": [ 8.125, 13.25, 8.375, 13.375 ], "texture": "#stave-11", "cullface": "down" },
				"up": { "uv": [ 8.125, 14.875, 8.375, 14.75 ], "texture": "#stave-11", "cullface": "down" },
				"north": { "uv": [ 7.25, 9.75, 7, 10 ], "texture": "#stave-11", "cullface": "down" },
				"west": { "uv": [ 8, 8, 8.125, 8.25 ], "texture": "#stave-11", "cullface": "down" },
				"east": { "uv": [ 8.125, 8.25, 8, 8.5 ], "texture": "#stave-11", "cullface": "down" }
			}
		},
		{
			"__comment": "Voxels",
			"from": [ 7.6667, -11.3333, 9 ],
			"to": [ 8.333366, -10.66663, 9.333333 ],
			"faces": {
				"down": { "uv": [ 8.125, 15.375, 8.375, 15.5 ], "texture": "#stave-11", "cullface": "down" },
				"up": { "uv": [ 15.125, 15.75, 15.375, 15.625 ], "texture": "#stave-11", "cullface": "down" },
				"south": { "uv": [ 7.25, 9, 7.5, 9.25 ], "texture": "#stave-11", "cullface": "down" },
				"west": { "uv": [ 8, 8.75, 8.125, 9 ], "texture": "#stave-11", "cullface": "down" },
				"east": { "uv": [ 8.125, 9.5, 8, 9.75 ], "texture": "#stave-11", "cullface": "down" }
			}
		},
		{
			"__comment": "Voxels",
			"from": [ 7.6667, -11, 7.6667 ],
			"to": [ 8.333366, -10.66667, 8.333366 ],
			"faces": {
				"down": { "uv": [ 7.25, 8.625, 7.5, 8.875 ], "texture": "#stave-11", "cullface": "down" },
				"west": { "uv": [ 10.125, 15.625, 10.375, 15.75 ], "texture": "#stave-11", "cullface": "down" },
				"east": { "uv": [ 9.375, 15.625, 9.125, 15.75 ], "texture": "#stave-11", "cullface": "down" }
			}
		},
		{
			"__comment": "Voxels",
			"from": [ 7.6667, -10.6667, 7 ],
			"to": [ 8.333366, -10.33337, 7.333333 ],
			"faces": {
				"up": { "uv": [ 14.125, 15.875, 14.375, 15.75 ], "texture": "#stave-11", "cullface": "down" },
				"north": { "uv": [ 14.125, 15.75, 13.875, 15.875 ], "texture": "#stave-11", "cullface": "down" },
				"west": { "uv": [ 8.5, 11.375, 8.625, 11.5 ], "texture": "#stave-11", "cullface": "down" },
				"east": { "uv": [ 8.75, 11.875, 8.625, 12 ], "texture": "#stave-11", "cullface": "down" }
			}
		},
		{
			"__comment": "Voxels",
			"from": [ 7.6667, -10.6667, 8.666699 ],
			"to": [ 8.333366, -10.33337, 9.000032 ],
			"faces": {
				"up": { "uv": [ 11.375, 16, 11.625, 15.875 ], "texture": "#stave-11", "cullface": "down" },
				"south": { "uv": [ 9.625, 15.875, 9.875, 16 ], "texture": "#stave-11", "cullface": "down" },
				"west": { "uv": [ 15.875, 15.75, 16, 15.875 ], "texture": "#stave-11", "cullface": "down" },
				"east": { "uv": [ 5.375, 9.875, 5.25, 10 ], "texture": "#stave-11", "cullface": "down" }
			}
		},
		{
			"__comment": "Voxels",
			"from": [ 7.6667, -9.3333, 7.6667 ],
			"to": [ 8.333366, -5.3333, 8.333366 ],
			"faces": {
				"north": { "uv": [ 2, 10.5, 1.75, 12 ], "texture": "#stave-11", "cullface": "down" },
				"south": { "uv": [ 2, 10.5, 2.25, 12 ], "texture": "#stave-11", "cullface": "down" },
				"west": { "uv": [ 2.25, 10.5, 2.5, 12 ], "texture": "#stave-11", "cullface": "down" },
				"east": { "uv": [ 2, 12, 1.75, 13.5 ], "texture": "#stave-11", "cullface": "down" }
			}
		},
		{
			"__comment": "Voxels",
			"from": [ 7.6667, -5.3333, 7.3333 ],
			"to": [ 8.333366, -4.666633, 7.666633 ],
			"faces": {
				"down": { "uv": [ 4.5, 10.375, 4.75, 10.5 ], "texture": "#stave-11", "cullface": "down" },
				"up": { "uv": [ 4.5, 11.625, 4.75, 11.5 ], "texture": "#stave-11", "cullface": "down" },
				"north": { "uv": [ 7.875, 13, 7.625, 13.25 ], "texture": "#stave-11", "cullface": "down" },
				"west": { "uv": [ 7.375, 14.75, 7.5, 15 ], "texture": "#stave-11", "cullface": "down" },
				"east": { "uv": [ 8.375, 9.125, 8.25, 9.375 ], "texture": "#stave-11", "cullface": "down" }
			}
		},
		{
			"__comment": "Voxels",
			"from": [ 7.6667, -5.3333, 8.3333 ],
			"to": [ 8.333366, -4.666633, 8.666633 ],
			"faces": {
				"down": { "uv": [ 8.125, 12.125, 8.375, 12.25 ], "texture": "#stave-11", "cullface": "down" },
				"up": { "uv": [ 8.125, 13.75, 8.375, 13.625 ], "texture": "#stave-11", "cullface": "down" },
				"south": { "uv": [ 7.75, 12.375, 8, 12.625 ], "texture": "#stave-11", "cullface": "down" },
				"west": { "uv": [ 8.125, 13.75, 8.25, 14 ], "texture": "#stave-11", "cullface": "down" },
				"east": { "uv": [ 8.5, 11.75, 8.375, 12 ], "texture": "#stave-11", "cullface": "down" }
			}
		},
		{
			"__comment": "Voxels",
			"from": [ 7.6667, -4.6667, 7.6667 ],
			"to": [ 8.333366, -4.000033, 8.333366 ],
			"faces": {
				"north": { "uv": [ 4, 12.5, 3.75, 12.75 ], "texture": "#stave-11", "cullface": "down" },
				"south": { "uv": [ 4.5, 9.625, 4.75, 9.875 ], "texture": "#stave-11", "cullface": "down" },
				"west": { "uv": [ 4.5, 9.375, 4.75, 9.625 ], "texture": "#stave-11", "cullface": "down" },
				"east": { "uv": [ 6.75, 8, 6.5, 8.25 ], "texture": "#stave-11", "cullface": "down" }
			}
		},
		{
			"__comment": "Voxels",
			"from": [ 7.6667, -4, 7.3333 ],
			"to": [ 8.333366, -3.333333, 7.666633 ],
			"faces": {
				"down": { "uv": [ 8.125, 15.125, 8.375, 15.25 ], "texture": "#stave-11", "cullface": "down" },
				"up": { "uv": [ 13.875, 16, 14.125, 15.875 ], "texture": "#stave-11", "cullface": "down" },
				"north": { "uv": [ 7.5, 9.5, 7.25, 9.75 ], "texture": "#stave-11", "cullface": "down" },
				"west": { "uv": [ 8, 10, 8.125, 10.25 ], "texture": "#stave-11", "cullface": "down" },
				"east": { "uv": [ 8.125, 10.25, 8, 10.5 ], "texture": "#stave-11", "cullface": "down" }
			}
		},
		{
			"__comment": "Voxels",
			"from": [ 7.6667, -4, 8.3333 ],
			"to": [ 8.333366, -3.333333, 8.666633 ],
			"faces": {
				"down": { "uv": [ 13.125, 15.75, 13.375, 15.875 ], "texture": "#stave-11", "cullface": "down" },
				"up": { "uv": [ 12.875, 15.875, 13.125, 15.75 ], "texture": "#stave-11", "cullface": "down" },
				"south": { "uv": [ 6.5, 8.25, 6.75, 8.5 ], "texture": "#stave-11", "cullface": "down" },
				"west": { "uv": [ 8, 11.25, 8.125, 11.5 ], "texture": "#stave-11", "cullface": "down" },
				"east": { "uv": [ 8, 13, 7.875, 13.25 ], "texture": "#stave-11", "cullface": "down" }
			}
		},
		{
			"__comment": "Voxels",
			"from": [ 7.6667, -3.3333, 7.6667 ],
			"to": [ 8.333366, 16.33337, 8.333366 ],
			"faces": {
				"north": { "uv": [ 0.5, 8.625, 0.25, 16 ], "texture": "#stave-11", "cullface": "up" },
				"south": { "uv": [ 0.75, 8.625, 1, 16 ], "texture": "#stave-11", "cullface": "up" },
				"west": { "uv": [ 0.5, 8.625, 0.75, 16 ], "texture": "#stave-11", "cullface": "up" },
				"east": { "uv": [ 0.25, 8.625, 0, 16 ], "texture": "#stave-11", "cullface": "up" }
			}
		},
		{
			"__comment": "Voxels",
			"from": [ 7.6667, 16.3333, 7.3333 ],
			"to": [ 8.333366, 16.99997, 7.666633 ],
			"faces": {
				"down": { "uv": [ 14.375, 15.75, 14.625, 15.875 ], "texture": "#stave-11", "cullface": "up" },
				"north": { "uv": [ 6, 8.375, 5.75, 8.625 ], "texture": "#stave-11", "cullface": "up" },
				"west": { "uv": [ 8, 9.75, 8.125, 10 ], "texture": "#stave-11", "cullface": "up" },
				"east": { "uv": [ 8.125, 8.5, 8, 8.75 ], "texture": "#stave-11", "cullface": "up" }
			}
		},
		{
			"__comment": "Voxels",
			"from": [ 7.6667, 16.3333, 8.3333 ],
			"to": [ 8.333366, 16.99997, 8.666633 ],
			"faces": {
				"down": { "uv": [ 15.375, 15.625, 15.625, 15.75 ], "texture": "#stave-11", "cullface": "up" },
				"south": { "uv": [ 7.75, 12.125, 8, 12.375 ], "texture": "#stave-11", "cullface": "up" },
				"west": { "uv": [ 8.375, 11.5, 8.5, 11.75 ], "texture": "#stave-11", "cullface": "up" },
				"east": { "uv": [ 8.125, 11, 8, 11.25 ], "texture": "#stave-11", "cullface": "up" }
			}
		},
		{
			"__comment": "Voxels",
			"from": [ 7.6667, 17, 7 ],
			"to": [ 8.333366, 17.33333, 7.333333 ],
			"faces": {
				"down": { "uv": [ 13.625, 15.875, 13.875, 16 ], "texture": "#stave-11", "cullface": "up" },
				"up": { "uv": [ 8.625, 15.875, 8.875, 15.75 ], "texture": "#stave-11", "cullface": "up" },
				"north": { "uv": [ 10.125, 15.75, 9.875, 15.875 ], "texture": "#stave-11", "cullface": "up" },
				"west": { "uv": [ 8.625, 8.625, 8.75, 8.75 ], "texture": "#stave-11", "cullface": "up" },
				"east": { "uv": [ 8.625, 8.375, 8.5, 8.5 ], "texture": "#stave-11", "cullface": "up" }
			}
		},
		{
			"__comment": "Voxels",
			"from": [ 7.6667, 17, 8.666699 ],
			"to": [ 8.333366, 17.33333, 9.000032 ],
			"faces": {
				"down": { "uv": [ 12.375, 15.75, 12.625, 15.875 ], "texture": "#stave-11", "cullface": "up" },
				"up": { "uv": [ 15.625, 15.875, 15.875, 15.75 ], "texture": "#stave-11", "cullface": "up" },
				"south": { "uv": [ 12.125, 15.625, 12.375, 15.75 ], "texture": "#stave-11", "cullface": "up" },
				"west": { "uv": [ 8.625, 8, 8.75, 8.125 ], "texture": "#stave-11", "cullface": "up" },
				"east": { "uv": [ 8.875, 15.125, 8.75, 15.25 ], "texture": "#stave-11", "cullface": "up" }
			}
		},
		{
			"__comment": "Voxels",
			"from": [ 7.6667, 17.3333, 7.3333 ],
			"to": [ 8.333366, 18.66663, 7.666633 ],
			"faces": {
				"north": { "uv": [ 5.25, 11.5, 5, 12 ], "texture": "#stave-11", "cullface": "up" },
				"west": { "uv": [ 7.625, 12.125, 7.75, 12.625 ], "texture": "#stave-11", "cullface": "up" },
				"east": { "uv": [ 7.625, 12.125, 7.5, 12.625 ], "texture": "#stave-11", "cullface": "up" }
			}
		},
		{
			"__comment": "Voxels",
			"from": [ 7.6667, 17.3333, 8.3333 ],
			"to": [ 8.333366, 18.66663, 8.666633 ],
			"faces": {
				"south": { "uv": [ 4, 9.875, 4.25, 10.375 ], "texture": "#stave-11", "cullface": "up" },
				"west": { "uv": [ 7.5, 13, 7.625, 13.5 ], "texture": "#stave-11", "cullface": "up" },
				"east": { "uv": [ 7.625, 14, 7.5, 14.5 ], "texture": "#stave-11", "cullface": "up" }
			}
		},
		{
			"__comment": "Voxels",
			"from": [ 7.6667, 18.3333, 7 ],
			"to": [ 8.333366, 18.66663, 7.333333 ],
			"faces": {
				"down": { "uv": [ 4.25, 8, 4.5, 8.125 ], "texture": "#stave-11", "cullface": "up" },
				"north": { "uv": [ 5.5, 10.75, 5.25, 10.875 ], "texture": "#stave-11", "cullface": "up" },
				"west": { "uv": [ 5.875, 9.875, 6, 10 ], "texture": "#stave-11", "cullface": "up" },
				"east": { "uv": [ 6.125, 9.875, 6, 10 ], "texture": "#stave-11", "cullface": "up" }
			}
		},
		{
			"__comment": "Voxels",
			"from": [ 7.6667, 18.3333, 8.666699 ],
			"to": [ 8.333366, 18.66663, 9.000032 ],
			"faces": {
				"down": { "uv": [ 5.5, 9.75, 5.75, 9.875 ], "texture": "#stave-11", "cullface": "up" },
				"south": { "uv": [ 5.5, 8, 5.75, 8.125 ], "texture": "#stave-11", "cullface": "up" },
				"west": { "uv": [ 6.125, 9.875, 6.25, 10 ], "texture": "#stave-11", "cullface": "up" },
				"east": { "uv": [ 6.25, 9.25, 6.125, 9.375 ], "texture": "#stave-11", "cullface": "up" }
			}
		},
		{
			"__comment": "Voxels",
			"from": [ 7.6667, 18.6667, 6.6667 ],
			"to": [ 8.333366, 19.00003, 7.000033 ],
			"faces": {
				"down": { "uv": [ 6.25, 9.25, 6.5, 9.375 ], "texture": "#stave-11", "cullface": "up" },
				"north": { "uv": [ 6.5, 9, 6.25, 9.125 ], "texture": "#stave-11", "cullface": "up" },
				"west": { "uv": [ 7.875, 8.625, 8, 8.75 ], "texture": "#stave-11", "cullface": "up" },
				"east": { "uv": [ 8, 8.5, 7.875, 8.625 ], "texture": "#stave-11", "cullface": "up" }
			}
		},
		{
			"__comment": "Voxels",
			"from": [ 7.6667, 18.6667, 9 ],
			"to": [ 8.333366, 19.00003, 9.333333 ],
			"faces": {
				"down": { "uv": [ 5.75, 8, 6, 8.125 ], "texture": "#stave-11", "cullface": "up" },
				"south": { "uv": [ 8.125, 15.875, 8.375, 16 ], "texture": "#stave-11", "cullface": "up" },
				"west": { "uv": [ 7.875, 8.375, 8, 8.5 ], "texture": "#stave-11", "cullface": "up" },
				"east": { "uv": [ 16, 15.875, 15.875, 16 ], "texture": "#stave-11", "cullface": "up" }
			}
		},
		{
			"__comment": "Voxels",
			"from": [ 7.6667, 19, 6 ],
			"to": [ 8.333366, 20, 6.333333 ],
			"faces": {
				"down": { "uv": [ 8.875, 15.875, 9.125, 16 ], "texture": "#stave-11", "cullface": "up" },
				"north": { "uv": [ 5.25, 8.125, 5, 8.5 ], "texture": "#stave-11", "cullface": "up" },
				"south": { "uv": [ 5.5, 8.625, 5.75, 9 ], "texture": "#stave-11", "cullface": "up" },
				"west": { "uv": [ 6.375, 12.5, 6.5, 12.875 ], "texture": "#stave-11", "cullface": "up" },
				"east": { "uv": [ 6.5, 11.75, 6.375, 12.125 ], "texture": "#stave-11", "cullface": "up" }
			}
		},
		{
			"__comment": "Voxels",
			"from": [ 7.6667, 19, 6.3333 ],
			"to": [ 8.333366, 19.33333, 6.666633 ],
			"faces": {
				"down": { "uv": [ 9.875, 15.875, 10.125, 16 ], "texture": "#stave-11", "cullface": "up" },
				"west": { "uv": [ 15.875, 15.625, 16, 15.75 ], "texture": "#stave-11", "cullface": "up" },
				"east": { "uv": [ 16, 15.5, 15.875, 15.625 ], "texture": "#stave-11", "cullface": "up" }
			}
		},
		{
			"__comment": "Voxels",
			"from": [ 7.6667, 19, 9.3333 ],
			"to": [ 8.333366, 19.33333, 9.999967 ],
			"faces": {
				"down": { "uv": [ 7.75, 14.75, 8, 15 ], "texture": "#stave-11", "cullface": "up" },
				"up": { "uv": [ 7.5, 15, 7.75, 14.75 ], "texture": "#stave-11", "cullface": "up" },
				"south": { "uv": [ 11.875, 15.875, 12.125, 16 ], "texture": "#stave-11", "cullface": "up" },
				"west": { "uv": [ 12.125, 15.875, 12.375, 16 ], "texture": "#stave-11", "cullface": "up" },
				"east": { "uv": [ 12.625, 15.875, 12.375, 16 ], "texture": "#stave-11", "cullface": "up" }
			}
		},
		{
			"__comment": "Voxels",
			"from": [ 7.6667, 19.3333, 5.6667 ],
			"to": [ 8.333366, 19.66663, 6.000033 ],
			"faces": {
				"down": { "uv": [ 12.625, 15.875, 12.875, 16 ], "texture": "#stave-11", "cullface": "up" },
				"up": { "uv": [ 12.875, 16, 13.125, 15.875 ], "texture": "#stave-11", "cullface": "up" },
				"north": { "uv": [ 13.375, 15.875, 13.125, 16 ], "texture": "#stave-11", "cullface": "up" },
				"west": { "uv": [ 8.5, 11.875, 8.625, 12 ], "texture": "#stave-11", "cullface": "up" },
				"east": { "uv": [ 8.75, 11.25, 8.625, 11.375 ], "texture": "#stave-11", "cullface": "up" }
			}
		},
		{
			"__comment": "Voxels",
			"from": [ 7.6667, 19.3333, 9.666699 ],
			"to": [ 8.333366, 19.99997, 10.00003 ],
			"faces": {
				"south": { "uv": [ 7.5, 15, 7.75, 15.25 ], "texture": "#stave-11", "cullface": "up" },
				"west": { "uv": [ 8, 10.75, 8.125, 11 ], "texture": "#stave-11", "cullface": "up" },
				"east": { "uv": [ 8.125, 10.5, 8, 10.75 ], "texture": "#stave-11", "cullface": "up" }
			}
		},
		{
			"__comment": "Voxels",
			"from": [ 7.6667, 19.3333, 10 ],
			"to": [ 8.333366, 19.66663, 10.33333 ],
			"faces": {
				"down": { "uv": [ 15.125, 15.875, 15.375, 16 ], "texture": "#stave-11", "cullface": "up" },
				"up": { "uv": [ 15.375, 16, 15.625, 15.875 ], "texture": "#stave-11", "cullface": "up" },
				"south": { "uv": [ 8.125, 15.75, 8.375, 15.875 ], "texture": "#stave-11", "cullface": "up" },
				"west": { "uv": [ 8.5, 11.75, 8.625, 11.875 ], "texture": "#stave-11", "cullface": "up" },
				"east": { "uv": [ 8.75, 11.75, 8.625, 11.875 ], "texture": "#stave-11", "cullface": "up" }
			}
		},
		{
			"__comment": "Voxels",
			"from": [ 7.6667, 20, 5.6667 ],
			"to": [ 8.333366, 20.33333, 6.000033 ],
			"faces": {
				"down": { "uv": [ 8.875, 15.75, 9.125, 15.875 ], "texture": "#stave-11", "cullface": "up" },
				"north": { "uv": [ 9.625, 15.75, 9.375, 15.875 ], "texture": "#stave-11", "cullface": "up" },
				"west": { "uv": [ 8.5, 11.625, 8.625, 11.75 ], "texture": "#stave-11", "cullface": "up" },
				"east": { "uv": [ 8.75, 11.625, 8.625, 11.75 ], "texture": "#stave-11", "cullface": "up" }
			}
		},
		{
			"__comment": "Voxels",
			"from": [ 7.6667, 20, 10 ],
			"to": [ 8.333366, 20.33333, 10.33333 ],
			"faces": {
				"down": { "uv": [ 10.375, 15.75, 10.625, 15.875 ], "texture": "#stave-11", "cullface": "up" },
				"south": { "uv": [ 11.125, 15.75, 11.375, 15.875 ], "texture": "#stave-11", "cullface": "up" },
				"west": { "uv": [ 8.5, 11.5, 8.625, 11.625 ], "texture": "#stave-11", "cullface": "up" },
				"east": { "uv": [ 8.75, 11.5, 8.625, 11.625 ], "texture": "#stave-11", "cullface": "up" }
			}
		},
		{
			"__comment": "Voxels",
			"from": [ 7.6667, 20.3333, 5.3333 ],
			"to": [ 8.333366, 21.3333, 5.666633 ],
			"faces": {
				"down": { "uv": [ 11.875, 15.75, 12.125, 15.875 ], "texture": "#stave-11", "cullface": "up" },
				"north": { "uv": [ 5.5, 8.625, 5.25, 9 ], "texture": "#stave-11", "cullface": "up" },
				"west": { "uv": [ 6.375, 11.375, 6.5, 11.75 ], "texture": "#stave-11", "cullface": "up" },
				"east": { "uv": [ 7.625, 9.5, 7.5, 9.875 ], "texture": "#stave-11", "cullface": "up" }
			}
		},
		{
			"__comment": "Voxels",
			"from": [ 7.6667, 20.3333, 10.3333 ],
			"to": [ 8.333366, 21.3333, 10.66663 ],
			"faces": {
				"down": { "uv": [ 13.375, 15.75, 13.625, 15.875 ], "texture": "#stave-11", "cullface": "up" },
				"south": { "uv": [ 5.375, 10, 5.625, 10.375 ], "texture": "#stave-11", "cullface": "up" },
				"west": { "uv": [ 7.625, 9.5, 7.75, 9.875 ], "texture": "#stave-11", "cullface": "up" },
				"east": { "uv": [ 7.875, 9.5, 7.75, 9.875 ], "texture": "#stave-11", "cullface": "up" }
			}
		},
		{
			"__comment": "Voxels",
			"from": [ 7.6667, 21, 5 ],
			"to": [ 8.333366, 21.33333, 5.333333 ],
			"faces": {
				"down": { "uv": [ 14.625, 15.75, 14.875, 15.875 ], "texture": "#stave-11", "cullface": "up" },
				"north": { "uv": [ 15.375, 15.75, 15.125, 15.875 ], "texture": "#stave-11", "cullface": "up" },
				"west": { "uv": [ 8.625, 11.375, 8.75, 11.5 ], "texture": "#stave-11", "cullface": "up" },
				"east": { "uv": [ 8.625, 11.25, 8.5, 11.375 ], "texture": "#stave-11", "cullface": "up" }
			}
		},
		{
			"__comment": "Voxels",
			"from": [ 7.6667, 21, 6.6667 ],
			"to": [ 8.333366, 22, 7.000033 ],
			"faces": {
				"up": { "uv": [ 8.625, 15.75, 8.875, 15.625 ], "texture": "#stave-11", "cullface": "up" },
				"north": { "uv": [ 5.5, 10.875, 5.25, 11.25 ], "texture": "#stave-11", "cullface": "up" },
				"south": { "uv": [ 4.5, 14, 4.75, 14.375 ], "texture": "#stave-11", "cullface": "up" },
				"west": { "uv": [ 7.875, 9.5, 8, 9.875 ], "texture": "#stave-11", "cullface": "up" },
				"east": { "uv": [ 7.625, 9.125, 7.5, 9.5 ], "texture": "#stave-11", "cullface": "up" }
			}
		},
		{
			"__comment": "Voxels",
			"from": [ 7.6667, 21, 9 ],
			"to": [ 8.333366, 22, 9.333333 ],
			"faces": {
				"up": { "uv": [ 9.875, 15.75, 10.125, 15.625 ], "texture": "#stave-11", "cullface": "up" },
				"north": { "uv": [ 4.75, 14.375, 4.5, 14.75 ], "texture": "#stave-11", "cullface": "up" },
				"south": { "uv": [ 4.5, 14.75, 4.75, 15.125 ], "texture": "#stave-11", "cullface": "up" },
				"west": { "uv": [ 7.625, 9.125, 7.75, 9.5 ], "texture": "#stave-11", "cullface": "up" },
				"east": { "uv": [ 7.875, 9.125, 7.75, 9.5 ], "texture": "#stave-11", "cullface": "up" }
			}
		},
		{
			"__comment": "Voxels",
			"from": [ 7.6667, 21, 10.6667 ],
			"to": [ 8.333366, 21.33333, 11.00003 ],
			"faces": {
				"down": { "uv": [ 10.875, 15.625, 11.125, 15.75 ], "texture": "#stave-11", "cullface": "up" },
				"south": { "uv": [ 11.625, 15.625, 11.875, 15.75 ], "texture": "#stave-11", "cullface": "up" },
				"west": { "uv": [ 8.5, 11.125, 8.625, 11.25 ], "texture": "#stave-11", "cullface": "up" },
				"east": { "uv": [ 8.75, 11.125, 8.625, 11.25 ], "texture": "#stave-11", "cullface": "up" }
			}
		},
		{
			"__comment": "Voxels",
			"from": [ 7.6667, 21.3333, 4.6667 ],
			"to": [ 8.333366, 21.66663, 5.000033 ],
			"faces": {
				"down": { "uv": [ 12.375, 15.625, 12.625, 15.75 ], "texture": "#stave-11", "cullface": "up" },
				"up": { "uv": [ 12.625, 15.75, 12.875, 15.625 ], "texture": "#stave-11", "cullface": "up" },
				"north": { "uv": [ 13.125, 15.625, 12.875, 15.75 ], "texture": "#stave-11", "cullface": "up" },
				"west": { "uv": [ 8.5, 11, 8.625, 11.125 ], "texture": "#stave-11", "cullface": "up" },
				"east": { "uv": [ 8.75, 11, 8.625, 11.125 ], "texture": "#stave-11", "cullface": "up" }
			}
		},
		{
			"__comment": "Voxels",
			"from": [ 7.6667, 21.3333, 6.3333 ],
			"to": [ 8.333366, 21.99997, 6.666633 ],
			"faces": {
				"up": { "uv": [ 14.125, 15.75, 14.375, 15.625 ], "texture": "#stave-11", "cullface": "up" },
				"west": { "uv": [ 8, 9.25, 8.125, 9.5 ], "texture": "#stave-11", "cullface": "up" },
				"east": { "uv": [ 8.125, 9, 8, 9.25 ], "texture": "#stave-11", "cullface": "up" }
			}
		},
		{
			"__comment": "Voxels",
			"from": [ 7.6667, 21.3333, 7 ],
			"to": [ 8.333366, 22.3333, 7.333333 ],
			"faces": {
				"up": { "uv": [ 14.875, 15.75, 15.125, 15.625 ], "texture": "#stave-11", "cullface": "up" },
				"north": { "uv": [ 4.75, 15.125, 4.5, 15.5 ], "texture": "#stave-11", "cullface": "up" },
				"south": { "uv": [ 3.75, 10, 4, 10.375 ], "texture": "#stave-11", "cullface": "up" },
				"west": { "uv": [ 7.875, 9.125, 8, 9.5 ], "texture": "#stave-11", "cullface": "up" },
				"east": { "uv": [ 7.625, 8.75, 7.5, 9.125 ], "texture": "#stave-11", "cullface": "up" }
			}
		},
		{
			"__comment": "Voxels",
			"from": [ 7.6667, 21.3333, 8.666699 ],
			"to": [ 8.333366, 22.3333, 9.000032 ],
			"faces": {
				"up": { "uv": [ 8.125, 15.625, 8.375, 15.5 ], "texture": "#stave-11", "cullface": "up" },
				"north": { "uv": [ 6.5, 15.125, 6.25, 15.5 ], "texture": "#stave-11", "cullface": "up" },
				"south": { "uv": [ 2.5, 10.5, 2.75, 10.875 ], "texture": "#stave-11", "cullface": "up" },
				"west": { "uv": [ 7.625, 8.75, 7.75, 9.125 ], "texture": "#stave-11", "cullface": "up" },
				"east": { "uv": [ 7.875, 8.75, 7.75, 9.125 ], "texture": "#stave-11", "cullface": "up" }
			}
		},
		{
			"__comment": "Voxels",
			"from": [ 7.6667, 21.3333, 9.3333 ],
			"to": [ 8.333366, 21.99997, 9.666633 ],
			"faces": {
				"up": { "uv": [ 8.125, 15, 8.375, 14.875 ], "texture": "#stave-11", "cullface": "up" },
				"west": { "uv": [ 8.125, 14.5, 8.25, 14.75 ], "texture": "#stave-11", "cullface": "up" },
				"east": { "uv": [ 8.375, 14.5, 8.25, 14.75 ], "texture": "#stave-11", "cullface": "up" }
			}
		},
		{
			"__comment": "Voxels",
			"from": [ 7.6667, 21.3333, 11 ],
			"to": [ 8.333366, 21.66663, 11.33333 ],
			"faces": {
				"down": { "uv": [ 8.125, 14.375, 8.375, 14.5 ], "texture": "#stave-11", "cullface": "up" },
				"up": { "uv": [ 8.125, 14.375, 8.375, 14.25 ], "texture": "#stave-11", "cullface": "up" },
				"south": { "uv": [ 8.125, 14, 8.375, 14.125 ], "texture": "#stave-11", "cullface": "up" },
				"west": { "uv": [ 8.5, 10.875, 8.625, 11 ], "texture": "#stave-11", "cullface": "up" },
				"east": { "uv": [ 8.75, 10.875, 8.625, 11 ], "texture": "#stave-11", "cullface": "up" }
			}
		},
		{
			"__comment": "Voxels",
			"from": [ 7.6667, 21.6667, 5 ],
			"to": [ 8.333366, 23.6667, 5.333333 ],
			"faces": {
				"up": { "uv": [ 8.125, 13.5, 8.375, 13.375 ], "texture": "#stave-11", "cullface": "up" },
				"north": { "uv": [ 1.75, 11, 1.5, 11.75 ], "texture": "#stave-11", "cullface": "up" },
				"south": { "uv": [ 1.5, 9.5, 1.75, 10.25 ], "texture": "#stave-11", "cullface": "up" },
				"west": { "uv": [ 5.25, 10, 5.375, 10.75 ], "texture": "#stave-11", "cullface": "up" },
				"east": { "uv": [ 5.875, 9.875, 5.75, 10.625 ], "texture": "#stave-11", "cullface": "up" }
			}
		},
		{
			"__comment": "Voxels",
			"from": [ 7.6667, 21.6667, 5.3333 ],
			"to": [ 8.333366, 22.00003, 5.666633 ],
			"faces": {
				"west": { "uv": [ 8.5, 8.875, 8.625, 9 ], "texture": "#stave-11", "cullface": "up" },
				"east": { "uv": [ 8.625, 10.75, 8.5, 10.875 ], "texture": "#stave-11", "cullface": "up" }
			}
		},
		{
			"__comment": "Voxels",
			"from": [ 7.6667, 21.6667, 7.3333 ],
			"to": [ 8.333366, 22.00003, 8.666633 ],
			"faces": {
				"down": { "uv": [ 4, 8.125, 4.25, 8.625 ], "texture": "#stave-11", "cullface": "up" },
				"up": { "uv": [ 4.25, 8.625, 4.5, 8.125 ], "texture": "#stave-11", "cullface": "up" },
				"west": { "uv": [ 7, 11.875, 7.5, 12 ], "texture": "#stave-11", "cullface": "up" },
				"east": { "uv": [ 7.5, 12.25, 7, 12.375 ], "texture": "#stave-11", "cullface": "up" }
			}
		},
		{
			"__comment": "Voxels",
			"from": [ 7.6667, 21.6667, 10.3333 ],
			"to": [ 8.333366, 22.00003, 10.99997 ],
			"faces": {
				"up": { "uv": [ 7.25, 13.5, 7.5, 13.25 ], "texture": "#stave-11", "cullface": "up" },
				"south": { "uv": [ 8.125, 11, 8.375, 11.125 ], "texture": "#stave-11", "cullface": "up" },
				"west": { "uv": [ 8.125, 10.875, 8.375, 11 ], "texture": "#stave-11", "cullface": "up" },
				"east": { "uv": [ 8.375, 10.75, 8.125, 10.875 ], "texture": "#stave-11", "cullface": "up" }
			}
		},
		{
			"__comment": "Voxels",
			"from": [ 7.6667, 22, 4.6667 ],
			"to": [ 8.333366, 24, 5.000033 ],
			"faces": {
				"down": { "uv": [ 8.125, 10.625, 8.375, 10.75 ], "texture": "#stave-11", "cullface": "up" },
				"up": { "uv": [ 8.125, 10.625, 8.375, 10.5 ], "texture": "#stave-11", "cullface": "up" },
				"north": { "uv": [ 1.75, 8, 1.5, 8.75 ], "texture": "#stave-11", "cullface": "up" },
				"south": { "uv": [ 2.5, 12.75, 2.75, 13.5 ], "texture": "#stave-11", "cullface": "up" },
				"west": { "uv": [ 5.875, 10.625, 6, 11.375 ], "texture": "#stave-11", "cullface": "up" },
				"east": { "uv": [ 5.875, 10.625, 5.75, 11.375 ], "texture": "#stave-11", "cullface": "up" }
			}
		},
		{
			"__comment": "Voxels",
			"from": [ 7.6667, 22, 5.6667 ],
			"to": [ 8.333366, 22.66667, 6.000033 ],
			"faces": {
				"up": { "uv": [ 8.125, 9.75, 8.375, 9.625 ], "texture": "#stave-11", "cullface": "up" },
				"north": { "uv": [ 7.375, 14.75, 7.125, 15 ], "texture": "#stave-11", "cullface": "up" },
				"south": { "uv": [ 7.25, 15.25, 7.5, 15.5 ], "texture": "#stave-11", "cullface": "up" },
				"west": { "uv": [ 8.25, 10.25, 8.375, 10.5 ], "texture": "#stave-11", "cullface": "up" },
				"east": { "uv": [ 8.25, 9.125, 8.125, 9.375 ], "texture": "#stave-11", "cullface": "up" }
			}
		},
		{
			"__comment": "Voxels",
			"from": [ 7.6667, 22, 6 ],
			"to": [ 8.333366, 22.33333, 6.333333 ],
			"faces": {
				"up": { "uv": [ 8.125, 9, 8.375, 8.875 ], "texture": "#stave-11", "cullface": "up" },
				"south": { "uv": [ 8.125, 8.625, 8.375, 8.75 ], "texture": "#stave-11", "cullface": "up" },
				"west": { "uv": [ 8.625, 10.75, 8.75, 10.875 ], "texture": "#stave-11", "cullface": "up" },
				"east": { "uv": [ 8.625, 10.625, 8.5, 10.75 ], "texture": "#stave-11", "cullface": "up" }
			}
		},
		{
			"__comment": "Voxels",
			"from": [ 7.6667, 22, 9.666699 ],
			"to": [ 8.333366, 22.33333, 10.33337 ],
			"faces": {
				"down": { "uv": [ 7, 15.25, 7.25, 15.5 ], "texture": "#stave-11", "cullface": "up" },
				"up": { "uv": [ 6.75, 8.25, 7, 8 ], "texture": "#stave-11", "cullface": "up" },
				"north": { "uv": [ 8.375, 8.125, 8.125, 8.25 ], "texture": "#stave-11", "cullface": "up" },
				"west": { "uv": [ 8.375, 15.5, 8.625, 15.625 ], "texture": "#stave-11", "cullface": "up" },
				"east": { "uv": [ 8.875, 15.5, 8.625, 15.625 ], "texture": "#stave-11", "cullface": "up" }
			}
		},
		{
			"__comment": "Voxels",
			"from": [ 7.6667, 22, 10.6667 ],
			"to": [ 8.333366, 23.66667, 11.33337 ],
			"faces": {
				"down": { "uv": [ 6.5, 8.625, 6.75, 8.875 ], "texture": "#stave-11", "cullface": "up" },
				"up": { "uv": [ 6.75, 9.125, 7, 8.875 ], "texture": "#stave-11", "cullface": "up" },
				"north": { "uv": [ 4.75, 12.75, 4.5, 13.375 ], "texture": "#stave-11", "cullface": "up" },
				"south": { "uv": [ 4, 12.125, 4.25, 12.75 ], "texture": "#stave-11", "cullface": "up" },
				"west": { "uv": [ 2.5, 12.125, 2.75, 12.75 ], "texture": "#stave-11", "cullface": "up" },
				"east": { "uv": [ 4.25, 13.375, 4, 14 ], "texture": "#stave-11", "cullface": "up" }
			}
		},
		{
			"__comment": "Voxels",
			"from": [ 7.6667, 22.3333, 5.3333 ],
			"to": [ 8.333366, 22.99997, 5.666633 ],
			"faces": {
				"up": { "uv": [ 9.625, 15.625, 9.875, 15.5 ], "texture": "#stave-11", "cullface": "up" },
				"south": { "uv": [ 6.5, 11.25, 6.75, 11.5 ], "texture": "#stave-11", "cullface": "up" },
				"west": { "uv": [ 8.375, 13.75, 8.5, 14 ], "texture": "#stave-11", "cullface": "up" },
				"east": { "uv": [ 8.5, 13.5, 8.375, 13.75 ], "texture": "#stave-11", "cullface": "up" }
			}
		},
		{
			"__comment": "Voxels",
			"from": [ 7.6667, 22.3333, 10 ],
			"to": [ 8.333366, 22.66663, 10.66667 ],
			"faces": {
				"down": { "uv": [ 6.75, 12, 7, 12.25 ], "texture": "#stave-11", "cullface": "up" },
				"up": { "uv": [ 6.5, 12.25, 6.75, 12 ], "texture": "#stave-11", "cullface": "up" },
				"north": { "uv": [ 10.625, 15.5, 10.375, 15.625 ], "texture": "#stave-11", "cullface": "up" },
				"west": { "uv": [ 10.875, 15.5, 11.125, 15.625 ], "texture": "#stave-11", "cullface": "up" },
				"east": { "uv": [ 11.375, 15.5, 11.125, 15.625 ], "texture": "#stave-11", "cullface": "up" }
			}
		},
		{
			"__comment": "Voxels",
			"from": [ 7.6667, 22.6667, 7.3333 ],
			"to": [ 8.333366, 24.6667, 7.666633 ],
			"faces": {
				"down": { "uv": [ 11.375, 15.5, 11.625, 15.625 ], "texture": "#stave-11", "cullface": "up" },
				"up": { "uv": [ 11.625, 15.625, 11.875, 15.5 ], "texture": "#stave-11", "cullface": "up" },
				"north": { "uv": [ 1.75, 11.75, 1.5, 12.5 ], "texture": "#stave-11", "cullface": "up" },
				"south": { "uv": [ 1.5, 8.75, 1.75, 9.5 ], "texture": "#stave-11", "cullface": "up" },
				"west": { "uv": [ 6, 11.375, 6.125, 12.125 ], "texture": "#stave-11", "cullface": "up" },
				"east": { "uv": [ 6, 11.375, 5.875, 12.125 ], "texture": "#stave-11", "cullface": "up" }
			}
		},
		{
			"__comment": "Voxels",
			"from": [ 7.6667, 22.6667, 8.3333 ],
			"to": [ 8.333366, 24.6667, 8.666633 ],
			"faces": {
				"down": { "uv": [ 11.875, 15.5, 12.125, 15.625 ], "texture": "#stave-11", "cullface": "up" },
				"up": { "uv": [ 12.125, 15.625, 12.375, 15.5 ], "texture": "#stave-11", "cullface": "up" },
				"north": { "uv": [ 1.75, 10.25, 1.5, 11 ], "texture": "#stave-11", "cullface": "up" },
				"south": { "uv": [ 1.5, 12.5, 1.75, 13.25 ], "texture": "#stave-11", "cullface": "up" },
				"west": { "uv": [ 5.75, 13.25, 5.875, 14 ], "texture": "#stave-11", "cullface": "up" },
				"east": { "uv": [ 5.875, 11.375, 5.75, 12.125 ], "texture": "#stave-11", "cullface": "up" }
			}
		},
		{
			"__comment": "Voxels",
			"from": [ 7.6667, 22.6667, 10.3333 ],
			"to": [ 8.333366, 23.00003, 10.66663 ],
			"faces": {
				"up": { "uv": [ 13.125, 15.625, 13.375, 15.5 ], "texture": "#stave-11", "cullface": "up" },
				"north": { "uv": [ 13.625, 15.5, 13.375, 15.625 ], "texture": "#stave-11", "cullface": "up" },
				"west": { "uv": [ 8.625, 8.75, 8.75, 8.875 ], "texture": "#stave-11", "cullface": "up" },
				"east": { "uv": [ 9.125, 15.125, 9, 15.25 ], "texture": "#stave-11", "cullface": "up" }
			}
		},
		{
			"__comment": "Voxels",
			"from": [ 7.6667, 23.3333, 7 ],
			"to": [ 8.333366, 23.66663, 7.333333 ],
			"faces": {
				"down": { "uv": [ 13.875, 15.5, 14.125, 15.625 ], "texture": "#stave-11", "cullface": "up" },
				"north": { "uv": [ 14.625, 15.5, 14.375, 15.625 ], "texture": "#stave-11", "cullface": "up" },
				"west": { "uv": [ 8.5, 10.5, 8.625, 10.625 ], "texture": "#stave-11", "cullface": "up" },
				"east": { "uv": [ 8.75, 10, 8.625, 10.125 ], "texture": "#stave-11", "cullface": "up" }
			}
		},
		{
			"__comment": "Voxels",
			"from": [ 7.6667, 23.3333, 8.666699 ],
			"to": [ 8.333366, 23.66663, 9.000032 ],
			"faces": {
				"down": { "uv": [ 14.875, 15.5, 15.125, 15.625 ], "texture": "#stave-11", "cullface": "up" },
				"south": { "uv": [ 15.625, 15.5, 15.875, 15.625 ], "texture": "#stave-11", "cullface": "up" },
				"west": { "uv": [ 9.125, 15.125, 9.25, 15.25 ], "texture": "#stave-11", "cullface": "up" },
				"east": { "uv": [ 8.75, 10.625, 8.625, 10.75 ], "texture": "#stave-11", "cullface": "up" }
			}
		},
		{
			"__comment": "Voxels",
			"from": [ 7.6667, 23.6667, 6 ],
			"to": [ 8.333366, 24.33336, 6.333333 ],
			"faces": {
				"down": { "uv": [ 8.5, 15.375, 8.75, 15.5 ], "texture": "#stave-11", "cullface": "up" },
				"up": { "uv": [ 8.75, 15.5, 9, 15.375 ], "texture": "#stave-11", "cullface": "up" },
				"north": { "uv": [ 6.5, 10.75, 6.25, 11 ], "texture": "#stave-11", "cullface": "up" },
				"south": { "uv": [ 5.5, 12.25, 5.75, 12.5 ], "texture": "#stave-11", "cullface": "up" },
				"west": { "uv": [ 8.375, 12.25, 8.5, 12.5 ], "texture": "#stave-11", "cullface": "up" },
				"east": { "uv": [ 8.5, 12, 8.375, 12.25 ], "texture": "#stave-11", "cullface": "up" }
			}
		},
		{
			"__comment": "Voxels",
			"from": [ 7.6667, 23.6667, 6.3333 ],
			"to": [ 8.333366, 24.00003, 6.999966 ],
			"faces": {
				"down": { "uv": [ 7.75, 10.5, 8, 10.75 ], "texture": "#stave-11", "cullface": "up" },
				"west": { "uv": [ 9.5, 15.375, 9.75, 15.5 ], "texture": "#stave-11", "cullface": "up" },
				"east": { "uv": [ 10, 15.375, 9.75, 15.5 ], "texture": "#stave-11", "cullface": "up" }
			}
		},
		{
			"__comment": "Voxels",
			"from": [ 7.6667, 23.6667, 9 ],
			"to": [ 8.333366, 24.00003, 10 ],
			"faces": {
				"down": { "uv": [ 5.75, 12.125, 6, 12.5 ], "texture": "#stave-11", "cullface": "up" },
				"up": { "uv": [ 6.125, 12.875, 6.375, 12.5 ], "texture": "#stave-11", "cullface": "up" },
				"south": { "uv": [ 10.75, 15.375, 11, 15.5 ], "texture": "#stave-11", "cullface": "up" },
				"west": { "uv": [ 5.375, 9.875, 5.75, 10 ], "texture": "#stave-11", "cullface": "up" },
				"east": { "uv": [ 7.875, 8.625, 7.5, 8.75 ], "texture": "#stave-11", "cullface": "up" }
			}
		},
		{
			"__comment": "Voxels",
			"from": [ 7.6667, 23.6667, 11 ],
			"to": [ 8.333366, 24.00003, 11.33333 ],
			"faces": {
				"up": { "uv": [ 11.25, 15.5, 11.5, 15.375 ], "texture": "#stave-11", "cullface": "up" },
				"north": { "uv": [ 10.875, 15.5, 10.625, 15.625 ], "texture": "#stave-11", "cullface": "up" },
				"south": { "uv": [ 11.5, 15.375, 11.75, 15.5 ], "texture": "#stave-11", "cullface": "up" },
				"west": { "uv": [ 8.5, 8.25, 8.625, 8.375 ], "texture": "#stave-11", "cullface": "up" },
				"east": { "uv": [ 8.75, 8.125, 8.625, 8.25 ], "texture": "#stave-11", "cullface": "up" }
			}
		},
		{
			"__comment": "Voxels",
			"from": [ 7.6667, 24, 9.666699 ],
			"to": [ 8.333366, 24.33333, 10.00003 ],
			"faces": {
				"up": { "uv": [ 12, 15.5, 12.25, 15.375 ], "texture": "#stave-11", "cullface": "up" },
				"south": { "uv": [ 12.5, 15.375, 12.75, 15.5 ], "texture": "#stave-11", "cullface": "up" },
				"west": { "uv": [ 8.625, 10.375, 8.75, 10.5 ], "texture": "#stave-11", "cullface": "up" },
				"east": { "uv": [ 8.625, 10.125, 8.5, 10.25 ], "texture": "#stave-11", "cullface": "up" }
			}
		},
		{
			"__comment": "Voxels",
			"from": [ 7.6667, 24.3333, 5 ],
			"to": [ 8.333366, 24.66663, 5.333333 ],
			"faces": {
				"down": { "uv": [ 12.75, 15.375, 13, 15.5 ], "texture": "#stave-11", "cullface": "up" },
				"up": { "uv": [ 13, 15.5, 13.25, 15.375 ], "texture": "#stave-11", "cullface": "up" },
				"north": { "uv": [ 13.5, 15.375, 13.25, 15.5 ], "texture": "#stave-11", "cullface": "up" },
				"south": { "uv": [ 13.5, 15.375, 13.75, 15.5 ], "texture": "#stave-11", "cullface": "up" },
				"west": { "uv": [ 8.625, 9.625, 8.75, 9.75 ], "texture": "#stave-11", "cullface": "up" },
				"east": { "uv": [ 8.625, 9.375, 8.5, 9.5 ], "texture": "#stave-11", "cullface": "up" }
			}
		},
		{
			"__comment": "Voxels",
			"from": [ 7.6667, 24.3333, 6.3333 ],
			"to": [ 8.333366, 24.99997, 6.666633 ],
			"faces": {
				"north": { "uv": [ 7.5, 8.125, 7.25, 8.375 ], "texture": "#stave-11", "cullface": "up" },
				"west": { "uv": [ 8.375, 11.25, 8.5, 11.5 ], "texture": "#stave-11", "cullface": "up" },
				"east": { "uv": [ 8.5, 11, 8.375, 11.25 ], "texture": "#stave-11", "cullface": "up" }
			}
		},
		{
			"__comment": "Voxels",
			"from": [ 7.6667, 24.3333, 9.3333 ],
			"to": [ 8.333366, 24.99997, 9.666633 ],
			"faces": {
				"south": { "uv": [ 7, 12.375, 7.25, 12.625 ], "texture": "#stave-11", "cullface": "up" },
				"west": { "uv": [ 8.375, 10.75, 8.5, 11 ], "texture": "#stave-11", "cullface": "up" },
				"east": { "uv": [ 8.5, 10.5, 8.375, 10.75 ], "texture": "#stave-11", "cullface": "up" }
			}
		},
		{
			"__comment": "Voxels",
			"from": [ 7.6667, 24.3333, 10.6667 ],
			"to": [ 8.333366, 24.66663, 11.00003 ],
			"faces": {
				"down": { "uv": [ 14.75, 15.375, 15, 15.5 ], "texture": "#stave-11", "cullface": "up" },
				"up": { "uv": [ 15, 15.5, 15.25, 15.375 ], "texture": "#stave-11", "cullface": "up" },
				"north": { "uv": [ 15.5, 15.375, 15.25, 15.5 ], "texture": "#stave-11", "cullface": "up" },
				"south": { "uv": [ 15.5, 15.375, 15.75, 15.5 ], "texture": "#stave-11", "cullface": "up" },
				"west": { "uv": [ 8.5, 10.25, 8.625, 10.375 ], "texture": "#stave-11", "cullface": "up" },
				"east": { "uv": [ 8.75, 10.25, 8.625, 10.375 ], "texture": "#stave-11", "cullface": "up" }
			}
		},
		{
			"__comment": "Voxels",
			"from": [ 7.6667, 24.6667, 7 ],
			"to": [ 8.333366, 25.00003, 7.333333 ],
			"faces": {
				"up": { "uv": [ 8.5, 15.375, 8.75, 15.25 ], "texture": "#stave-11", "cullface": "up" },
				"south": { "uv": [ 9, 15.25, 9.25, 15.375 ], "texture": "#stave-11", "cullface": "up" },
				"west": { "uv": [ 8.5, 9.75, 8.625, 9.875 ], "texture": "#stave-11", "cullface": "up" },
				"east": { "uv": [ 8.75, 9.75, 8.625, 9.875 ], "texture": "#stave-11", "cullface": "up" }
			}
		},
		{
			"__comment": "Voxels",
			"from": [ 7.6667, 24.6667, 7.6667 ],
			"to": [ 8.333366, 25.00003, 8.333366 ],
			"faces": {
				"down": { "uv": [ 7.125, 14.5, 7.375, 14.75 ], "texture": "#stave-11", "cullface": "up" },
				"north": { "uv": [ 10, 15.25, 9.75, 15.375 ], "texture": "#stave-11", "cullface": "up" },
				"south": { "uv": [ 10, 15.25, 10.25, 15.375 ], "texture": "#stave-11", "cullface": "up" },
				"west": { "uv": [ 8.125, 8.5, 8.375, 8.625 ], "texture": "#stave-11", "cullface": "up" },
				"east": { "uv": [ 10.75, 15.25, 10.5, 15.375 ], "texture": "#stave-11", "cullface": "up" }
			}
		},
		{
			"__comment": "Voxels",
			"from": [ 7.6667, 24.6667, 8.666699 ],
			"to": [ 8.333366, 25.00003, 9.000032 ],
			"faces": {
				"up": { "uv": [ 11, 15.375, 11.25, 15.25 ], "texture": "#stave-11", "cullface": "up" },
				"north": { "uv": [ 11.5, 15.25, 11.25, 15.375 ], "texture": "#stave-11", "cullface": "up" },
				"west": { "uv": [ 8.5, 8.625, 8.625, 8.75 ], "texture": "#stave-11", "cullface": "up" },
				"east": { "uv": [ 8.75, 8.375, 8.625, 8.5 ], "texture": "#stave-11", "cullface": "up" }
			}
		},
		{
			"__comment": "Voxels",
			"from": [ 7.6667, 25, 6 ],
			"to": [ 8.333366, 25.33333, 6.333333 ],
			"faces": {
				"down": { "uv": [ 11.75, 15.25, 12, 15.375 ], "texture": "#stave-11", "cullface": "up" },
				"north": { "uv": [ 12.5, 15.25, 12.25, 15.375 ], "texture": "#stave-11", "cullface": "up" },
				"west": { "uv": [ 8.5, 8, 8.625, 8.125 ], "texture": "#stave-11", "cullface": "up" },
				"east": { "uv": [ 9, 15.125, 8.875, 15.25 ], "texture": "#stave-11", "cullface": "up" }
			}
		},
		{
			"__comment": "Voxels",
			"from": [ 7.6667, 25, 6.6667 ],
			"to": [ 8.333366, 28, 7.000033 ],
			"faces": {
				"up": { "uv": [ 13, 15.375, 13.25, 15.25 ], "texture": "#stave-11", "cullface": "up" },
				"north": { "uv": [ 2.75, 10.875, 2.5, 12 ], "texture": "#stave-11", "cullface": "up" },
				"south": { "uv": [ 2.75, 13.875, 3, 15 ], "texture": "#stave-11", "cullface": "up" },
				"west": { "uv": [ 4.125, 10.375, 4.25, 11.5 ], "texture": "#stave-11", "cullface": "up" },
				"east": { "uv": [ 4.375, 10.375, 4.25, 11.5 ], "texture": "#stave-11", "cullface": "up" }
			}
		},
		{
			"__comment": "Voxels",
			"from": [ 7.6667, 25, 7.3333 ],
			"to": [ 8.333366, 25.66667, 7.666633 ],
			"faces": {
				"down": { "uv": [ 13.25, 15.25, 13.5, 15.375 ], "texture": "#stave-11", "cullface": "up" },
				"up": { "uv": [ 13.5, 15.375, 13.75, 15.25 ], "texture": "#stave-11", "cullface": "up" },
				"north": { "uv": [ 6, 8.625, 5.75, 8.875 ], "texture": "#stave-11", "cullface": "up" },
				"south": { "uv": [ 6, 8.625, 6.25, 8.875 ], "texture": "#stave-11", "cullface": "up" },
				"west": { "uv": [ 8.375, 10.25, 8.5, 10.5 ], "texture": "#stave-11", "cullface": "up" },
				"east": { "uv": [ 8.5, 10, 8.375, 10.25 ], "texture": "#stave-11", "cullface": "up" }
			}
		},
		{
			"__comment": "Voxels",
			"from": [ 7.6667, 25, 8.3333 ],
			"to": [ 8.333366, 25.66667, 8.666633 ],
			"faces": {
				"down": { "uv": [ 13.75, 15.25, 14, 15.375 ], "texture": "#stave-11", "cullface": "up" },
				"up": { "uv": [ 14, 15.375, 14.25, 15.25 ], "texture": "#stave-11", "cullface": "up" },
				"north": { "uv": [ 6, 8.125, 5.75, 8.375 ], "texture": "#stave-11", "cullface": "up" },
				"south": { "uv": [ 6.5, 15.625, 6.75, 15.875 ], "texture": "#stave-11", "cullface": "up" },
				"west": { "uv": [ 8.375, 9.75, 8.5, 10 ], "texture": "#stave-11", "cullface": "up" },
				"east": { "uv": [ 8.5, 9.5, 8.375, 9.75 ], "texture": "#stave-11", "cullface": "up" }
			}
		},
		{
			"__comment": "Voxels",
			"from": [ 7.6667, 25, 9 ],
			"to": [ 8.333366, 28, 9.333333 ],
			"faces": {
				"up": { "uv": [ 14.5, 15.375, 14.75, 15.25 ], "texture": "#stave-11", "cullface": "up" },
				"north": { "uv": [ 3.25, 13.875, 3, 15 ], "texture": "#stave-11", "cullface": "up" },
				"south": { "uv": [ 3.25, 13.875, 3.5, 15 ], "texture": "#stave-11", "cullface": "up" },
				"west": { "uv": [ 4, 10.375, 4.125, 11.5 ], "texture": "#stave-11", "cullface": "up" },
				"east": { "uv": [ 4.5, 10.375, 4.375, 11.5 ], "texture": "#stave-11", "cullface": "up" }
			}
		},
		{
			"__comment": "Voxels",
			"from": [ 7.6667, 25, 9.666699 ],
			"to": [ 8.333366, 25.33333, 10.00003 ],
			"faces": {
				"down": { "uv": [ 15.75, 15.25, 16, 15.375 ], "texture": "#stave-11", "cullface": "up" },
				"south": { "uv": [ 8.5, 14.875, 8.75, 15 ], "texture": "#stave-11", "cullface": "up" },
				"west": { "uv": [ 8.625, 9.125, 8.75, 9.25 ], "texture": "#stave-11", "cullface": "up" },
				"east": { "uv": [ 8.625, 9, 8.5, 9.125 ], "texture": "#stave-11", "cullface": "up" }
			}
		},
		{
			"__comment": "Voxels",
			"from": [ 7.6667, 25.3333, 5.6667 ],
			"to": [ 8.333366, 25.99997, 6.000033 ],
			"faces": {
				"down": { "uv": [ 8.5, 14.75, 8.75, 14.875 ], "texture": "#stave-11", "cullface": "up" },
				"up": { "uv": [ 8.5, 14.75, 8.75, 14.625 ], "texture": "#stave-11", "cullface": "up" },
				"north": { "uv": [ 7.25, 13.25, 7, 13.5 ], "texture": "#stave-11", "cullface": "up" },
				"west": { "uv": [ 8.375, 9.25, 8.5, 9.5 ], "texture": "#stave-11", "cullface": "up" },
				"east": { "uv": [ 8.5, 9, 8.375, 9.25 ], "texture": "#stave-11", "cullface": "up" }
			}
		},
		{
			"__comment": "Voxels",
			"from": [ 7.6667, 25.3333, 7.6667 ],
			"to": [ 8.333366, 26.99997, 8.333366 ],
			"faces": {
				"up": { "uv": [ 7.25, 11.125, 7.5, 10.875 ], "texture": "#stave-11", "cullface": "up" },
				"north": { "uv": [ 0.75, 8, 0.5, 8.625 ], "texture": "#stave-11", "cullface": "up" },
				"south": { "uv": [ 0.25, 8, 0.5, 8.625 ], "texture": "#stave-11", "cullface": "up" },
				"west": { "uv": [ 4.5, 13.375, 4.75, 14 ], "texture": "#stave-11", "cullface": "up" },
				"east": { "uv": [ 1, 8, 0.75, 8.625 ], "texture": "#stave-11", "cullface": "up" }
			}
		},
		{
			"__comment": "Voxels",
			"from": [ 7.6667, 25.3333, 10 ],
			"to": [ 8.333366, 25.99997, 10.33333 ],
			"faces": {
				"down": { "uv": [ 8.5, 14.5, 8.75, 14.625 ], "texture": "#stave-11", "cullface": "up" },
				"up": { "uv": [ 8.5, 14.5, 8.75, 14.375 ], "texture": "#stave-11", "cullface": "up" },
				"south": { "uv": [ 7.5, 10, 7.75, 10.25 ], "texture": "#stave-11", "cullface": "up" },
				"west": { "uv": [ 8.5, 13.875, 8.625, 14.125 ], "texture": "#stave-11", "cullface": "up" },
				"east": { "uv": [ 8.75, 13.875, 8.625, 14.125 ], "texture": "#stave-11", "cullface": "up" }
			}
		},
		{
			"__comment": "Voxels",
			"from": [ 7.6667, 25.6667, 6.3333 ],
			"to": [ 8.333366, 27.33336, 6.666633 ],
			"faces": {
				"up": { "uv": [ 8.5, 13.75, 8.75, 13.625 ], "texture": "#stave-11", "cullface": "up" },
				"north": { "uv": [ 4.25, 11.5, 4, 12.125 ], "texture": "#stave-11", "cullface": "up" },
				"west": { "uv": [ 6, 9.25, 6.125, 9.875 ], "texture": "#stave-11", "cullface": "up" },
				"east": { "uv": [ 4.875, 8, 4.75, 8.625 ], "texture": "#stave-11", "cullface": "up" }
			}
		},
		{
			"__comment": "Voxels",
			"from": [ 7.6667, 25.6667, 9.3333 ],
			"to": [ 8.333366, 27.33336, 9.666633 ],
			"faces": {
				"up": { "uv": [ 8.5, 13, 8.75, 12.875 ], "texture": "#stave-11", "cullface": "up" },
				"south": { "uv": [ 4.25, 13.375, 4.5, 14 ], "texture": "#stave-11", "cullface": "up" },
				"west": { "uv": [ 5.875, 9.25, 6, 9.875 ], "texture": "#stave-11", "cullface": "up" },
				"east": { "uv": [ 5.875, 9.25, 5.75, 9.875 ], "texture": "#stave-11", "cullface": "up" }
			}
		},
		{
			"__comment": "Voxels",
			"from": [ 7.6667, 26, 6 ],
			"to": [ 8.333366, 26.66667, 6.333333 ],
			"faces": {
				"up": { "uv": [ 8.5, 12.25, 8.75, 12.125 ], "texture": "#stave-11", "cullface": "up" },
				"north": { "uv": [ 5.75, 12.5, 5.5, 12.75 ], "texture": "#stave-11", "cullface": "up" },
				"west": { "uv": [ 7.375, 14.5, 7.5, 14.75 ], "texture": "#stave-11", "cullface": "up" },
				"east": { "uv": [ 8, 14.25, 7.875, 14.5 ], "texture": "#stave-11", "cullface": "up" }
			}
		},
		{
			"__comment": "Voxels",
			"from": [ 7.6667, 26, 9.666699 ],
			"to": [ 8.333366, 26.66667, 10.00003 ],
			"faces": {
				"up": { "uv": [ 6.25, 10, 6.5, 9.875 ], "texture": "#stave-11", "cullface": "up" },
				"south": { "uv": [ 4.5, 8.625, 4.75, 8.875 ], "texture": "#stave-11", "cullface": "up" },
				"west": { "uv": [ 7.875, 14, 8, 14.25 ], "texture": "#stave-11", "cullface": "up" },
				"east": { "uv": [ 8, 13.25, 7.875, 13.5 ], "texture": "#stave-11", "cullface": "up" }
			}
		},
		{
			"__comment": "Voxels",
			"from": [ 7.6667, 27, 7 ],
			"to": [ 8.333366, 28.33333, 7.333333 ],
			"faces": {
				"down": { "uv": [ 8.375, 15.875, 8.625, 16 ], "texture": "#stave-11", "cullface": "up" },
				"up": { "uv": [ 8.625, 16, 8.875, 15.875 ], "texture": "#stave-11", "cullface": "up" },
				"north": { "uv": [ 5.25, 13.5, 5, 14 ], "texture": "#stave-11", "cullface": "up" },
				"south": { "uv": [ 4.75, 13.5, 5, 14 ], "texture": "#stave-11", "cullface": "up" },
				"west": { "uv": [ 7.5, 11.125, 7.625, 11.625 ], "texture": "#stave-11", "cullface": "up" },
				"east": { "uv": [ 7.75, 11.125, 7.625, 11.625 ], "texture": "#stave-11", "cullface": "up" }
			}
		},
		{
			"__comment": "Voxels",
			"from": [ 7.6667, 27, 8.666699 ],
			"to": [ 8.333366, 28.33333, 9.000032 ],
			"faces": {
				"down": { "uv": [ 14.875, 15.875, 15.125, 16 ], "texture": "#stave-11", "cullface": "up" },
				"up": { "uv": [ 8.375, 15.875, 8.625, 15.75 ], "texture": "#stave-11", "cullface": "up" },
				"north": { "uv": [ 5, 11.5, 4.75, 12 ], "texture": "#stave-11", "cullface": "up" },
				"south": { "uv": [ 4.5, 11.625, 4.75, 12.125 ], "texture": "#stave-11", "cullface": "up" },
				"west": { "uv": [ 7.75, 11.125, 7.875, 11.625 ], "texture": "#stave-11", "cullface": "up" },
				"east": { "uv": [ 8, 11.125, 7.875, 11.625 ], "texture": "#stave-11", "cullface": "up" }
			}
		},
		{
			"__comment": "Voxels",
			"from": [ 7.6667, 27.6667, 7.3333 ],
			"to": [ 8.333366, 28.6667, 7.666633 ],
			"faces": {
				"down": { "uv": [ 11.375, 15.75, 11.625, 15.875 ], "texture": "#stave-11", "cullface": "up" },
				"up": { "uv": [ 11.625, 15.875, 11.875, 15.75 ], "texture": "#stave-11", "cullface": "up" },
				"north": { "uv": [ 5.5, 8.125, 5.25, 8.5 ], "texture": "#stave-11", "cullface": "up" },
				"south": { "uv": [ 5.5, 8.125, 5.75, 8.5 ], "texture": "#stave-11", "cullface": "up" },
				"west": { "uv": [ 8, 15.25, 8.125, 15.625 ], "texture": "#stave-11", "cullface": "up" },
				"east": { "uv": [ 8.125, 14.875, 8, 15.25 ], "texture": "#stave-11", "cullface": "up" }
			}
		},
		{
			"__comment": "Voxels",
			"from": [ 7.6667, 27.6667, 8.3333 ],
			"to": [ 8.333366, 28.6667, 8.666633 ],
			"faces": {
				"down": { "uv": [ 10.625, 15.625, 10.875, 15.75 ], "texture": "#stave-11", "cullface": "up" },
				"up": { "uv": [ 11.875, 15.75, 12.125, 15.625 ], "texture": "#stave-11", "cullface": "up" },
				"north": { "uv": [ 6, 15.125, 5.75, 15.5 ], "texture": "#stave-11", "cullface": "up" },
				"south": { "uv": [ 6, 15.125, 6.25, 15.5 ], "texture": "#stave-11", "cullface": "up" },
				"west": { "uv": [ 8, 13.75, 8.125, 14.125 ], "texture": "#stave-11", "cullface": "up" },
				"east": { "uv": [ 8.125, 13.375, 8, 13.75 ], "texture": "#stave-11", "cullface": "up" }
			}
		},
		{
			"__comment": "Voxels",
			"from": [ 7.6667, 28, 7.6667 ],
			"to": [ 8.333366, 29.66667, 8.333366 ],
			"faces": {
				"down": { "uv": [ 7.5, 10.25, 7.75, 10.5 ], "texture": "#stave-11", "cullface": "up" },
				"up": { "uv": [ 7.75, 10.5, 8, 10.25 ], "texture": "#stave-11", "cullface": "up" },
				"north": { "uv": [ 4.75, 12.125, 4.5, 12.75 ], "texture": "#stave-11", "cullface": "up" },
				"south": { "uv": [ 3.75, 12.75, 4, 13.375 ], "texture": "#stave-11", "cullface": "up" },
				"west": { "uv": [ 4.25, 12.75, 4.5, 13.375 ], "texture": "#stave-11", "cullface": "up" },
				"east": { "uv": [ 4.25, 12.75, 4, 13.375 ], "texture": "#stave-11", "cullface": "up" }
			}
		}
	],
	"display": {
		"thirdperson_righthand": {
			"translation":  [ 0, 1.4, 1.4 ]
		},
		"thirdperson_lefthand": {
			"translation":  [ 0, 1.4, 1.4 ]
		},
		"firstperson_righthand": {
			"rotation":  [ -10, 0, 0 ],
			"translation":  [ 0, 3.5, 0 ],
			"scale":  [ 0.6, 0.6, 0.6 ]
		},
		"firstperson_lefthand": {
			"rotation":  [ -10, 0, 0 ],
			"translation":  [ 0, 3.5, 0 ],
			"scale":  [ 0.6, 0.6, 0.6 ]
		},
		"gui": {
			"rotation":  [ 90, -120, 90 ],
			"scale":  [ 0.4, 0.4, 0.4 ]
		},
		"head": {
			"scale":  [ 0.0001, 0.0001, 0.0001 ]
		},
		"ground": {
			"translation":  [ 0, 15, 0 ],
			"scale":  [ 0.8, 0.8, 0.8 ]
		},
		"fixed": {
			"rotation":  [ 90, -60, 90 ],
			"scale":  [ 0.5, 0.5, 0.5 ]
		}
	}
}