{
	"__comment": "Designed by Master氵楚兒 with Cubik Studio - https://cubik.studio",
	"textures": {
		"particle": "trademodel/e_particle",
		"texture": "trademodel/e_texture",
		"stave-14": "trademodel/stave-14"
	},
	"elements": [ 	 
		{
			"__comment": "Voxels",
			"from": [ 7, 20, 7.6667 ],
			"to": [ 9, 20.66667, 8.333366 ],
			"faces": {
				"down": { "uv": [ 6.25, 10.875, 7, 11.125 ], "texture": "#stave-14", "cullface": "up" },
				"up": { "uv": [ 6.25, 16, 7, 15.75 ], "texture": "#stave-14", "cullface": "up" },
				"north": { "uv": [ 7, 15.5, 6.25, 15.75 ], "texture": "#stave-14", "cullface": "up" },
				"south": { "uv": [ 6.25, 15.25, 7, 15.5 ], "texture": "#stave-14", "cullface": "up" },
				"west": { "uv": [ 9, 8.25, 9.25, 8.5 ], "texture": "#stave-14", "cullface": "up" },
				"east": { "uv": [ 14.5, 14.75, 14.25, 15 ], "texture": "#stave-14", "cullface": "up" }
			}
		},
		{
			"__comment": "Voxels",
			"from": [ 7, 20.3333, 7.3333 ],
			"to": [ 9, 20.66663, 7.666633 ],
			"faces": {
				"down": { "uv": [ 12, 15.625, 12.75, 15.75 ], "texture": "#stave-14", "cullface": "up" },
				"up": { "uv": [ 12, 15.625, 12.75, 15.5 ], "texture": "#stave-14", "cullface": "up" },
				"north": { "uv": [ 13.5, 15.625, 12.75, 15.75 ], "texture": "#stave-14", "cullface": "up" },
				"west": { "uv": [ 10.125, 11.125, 10.25, 11.25 ], "texture": "#stave-14", "cullface": "up" },
				"east": { "uv": [ 10.125, 11.125, 10, 11.25 ], "texture": "#stave-14", "cullface": "up" }
			}
		},
		{
			"__comment": "Voxels",
			"from": [ 7, 20.3333, 8.3333 ],
			"to": [ 9, 20.66663, 8.666633 ],
			"faces": {
				"down": { "uv": [ 13.5, 15.625, 14.25, 15.75 ], "texture": "#stave-14", "cullface": "up" },
				"up": { "uv": [ 13.5, 15.625, 14.25, 15.5 ], "texture": "#stave-14", "cullface": "up" },
				"south": { "uv": [ 14.25, 15.5, 15, 15.625 ], "texture": "#stave-14", "cullface": "up" },
				"west": { "uv": [ 9.875, 8, 10, 8.125 ], "texture": "#stave-14", "cullface": "up" },
				"east": { "uv": [ 10, 8.125, 9.875, 8.25 ], "texture": "#stave-14", "cullface": "up" }
			}
		},
		{
			"__comment": "Voxels",
			"from": [ 7.3333, -12.6667, 7.3333 ],
			"to": [ 8.666633, -8.333366, 7.666633 ],
			"faces": {
				"down": { "uv": [ 15, 14.75, 15.5, 14.875 ], "texture": "#stave-14", "cullface": "down" },
				"up": { "uv": [ 15.5, 15, 16, 14.875 ], "texture": "#stave-14", "cullface": "down" },
				"north": { "uv": [ 0.5, 8.625, 0, 10.25 ], "texture": "#stave-14", "cullface": "down" },
				"south": { "uv": [ 0.5, 8.625, 1, 10.25 ], "texture": "#stave-14", "cullface": "down" },
				"west": { "uv": [ 5.75, 9.75, 5.875, 11.375 ], "texture": "#stave-14", "cullface": "down" },
				"east": { "uv": [ 6.25, 9.75, 6.125, 11.375 ], "texture": "#stave-14", "cullface": "down" }
			}
		},
		{
			"__comment": "Voxels",
			"from": [ 7.3333, -12.3333, 7 ],
			"to": [ 8.666633, -9.999966, 7.333333 ],
			"faces": {
				"down": { "uv": [ 15.5, 14.75, 16, 14.875 ], "texture": "#stave-14", "cullface": "down" },
				"up": { "uv": [ 9.25, 14.75, 9.75, 14.625 ], "texture": "#stave-14", "cullface": "down" },
				"north": { "uv": [ 4.5, 15.125, 4, 16 ], "texture": "#stave-14", "cullface": "down" },
				"west": { "uv": [ 8.25, 12.875, 8.375, 13.75 ], "texture": "#stave-14", "cullface": "down" },
				"east": { "uv": [ 8.375, 12, 8.25, 12.875 ], "texture": "#stave-14", "cullface": "down" }
			}
		},
		{
			"__comment": "Voxels",
			"from": [ 7.3333, -12, 7.6667 ],
			"to": [ 8.666633, -10, 8.000033 ],
			"faces": {
				"down": { "uv": [ 9.75, 14.625, 10.25, 14.75 ], "texture": "#stave-14", "cullface": "down" },
				"up": { "uv": [ 10.25, 14.75, 10.75, 14.625 ], "texture": "#stave-14", "cullface": "down" },
				"south": { "uv": [ 4, 11.25, 4.5, 12 ], "texture": "#stave-14", "cullface": "down" },
				"west": { "uv": [ 8.25, 11.25, 8.375, 12 ], "texture": "#stave-14", "cullface": "down" },
				"east": { "uv": [ 8.375, 10.5, 8.25, 11.25 ], "texture": "#stave-14", "cullface": "down" }
			}
		},
		{
			"__comment": "Voxels",
			"from": [ 7.3333, -11.6667, 6.6667 ],
			"to": [ 8.666633, -10.33337, 7.000033 ],
			"faces": {
				"down": { "uv": [ 10.75, 14.625, 11.25, 14.75 ], "texture": "#stave-14", "cullface": "down" },
				"up": { "uv": [ 11.25, 14.75, 11.75, 14.625 ], "texture": "#stave-14", "cullface": "down" },
				"north": { "uv": [ 6.25, 15, 5.75, 15.5 ], "texture": "#stave-14", "cullface": "down" },
				"west": { "uv": [ 9.125, 11, 9.25, 11.5 ], "texture": "#stave-14", "cullface": "down" },
				"east": { "uv": [ 9.125, 10, 9, 10.5 ], "texture": "#stave-14", "cullface": "down" }
			}
		},
		{
			"__comment": "Voxels",
			"from": [ 7.3333, -11.6667, 8 ],
			"to": [ 8.666633, -10.00003, 8.333333 ],
			"faces": {
				"down": { "uv": [ 11.75, 14.625, 12.25, 14.75 ], "texture": "#stave-14", "cullface": "down" },
				"up": { "uv": [ 12.25, 14.75, 12.75, 14.625 ], "texture": "#stave-14", "cullface": "down" },
				"south": { "uv": [ 0.5, 8, 1, 8.625 ], "texture": "#stave-14", "cullface": "down" },
				"west": { "uv": [ 8.75, 8.875, 8.875, 9.5 ], "texture": "#stave-14", "cullface": "down" },
				"east": { "uv": [ 9, 13.25, 8.875, 13.875 ], "texture": "#stave-14", "cullface": "down" }
			}
		},
		{
			"__comment": "Voxels",
			"from": [ 7.3333, -11.3333, 6.3333 ],
			"to": [ 8.666633, -10.3333, 6.666633 ],
			"faces": {
				"down": { "uv": [ 12.75, 14.625, 13.25, 14.75 ], "texture": "#stave-14", "cullface": "down" },
				"up": { "uv": [ 14.25, 14.75, 14.75, 14.625 ], "texture": "#stave-14", "cullface": "down" },
				"north": { "uv": [ 7, 14.125, 6.5, 14.5 ], "texture": "#stave-14", "cullface": "down" },
				"west": { "uv": [ 9.375, 8.125, 9.5, 8.5 ], "texture": "#stave-14", "cullface": "down" },
				"east": { "uv": [ 9.375, 10.375, 9.25, 10.75 ], "texture": "#stave-14", "cullface": "down" }
			}
		},
		{
			"__comment": "Voxels",
			"from": [ 7.3333, -11.3333, 8.3333 ],
			"to": [ 8.666633, -10.3333, 8.666633 ],
			"faces": {
				"down": { "uv": [ 14.75, 14.625, 15.25, 14.75 ], "texture": "#stave-14", "cullface": "down" },
				"up": { "uv": [ 10.75, 15.25, 11.25, 15.125 ], "texture": "#stave-14", "cullface": "down" },
				"south": { "uv": [ 5.75, 8.25, 6.25, 8.625 ], "texture": "#stave-14", "cullface": "down" },
				"west": { "uv": [ 9.375, 10.75, 9.5, 11.125 ], "texture": "#stave-14", "cullface": "down" },
				"east": { "uv": [ 9.375, 10.75, 9.25, 11.125 ], "texture": "#stave-14", "cullface": "down" }
			}
		},
		{
			"__comment": "Voxels",
			"from": [ 7.3333, -8.3333, 7.6667 ],
			"to": [ 8.666633, 7.000034, 8.000033 ],
			"faces": {
				"down": { "uv": [ 9.25, 14.5, 9.75, 14.625 ], "texture": "#stave-14", "cullface": "down" },
				"up": { "uv": [ 14.5, 15, 15, 14.875 ], "texture": "#stave-14", "cullface": "down" },
				"north": { "uv": [ 1, 10.25, 0.5, 16 ], "texture": "#stave-14", "cullface": "down" },
				"south": { "uv": [ 0, 10.25, 0.5, 16 ], "texture": "#stave-14", "cullface": "down" },
				"west": { "uv": [ 2.625, 10.25, 2.75, 16 ], "texture": "#stave-14", "cullface": "down" },
				"east": { "uv": [ 2.625, 10.25, 2.5, 16 ], "texture": "#stave-14", "cullface": "down" }
			}
		},
		{
			"__comment": "Voxels",
			"from": [ 7.3333, -6, 7.3333 ],
			"to": [ 8.666633, -5, 7.666633 ],
			"faces": {
				"down": { "uv": [ 10.75, 14.5, 11.25, 14.625 ], "texture": "#stave-14", "cullface": "down" },
				"up": { "uv": [ 11.25, 14.625, 11.75, 14.5 ], "texture": "#stave-14", "cullface": "down" },
				"north": { "uv": [ 6.75, 13.75, 6.25, 14.125 ], "texture": "#stave-14", "cullface": "down" },
				"west": { "uv": [ 9.375, 11.125, 9.5, 11.5 ], "texture": "#stave-14", "cullface": "down" },
				"east": { "uv": [ 9.375, 11.125, 9.25, 11.5 ], "texture": "#stave-14", "cullface": "down" }
			}
		},
		{
			"__comment": "Voxels",
			"from": [ 7.3333, 12, 7.6667 ],
			"to": [ 8.666633, 13.66667, 8.000033 ],
			"faces": {
				"down": { "uv": [ 12.25, 14.5, 12.75, 14.625 ], "texture": "#stave-14" },
				"up": { "uv": [ 12.75, 14.625, 13.25, 14.5 ], "texture": "#stave-14" },
				"north": { "uv": [ 5, 9.75, 4.5, 10.375 ], "texture": "#stave-14" },
				"south": { "uv": [ 4.5, 11.625, 5, 12.25 ], "texture": "#stave-14" },
				"west": { "uv": [ 8.75, 12, 8.875, 12.625 ], "texture": "#stave-14" },
				"east": { "uv": [ 8.875, 10.125, 8.75, 10.75 ], "texture": "#stave-14" }
			}
		},
		{
			"__comment": "Voxels",
			"from": [ 7.3333, 12.3333, 8 ],
			"to": [ 8.666633, 12.99997, 8.333333 ],
			"faces": {
				"down": { "uv": [ 13.25, 14.5, 13.75, 14.625 ], "texture": "#stave-14" },
				"up": { "uv": [ 14.25, 14.625, 14.75, 14.5 ], "texture": "#stave-14" },
				"south": { "uv": [ 10.5, 15.5, 11, 15.75 ], "texture": "#stave-14" },
				"west": { "uv": [ 9.75, 9.25, 9.875, 9.5 ], "texture": "#stave-14" },
				"east": { "uv": [ 9.75, 8.5, 9.625, 8.75 ], "texture": "#stave-14" }
			}
		},
		{
			"__comment": "Voxels",
			"from": [ 7.3333, 13.6667, 7.3333 ],
			"to": [ 8.666633, 14.00003, 7.666633 ],
			"faces": {
				"down": { "uv": [ 14.75, 14.5, 15.25, 14.625 ], "texture": "#stave-14" },
				"up": { "uv": [ 15.25, 14.625, 15.75, 14.5 ], "texture": "#stave-14" },
				"north": { "uv": [ 10, 14.375, 9.5, 14.5 ], "texture": "#stave-14" },
				"south": { "uv": [ 10, 14.375, 10.5, 14.5 ], "texture": "#stave-14" },
				"west": { "uv": [ 9.875, 8.25, 10, 8.375 ], "texture": "#stave-14" },
				"east": { "uv": [ 10, 8.375, 9.875, 8.5 ], "texture": "#stave-14" }
			}
		},
		{
			"__comment": "Voxels",
			"from": [ 7.3333, 14.6667, 6.6667 ],
			"to": [ 8.666633, 15.33337, 7.000033 ],
			"faces": {
				"down": { "uv": [ 10.25, 15.375, 10.75, 15.5 ], "texture": "#stave-14" },
				"up": { "uv": [ 10.25, 15.375, 10.75, 15.25 ], "texture": "#stave-14" },
				"north": { "uv": [ 11.5, 15.5, 11, 15.75 ], "texture": "#stave-14" },
				"south": { "uv": [ 11.5, 15.5, 12, 15.75 ], "texture": "#stave-14" },
				"west": { "uv": [ 9.75, 8.5, 9.875, 8.75 ], "texture": "#stave-14" },
				"east": { "uv": [ 9.75, 8, 9.625, 8.25 ], "texture": "#stave-14" }
			}
		},
		{
			"__comment": "Voxels",
			"from": [ 7.3333, 15.3333, 6.3333 ],
			"to": [ 8.666633, 15.66663, 6.666633 ],
			"faces": {
				"down": { "uv": [ 10.25, 15.125, 10.75, 15.25 ], "texture": "#stave-14" },
				"up": { "uv": [ 10.75, 15.5, 11.25, 15.375 ], "texture": "#stave-14" },
				"north": { "uv": [ 11.25, 15.25, 10.75, 15.375 ], "texture": "#stave-14" },
				"south": { "uv": [ 13.75, 14.5, 14.25, 14.625 ], "texture": "#stave-14" },
				"west": { "uv": [ 9.875, 8.75, 10, 8.875 ], "texture": "#stave-14" },
				"east": { "uv": [ 10, 10.125, 9.875, 10.25 ], "texture": "#stave-14" }
			}
		},
		{
			"__comment": "Voxels",
			"from": [ 7.3333, 15.6667, 6.6667 ],
			"to": [ 8.666633, 16.33337, 7.000033 ],
			"faces": {
				"down": { "uv": [ 11.75, 14.5, 12.25, 14.625 ], "texture": "#stave-14", "cullface": "up" },
				"up": { "uv": [ 10.25, 14.625, 10.75, 14.5 ], "texture": "#stave-14", "cullface": "up" },
				"north": { "uv": [ 6.25, 8, 5.75, 8.25 ], "texture": "#stave-14", "cullface": "up" },
				"south": { "uv": [ 6.5, 8, 7, 8.25 ], "texture": "#stave-14", "cullface": "up" },
				"west": { "uv": [ 9.75, 8, 9.875, 8.25 ], "texture": "#stave-14", "cullface": "up" },
				"east": { "uv": [ 10, 13.875, 9.875, 14.125 ], "texture": "#stave-14", "cullface": "up" }
			}
		},
		{
			"__comment": "Voxels",
			"from": [ 7.3333, 16, 7 ],
			"to": [ 8.666633, 16.66667, 7.333333 ],
			"faces": {
				"down": { "uv": [ 9.75, 14.5, 10.25, 14.625 ], "texture": "#stave-14", "cullface": "up" },
				"up": { "uv": [ 15.25, 14.75, 15.75, 14.625 ], "texture": "#stave-14", "cullface": "up" },
				"north": { "uv": [ 8.25, 15.75, 7.75, 16 ], "texture": "#stave-14", "cullface": "up" },
				"south": { "uv": [ 8.25, 15.75, 8.75, 16 ], "texture": "#stave-14", "cullface": "up" },
				"west": { "uv": [ 9.875, 13.625, 10, 13.875 ], "texture": "#stave-14", "cullface": "up" },
				"east": { "uv": [ 10, 13.375, 9.875, 13.625 ], "texture": "#stave-14", "cullface": "up" }
			}
		},
		{
			"__comment": "Voxels",
			"from": [ 7.3333, 16.3333, 7.3333 ],
			"to": [ 8.666633, 17.3333, 7.666633 ],
			"faces": {
				"down": { "uv": [ 13.75, 14.625, 14.25, 14.75 ], "texture": "#stave-14", "cullface": "up" },
				"up": { "uv": [ 13.25, 14.75, 13.75, 14.625 ], "texture": "#stave-14", "cullface": "up" },
				"north": { "uv": [ 7, 10.5, 6.5, 10.875 ], "texture": "#stave-14", "cullface": "up" },
				"south": { "uv": [ 6.5, 10.125, 7, 10.5 ], "texture": "#stave-14", "cullface": "up" },
				"west": { "uv": [ 9.375, 12.25, 9.5, 12.625 ], "texture": "#stave-14", "cullface": "up" },
				"east": { "uv": [ 9.625, 11, 9.5, 11.375 ], "texture": "#stave-14", "cullface": "up" }
			}
		},
		{
			"__comment": "Voxels",
			"from": [ 7.3333, 16.6667, 7.6667 ],
			"to": [ 8.666633, 17.6667, 8.000033 ],
			"faces": {
				"down": { "uv": [ 15, 14.875, 15.5, 15 ], "texture": "#stave-14", "cullface": "up" },
				"up": { "uv": [ 14.5, 14.875, 15, 14.75 ], "texture": "#stave-14", "cullface": "up" },
				"north": { "uv": [ 6.75, 11.125, 6.25, 11.5 ], "texture": "#stave-14", "cullface": "up" },
				"south": { "uv": [ 6.5, 9.75, 7, 10.125 ], "texture": "#stave-14", "cullface": "up" },
				"west": { "uv": [ 9.5, 13.25, 9.625, 13.625 ], "texture": "#stave-14", "cullface": "up" },
				"east": { "uv": [ 9.375, 8.125, 9.25, 8.5 ], "texture": "#stave-14", "cullface": "up" }
			}
		},
		{
			"__comment": "Voxels",
			"from": [ 7.3333, 17, 8 ],
			"to": [ 8.666633, 18, 8.333333 ],
			"faces": {
				"down": { "uv": [ 13.75, 14.75, 14.25, 14.875 ], "texture": "#stave-14", "cullface": "up" },
				"up": { "uv": [ 13.75, 15, 14.25, 14.875 ], "texture": "#stave-14", "cullface": "up" },
				"north": { "uv": [ 7, 9.375, 6.5, 9.75 ], "texture": "#stave-14", "cullface": "up" },
				"south": { "uv": [ 6.25, 9, 6.75, 9.375 ], "texture": "#stave-14", "cullface": "up" },
				"west": { "uv": [ 9.375, 9.625, 9.5, 10 ], "texture": "#stave-14", "cullface": "up" },
				"east": { "uv": [ 9.375, 9.625, 9.25, 10 ], "texture": "#stave-14", "cullface": "up" }
			}
		},
		{
			"__comment": "Voxels",
			"from": [ 7.3333, 19.3333, 7.6667 ],
			"to": [ 8.666633, 19.99997, 8.000033 ],
			"faces": {
				"down": { "uv": [ 12.75, 14.75, 13.25, 14.875 ], "texture": "#stave-14", "cullface": "up" },
				"north": { "uv": [ 9.25, 15.75, 8.75, 16 ], "texture": "#stave-14", "cullface": "up" },
				"south": { "uv": [ 9.25, 15.75, 9.75, 16 ], "texture": "#stave-14", "cullface": "up" },
				"west": { "uv": [ 9.875, 13.125, 10, 13.375 ], "texture": "#stave-14", "cullface": "up" },
				"east": { "uv": [ 10, 12.875, 9.875, 13.125 ], "texture": "#stave-14", "cullface": "up" }
			}
		},
		{
			"__comment": "Voxels",
			"from": [ 7.3333, 19.6667, 8 ],
			"to": [ 8.666633, 20.00003, 8.333333 ],
			"faces": {
				"down": { "uv": [ 15.5, 15, 16, 15.125 ], "texture": "#stave-14", "cullface": "up" },
				"south": { "uv": [ 14, 15, 14.5, 15.125 ], "texture": "#stave-14", "cullface": "up" },
				"west": { "uv": [ 9.875, 8.875, 10, 9 ], "texture": "#stave-14", "cullface": "up" },
				"east": { "uv": [ 10, 9, 9.875, 9.125 ], "texture": "#stave-14", "cullface": "up" }
			}
		},
		{
			"__comment": "Voxels",
			"from": [ 7.3333, 20, 7.3333 ],
			"to": [ 8.666633, 20.33333, 7.666633 ],
			"faces": {
				"down": { "uv": [ 13.5, 15, 14, 15.125 ], "texture": "#stave-14", "cullface": "up" },
				"north": { "uv": [ 13, 15, 12.5, 15.125 ], "texture": "#stave-14", "cullface": "up" },
				"west": { "uv": [ 9.875, 9.125, 10, 9.25 ], "texture": "#stave-14", "cullface": "up" },
				"east": { "uv": [ 10, 9.75, 9.875, 9.875 ], "texture": "#stave-14", "cullface": "up" }
			}
		},
		{
			"__comment": "Voxels",
			"from": [ 7.3333, 20, 8.3333 ],
			"to": [ 8.666633, 20.33333, 8.666633 ],
			"faces": {
				"down": { "uv": [ 11.5, 15, 12, 15.125 ], "texture": "#stave-14", "cullface": "up" },
				"south": { "uv": [ 10, 15, 10.5, 15.125 ], "texture": "#stave-14", "cullface": "up" },
				"west": { "uv": [ 9.875, 9.875, 10, 10 ], "texture": "#stave-14", "cullface": "up" },
				"east": { "uv": [ 10, 10, 9.875, 10.125 ], "texture": "#stave-14", "cullface": "up" }
			}
		},
		{
			"__comment": "Voxels",
			"from": [ 7.3333, 20.6667, 7 ],
			"to": [ 8.666633, 22.00003, 9 ],
			"faces": {
				"down": { "uv": [ 4, 12, 4.5, 12.75 ], "texture": "#stave-14", "cullface": "up" },
				"up": { "uv": [ 4, 10.5, 4.5, 9.75 ], "texture": "#stave-14", "cullface": "up" },
				"north": { "uv": [ 4.5, 8, 4, 8.5 ], "texture": "#stave-14", "cullface": "up" },
				"south": { "uv": [ 5.75, 14, 6.25, 14.5 ], "texture": "#stave-14", "cullface": "up" },
				"west": { "uv": [ 4.5, 15.5, 5.25, 16 ], "texture": "#stave-14", "cullface": "up" },
				"east": { "uv": [ 5.25, 15, 4.5, 15.5 ], "texture": "#stave-14", "cullface": "up" }
			}
		},
		{
			"__comment": "Voxels",
			"from": [ 7.3333, 21.6667, 5.6667 ],
			"to": [ 8.666633, 22.33337, 6.333366 ],
			"faces": {
				"down": { "uv": [ 9.75, 15.75, 10.25, 16 ], "texture": "#stave-14", "cullface": "up" },
				"up": { "uv": [ 10.25, 16, 10.75, 15.75 ], "texture": "#stave-14", "cullface": "up" },
				"north": { "uv": [ 11.25, 15.75, 10.75, 16 ], "texture": "#stave-14", "cullface": "up" },
				"south": { "uv": [ 11.25, 15.75, 11.75, 16 ], "texture": "#stave-14", "cullface": "up" },
				"west": { "uv": [ 11.5, 14.75, 11.75, 15 ], "texture": "#stave-14", "cullface": "up" },
				"east": { "uv": [ 11.5, 14.75, 11.25, 15 ], "texture": "#stave-14", "cullface": "up" }
			}
		},
		{
			"__comment": "Voxels",
			"from": [ 7.3333, 21.6667, 9.666699 ],
			"to": [ 8.666633, 22.33337, 10.33337 ],
			"faces": {
				"down": { "uv": [ 11.75, 15.75, 12.25, 16 ], "texture": "#stave-14", "cullface": "up" },
				"up": { "uv": [ 12.25, 16, 12.75, 15.75 ], "texture": "#stave-14", "cullface": "up" },
				"north": { "uv": [ 13.25, 15.75, 12.75, 16 ], "texture": "#stave-14", "cullface": "up" },
				"south": { "uv": [ 13.25, 15.75, 13.75, 16 ], "texture": "#stave-14", "cullface": "up" },
				"west": { "uv": [ 9, 14.75, 9.25, 15 ], "texture": "#stave-14", "cullface": "up" },
				"east": { "uv": [ 16, 15.125, 15.75, 15.375 ], "texture": "#stave-14", "cullface": "up" }
			}
		},
		{
			"__comment": "Voxels",
			"from": [ 7.3333, 22, 7.3333 ],
			"to": [ 8.666633, 22.33333, 8.666633 ],
			"faces": {
				"up": { "uv": [ 5.75, 16, 6.25, 15.5 ], "texture": "#stave-14", "cullface": "up" },
				"north": { "uv": [ 10, 15, 9.5, 15.125 ], "texture": "#stave-14", "cullface": "up" },
				"south": { "uv": [ 9, 15, 9.5, 15.125 ], "texture": "#stave-14", "cullface": "up" },
				"west": { "uv": [ 15.25, 15.375, 15.75, 15.5 ], "texture": "#stave-14", "cullface": "up" },
				"east": { "uv": [ 15.25, 15.125, 14.75, 15.25 ], "texture": "#stave-14", "cullface": "up" }
			}
		},
		{
			"__comment": "Voxels",
			"from": [ 7.3333, 22.3333, 7.6667 ],
			"to": [ 8.666633, 22.66663, 8.333366 ],
			"faces": {
				"up": { "uv": [ 14.25, 16, 14.75, 15.75 ], "texture": "#stave-14", "cullface": "up" },
				"north": { "uv": [ 15.25, 15.25, 14.75, 15.375 ], "texture": "#stave-14", "cullface": "up" },
				"south": { "uv": [ 14.75, 15.375, 15.25, 15.5 ], "texture": "#stave-14", "cullface": "up" },
				"west": { "uv": [ 12, 14, 12.25, 14.125 ], "texture": "#stave-14", "cullface": "up" },
				"east": { "uv": [ 12.5, 14, 12.25, 14.125 ], "texture": "#stave-14", "cullface": "up" }
			}
		},
		{
			"__comment": "Voxels",
			"from": [ 7.6667, -14.3333, 8 ],
			"to": [ 8.333366, -13.3333, 8.333333 ],
			"faces": {
				"down": { "uv": [ 10.5, 13.875, 10.75, 14 ], "texture": "#stave-14", "cullface": "down" },
				"up": { "uv": [ 10.75, 14, 11, 13.875 ], "texture": "#stave-14", "cullface": "down" },
				"north": { "uv": [ 8.625, 9.125, 8.375, 9.5 ], "texture": "#stave-14", "cullface": "down" },
				"south": { "uv": [ 8.375, 9.875, 8.625, 10.25 ], "texture": "#stave-14", "cullface": "down" },
				"west": { "uv": [ 9.5, 11.75, 9.625, 12.125 ], "texture": "#stave-14", "cullface": "down" },
				"east": { "uv": [ 9.375, 11.5, 9.25, 11.875 ], "texture": "#stave-14", "cullface": "down" }
			}
		},
		{
			"__comment": "Voxels",
			"from": [ 7.6667, -14, 7.6667 ],
			"to": [ 8.333366, -12, 8.000033 ],
			"faces": {
				"down": { "uv": [ 11.5, 13.875, 11.75, 14 ], "texture": "#stave-14", "cullface": "down" },
				"north": { "uv": [ 6.25, 8.625, 6, 9.375 ], "texture": "#stave-14", "cullface": "down" },
				"south": { "uv": [ 6, 11.5, 6.25, 12.25 ], "texture": "#stave-14", "cullface": "down" },
				"west": { "uv": [ 8.25, 8.25, 8.375, 9 ], "texture": "#stave-14", "cullface": "down" },
				"east": { "uv": [ 7, 12.25, 6.875, 13 ], "texture": "#stave-14", "cullface": "down" }
			}
		},
		{
			"__comment": "Voxels",
			"from": [ 7.6667, -13.6667, 7.3333 ],
			"to": [ 8.333366, -12.6667, 7.666633 ],
			"faces": {
				"down": { "uv": [ 13, 13.875, 13.25, 14 ], "texture": "#stave-14", "cullface": "down" },
				"north": { "uv": [ 7, 9, 6.75, 9.375 ], "texture": "#stave-14", "cullface": "down" },
				"west": { "uv": [ 9.25, 9.25, 9.375, 9.625 ], "texture": "#stave-14", "cullface": "down" },
				"east": { "uv": [ 9.625, 11.375, 9.5, 11.75 ], "texture": "#stave-14", "cullface": "down" }
			}
		},
		{
			"__comment": "Voxels",
			"from": [ 7.6667, -13.3333, 7 ],
			"to": [ 8.333366, -12.3333, 7.333333 ],
			"faces": {
				"down": { "uv": [ 14, 13.875, 14.25, 14 ], "texture": "#stave-14", "cullface": "down" },
				"north": { "uv": [ 8.625, 10.625, 8.375, 11 ], "texture": "#stave-14", "cullface": "down" },
				"south": { "uv": [ 8.375, 8.75, 8.625, 9.125 ], "texture": "#stave-14", "cullface": "down" },
				"west": { "uv": [ 9.375, 8.875, 9.5, 9.25 ], "texture": "#stave-14", "cullface": "down" },
				"east": { "uv": [ 9.625, 14, 9.5, 14.375 ], "texture": "#stave-14", "cullface": "down" }
			}
		},
		{
			"__comment": "Voxels",
			"from": [ 7.6667, -13, 6.6667 ],
			"to": [ 8.333366, -11.66667, 7.000033 ],
			"faces": {
				"down": { "uv": [ 11.75, 13.75, 12, 13.875 ], "texture": "#stave-14", "cullface": "down" },
				"north": { "uv": [ 7.75, 12.375, 7.5, 12.875 ], "texture": "#stave-14", "cullface": "down" },
				"south": { "uv": [ 7.5, 11.875, 7.75, 12.375 ], "texture": "#stave-14", "cullface": "down" },
				"west": { "uv": [ 8.875, 8.625, 9, 9.125 ], "texture": "#stave-14", "cullface": "down" },
				"east": { "uv": [ 9, 9.125, 8.875, 9.625 ], "texture": "#stave-14", "cullface": "down" }
			}
		},
		{
			"__comment": "Voxels",
			"from": [ 7.6667, -12.6667, 6.3333 ],
			"to": [ 8.333366, -11.33337, 6.666633 ],
			"faces": {
				"down": { "uv": [ 12.25, 13.75, 12.5, 13.875 ], "texture": "#stave-14", "cullface": "down" },
				"north": { "uv": [ 7.75, 11.375, 7.5, 11.875 ], "texture": "#stave-14", "cullface": "down" },
				"south": { "uv": [ 7.5, 10.875, 7.75, 11.375 ], "texture": "#stave-14", "cullface": "down" },
				"west": { "uv": [ 8.875, 11.625, 9, 12.125 ], "texture": "#stave-14", "cullface": "down" },
				"east": { "uv": [ 9, 12.125, 8.875, 12.625 ], "texture": "#stave-14", "cullface": "down" }
			}
		},
		{
			"__comment": "Voxels",
			"from": [ 7.6667, -12.6667, 8 ],
			"to": [ 8.333366, -11.6667, 8.333333 ],
			"faces": {
				"down": { "uv": [ 13.75, 13.75, 14, 13.875 ], "texture": "#stave-14", "cullface": "down" },
				"north": { "uv": [ 10.25, 15.125, 10, 15.5 ], "texture": "#stave-14", "cullface": "down" },
				"south": { "uv": [ 9.75, 15.125, 10, 15.5 ], "texture": "#stave-14", "cullface": "down" },
				"west": { "uv": [ 9.5, 13.625, 9.625, 14 ], "texture": "#stave-14", "cullface": "down" },
				"east": { "uv": [ 9.5, 8.5, 9.375, 8.875 ], "texture": "#stave-14", "cullface": "down" }
			}
		},
		{
			"__comment": "Voxels",
			"from": [ 7.6667, -12.3333, 6 ],
			"to": [ 8.333366, -10.3333, 6.333333 ],
			"faces": {
				"down": { "uv": [ 14.75, 13.75, 15, 13.875 ], "texture": "#stave-14", "cullface": "down" },
				"up": { "uv": [ 15, 13.875, 15.25, 13.75 ], "texture": "#stave-14", "cullface": "down" },
				"north": { "uv": [ 6.5, 8.25, 6.25, 9 ], "texture": "#stave-14", "cullface": "down" },
				"south": { "uv": [ 3.75, 8, 4, 8.75 ], "texture": "#stave-14", "cullface": "down" },
				"west": { "uv": [ 8.625, 14, 8.75, 14.75 ], "texture": "#stave-14", "cullface": "down" },
				"east": { "uv": [ 8.75, 14.75, 8.625, 15.5 ], "texture": "#stave-14", "cullface": "down" }
			}
		},
		{
			"__comment": "Voxels",
			"from": [ 7.6667, -11.6667, 5.6667 ],
			"to": [ 8.333366, -10.00003, 6.000033 ],
			"faces": {
				"down": { "uv": [ 15.25, 13.75, 15.5, 13.875 ], "texture": "#stave-14", "cullface": "down" },
				"up": { "uv": [ 10, 13.75, 10.25, 13.625 ], "texture": "#stave-14", "cullface": "down" },
				"north": { "uv": [ 7.375, 11.5, 7.125, 12.125 ], "texture": "#stave-14", "cullface": "down" },
				"south": { "uv": [ 7.5, 12.875, 7.75, 13.5 ], "texture": "#stave-14", "cullface": "down" },
				"west": { "uv": [ 8.75, 9.5, 8.875, 10.125 ], "texture": "#stave-14", "cullface": "down" },
				"east": { "uv": [ 9, 13.875, 8.875, 14.5 ], "texture": "#stave-14", "cullface": "down" }
			}
		},
		{
			"__comment": "Voxels",
			"from": [ 7.6667, -11.6667, 8.3333 ],
			"to": [ 8.333366, -11.33337, 8.666633 ],
			"faces": {
				"down": { "uv": [ 10, 13.5, 10.25, 13.625 ], "texture": "#stave-14", "cullface": "down" },
				"south": { "uv": [ 10, 12.375, 10.25, 12.5 ], "texture": "#stave-14", "cullface": "down" },
				"west": { "uv": [ 10.125, 10.875, 10.25, 11 ], "texture": "#stave-14", "cullface": "down" },
				"east": { "uv": [ 10.125, 10.875, 10, 11 ], "texture": "#stave-14", "cullface": "down" }
			}
		},
		{
			"__comment": "Voxels",
			"from": [ 7.6667, -11, 5.3333 ],
			"to": [ 8.333366, -9.666667, 5.666633 ],
			"faces": {
				"down": { "uv": [ 10, 12.25, 10.25, 12.375 ], "texture": "#stave-14", "cullface": "down" },
				"up": { "uv": [ 10, 12.25, 10.25, 12.125 ], "texture": "#stave-14", "cullface": "down" },
				"north": { "uv": [ 7.75, 9.375, 7.5, 9.875 ], "texture": "#stave-14", "cullface": "down" },
				"south": { "uv": [ 7.5, 8.875, 7.75, 9.375 ], "texture": "#stave-14", "cullface": "down" },
				"west": { "uv": [ 8.875, 10.625, 9, 11.125 ], "texture": "#stave-14", "cullface": "down" },
				"east": { "uv": [ 9, 10.125, 8.875, 10.625 ], "texture": "#stave-14", "cullface": "down" }
			}
		},
		{
			"__comment": "Voxels",
			"from": [ 7.6667, -10.3333, 6.3333 ],
			"to": [ 8.333366, -9.999967, 6.999966 ],
			"faces": {
				"down": { "uv": [ 5, 12.25, 5.25, 12.5 ], "texture": "#stave-14", "cullface": "down" },
				"up": { "uv": [ 6.25, 8.25, 6.5, 8 ], "texture": "#stave-14", "cullface": "down" },
				"north": { "uv": [ 10.25, 12, 10, 12.125 ], "texture": "#stave-14", "cullface": "down" },
				"west": { "uv": [ 10, 11.25, 10.25, 11.375 ], "texture": "#stave-14", "cullface": "down" },
				"east": { "uv": [ 5, 8.5, 4.75, 8.625 ], "texture": "#stave-14", "cullface": "down" }
			}
		},
		{
			"__comment": "Voxels",
			"from": [ 7.6667, -10, 7 ],
			"to": [ 8.333366, -9.666667, 7.333333 ],
			"faces": {
				"up": { "uv": [ 11.25, 15.25, 11.5, 15.125 ], "texture": "#stave-14", "cullface": "down" },
				"north": { "uv": [ 11.75, 15.125, 11.5, 15.25 ], "texture": "#stave-14", "cullface": "down" },
				"west": { "uv": [ 9.875, 9.5, 10, 9.625 ], "texture": "#stave-14", "cullface": "down" },
				"east": { "uv": [ 10, 9.625, 9.875, 9.75 ], "texture": "#stave-14", "cullface": "down" }
			}
		},
		{
			"__comment": "Voxels",
			"from": [ 7.6667, -10, 7.6667 ],
			"to": [ 8.333366, -8.333333, 8.333366 ],
			"faces": {
				"down": { "uv": [ 11.75, 14.75, 12, 15 ], "texture": "#stave-14", "cullface": "down" },
				"up": { "uv": [ 12, 15, 12.25, 14.75 ], "texture": "#stave-14", "cullface": "down" },
				"south": { "uv": [ 7.5, 15.375, 7.75, 16 ], "texture": "#stave-14", "cullface": "down" },
				"west": { "uv": [ 7.5, 13.5, 7.75, 14.125 ], "texture": "#stave-14", "cullface": "down" },
				"east": { "uv": [ 5.25, 11.625, 5, 12.25 ], "texture": "#stave-14", "cullface": "down" }
			}
		},
		{
			"__comment": "Voxels",
			"from": [ 7.6667, -9.3333, 7 ],
			"to": [ 8.333366, -8.3333, 7.333333 ],
			"faces": {
				"down": { "uv": [ 12, 15.125, 12.25, 15.25 ], "texture": "#stave-14", "cullface": "down" },
				"up": { "uv": [ 12.75, 15.25, 13, 15.125 ], "texture": "#stave-14", "cullface": "down" },
				"north": { "uv": [ 9.25, 15.125, 9, 15.5 ], "texture": "#stave-14", "cullface": "down" },
				"west": { "uv": [ 9.375, 9.25, 9.5, 9.625 ], "texture": "#stave-14", "cullface": "down" },
				"east": { "uv": [ 9.375, 8.5, 9.25, 8.875 ], "texture": "#stave-14", "cullface": "down" }
			}
		},
		{
			"__comment": "Voxels",
			"from": [ 7.6667, -8.3333, 7.3333 ],
			"to": [ 8.333366, -5.999966, 7.666633 ],
			"faces": {
				"north": { "uv": [ 6, 13.125, 5.75, 14 ], "texture": "#stave-14", "cullface": "down" },
				"west": { "uv": [ 8.25, 14.625, 8.375, 15.5 ], "texture": "#stave-14", "cullface": "down" },
				"east": { "uv": [ 8.25, 8.25, 8.125, 9.125 ], "texture": "#stave-14", "cullface": "down" }
			}
		},
		{
			"__comment": "Voxels",
			"from": [ 7.6667, -8.3333, 8 ],
			"to": [ 8.333366, 12.33337, 8.333333 ],
			"faces": {
				"north": { "uv": [ 1.5, 8.25, 1.25, 16 ], "texture": "#stave-14", "cullface": "down" },
				"south": { "uv": [ 1, 8.25, 1.25, 16 ], "texture": "#stave-14", "cullface": "down" },
				"west": { "uv": [ 2.125, 8.25, 2.25, 16 ], "texture": "#stave-14", "cullface": "down" },
				"east": { "uv": [ 2.125, 8.25, 2, 16 ], "texture": "#stave-14", "cullface": "down" }
			}
		},
		{
			"__comment": "Voxels",
			"from": [ 7.6667, -6, 7 ],
			"to": [ 8.333366, -5, 7.333333 ],
			"faces": {
				"down": { "uv": [ 14, 15.125, 14.25, 15.25 ], "texture": "#stave-14", "cullface": "down" },
				"up": { "uv": [ 14.25, 15.25, 14.5, 15.125 ], "texture": "#stave-14", "cullface": "down" },
				"north": { "uv": [ 7, 14.875, 6.75, 15.25 ], "texture": "#stave-14", "cullface": "down" },
				"west": { "uv": [ 9.5, 12.875, 9.625, 13.25 ], "texture": "#stave-14", "cullface": "down" },
				"east": { "uv": [ 9.5, 11.5, 9.375, 11.875 ], "texture": "#stave-14", "cullface": "down" }
			}
		},
		{
			"__comment": "Voxels",
			"from": [ 7.6667, -5, 7.3333 ],
			"to": [ 8.333366, 13.66667, 7.666633 ],
			"faces": {
				"north": { "uv": [ 2, 9, 1.75, 16 ], "texture": "#stave-14", "cullface": "down" },
				"south": { "uv": [ 1.5, 9, 1.75, 16 ], "texture": "#stave-14", "cullface": "down" },
				"west": { "uv": [ 2.25, 9, 2.375, 16 ], "texture": "#stave-14", "cullface": "down" },
				"east": { "uv": [ 2.5, 9, 2.375, 16 ], "texture": "#stave-14", "cullface": "down" }
			}
		},
		{
			"__comment": "Voxels",
			"from": [ 7.6667, 7, 7.6667 ],
			"to": [ 8.6667, 7.666667, 8.000033 ],
			"faces": {
				"up": { "uv": [ 10.5, 14.5, 10.875, 14.375 ], "texture": "#stave-14" },
				"north": { "uv": [ 15.375, 15.5, 15, 15.75 ], "texture": "#stave-14" },
				"south": { "uv": [ 15.375, 15.5, 15.75, 15.75 ], "texture": "#stave-14" },
				"west": { "uv": [ 9.5, 9.25, 9.625, 9.5 ], "texture": "#stave-14" },
				"east": { "uv": [ 2.125, 8, 2, 8.25 ], "texture": "#stave-14" }
			}
		},
		{
			"__comment": "Voxels",
			"from": [ 7.6667, 7.6667, 7.6667 ],
			"to": [ 8.333366, 12.00003, 8.000033 ],
			"faces": {
				"west": { "uv": [ 5.875, 9.75, 6, 11.375 ], "texture": "#stave-14" },
				"east": { "uv": [ 6.125, 9.75, 6, 11.375 ], "texture": "#stave-14" }
			}
		},
		{
			"__comment": "Voxels",
			"from": [ 7.6667, 12.3333, 8.3333 ],
			"to": [ 8.333366, 12.99997, 8.666633 ],
			"faces": {
				"down": { "uv": [ 9.25, 8, 9.5, 8.125 ], "texture": "#stave-14" },
				"up": { "uv": [ 11.25, 14.5, 11.5, 14.375 ], "texture": "#stave-14" },
				"south": { "uv": [ 11.25, 15.25, 11.5, 15.5 ], "texture": "#stave-14" },
				"west": { "uv": [ 2.125, 8, 2.25, 8.25 ], "texture": "#stave-14" },
				"east": { "uv": [ 7.125, 8, 7, 8.25 ], "texture": "#stave-14" }
			}
		},
		{
			"__comment": "Voxels",
			"from": [ 7.6667, 13, 8 ],
			"to": [ 8.333366, 17, 8.333333 ],
			"faces": {
				"north": { "uv": [ 4.25, 12.75, 4, 14.25 ], "texture": "#stave-14", "cullface": "up" },
				"south": { "uv": [ 4.25, 12.75, 4.5, 14.25 ], "texture": "#stave-14", "cullface": "up" },
				"west": { "uv": [ 6.25, 12.25, 6.375, 13.75 ], "texture": "#stave-14", "cullface": "up" },
				"east": { "uv": [ 7.125, 14.5, 7, 16 ], "texture": "#stave-14", "cullface": "up" }
			}
		},
		{
			"__comment": "Voxels",
			"from": [ 7.6667, 13.6667, 7 ],
			"to": [ 8.333366, 15.00003, 7.333333 ],
			"faces": {
				"down": { "uv": [ 12, 14.375, 12.25, 14.5 ], "texture": "#stave-14" },
				"up": { "uv": [ 12.25, 14.5, 12.5, 14.375 ], "texture": "#stave-14" },
				"north": { "uv": [ 7.75, 10.375, 7.5, 10.875 ], "texture": "#stave-14" },
				"south": { "uv": [ 7.5, 9.875, 7.75, 10.375 ], "texture": "#stave-14" },
				"west": { "uv": [ 8.875, 11.125, 9, 11.625 ], "texture": "#stave-14" },
				"east": { "uv": [ 9, 9.625, 8.875, 10.125 ], "texture": "#stave-14" }
			}
		},
		{
			"__comment": "Voxels",
			"from": [ 7.6667, 13.6667, 7.6667 ],
			"to": [ 8.333366, 16.6667, 8.000033 ],
			"faces": {
				"north": { "uv": [ 5, 8.625, 4.75, 9.75 ], "texture": "#stave-14", "cullface": "up" },
				"west": { "uv": [ 7.375, 11.375, 7.5, 12.5 ], "texture": "#stave-14", "cullface": "up" },
				"east": { "uv": [ 7.5, 12.5, 7.375, 13.625 ], "texture": "#stave-14", "cullface": "up" }
			}
		},
		{
			"__comment": "Voxels",
			"from": [ 7.6667, 14, 7.3333 ],
			"to": [ 8.333366, 14.33333, 7.666633 ],
			"faces": {
				"up": { "uv": [ 14.25, 14.5, 14.5, 14.375 ], "texture": "#stave-14" },
				"west": { "uv": [ 9.875, 10.5, 10, 10.625 ], "texture": "#stave-14" },
				"east": { "uv": [ 10, 10.625, 9.875, 10.75 ], "texture": "#stave-14" }
			}
		},
		{
			"__comment": "Voxels",
			"from": [ 7.6667, 14.3333, 6.6667 ],
			"to": [ 8.333366, 14.66663, 7.000033 ],
			"faces": {
				"down": { "uv": [ 15, 14.375, 15.25, 14.5 ], "texture": "#stave-14" },
				"north": { "uv": [ 11.875, 14.25, 11.625, 14.375 ], "texture": "#stave-14" },
				"west": { "uv": [ 10.125, 10.25, 10.25, 10.375 ], "texture": "#stave-14" },
				"east": { "uv": [ 10.125, 10.25, 10, 10.375 ], "texture": "#stave-14" }
			}
		},
		{
			"__comment": "Voxels",
			"from": [ 7.6667, 14.6667, 6.3333 ],
			"to": [ 8.333366, 15.33337, 6.666633 ],
			"faces": {
				"down": { "uv": [ 12.125, 14.25, 12.375, 14.375 ], "texture": "#stave-14" },
				"north": { "uv": [ 13.75, 15.25, 13.5, 15.5 ], "texture": "#stave-14" },
				"west": { "uv": [ 8.25, 8, 8.375, 8.25 ], "texture": "#stave-14" },
				"east": { "uv": [ 8.875, 8, 8.75, 8.25 ], "texture": "#stave-14" }
			}
		},
		{
			"__comment": "Voxels",
			"from": [ 7.6667, 15, 6 ],
			"to": [ 8.333366, 15.66667, 6.333333 ],
			"faces": {
				"down": { "uv": [ 13.125, 14.25, 13.375, 14.375 ], "texture": "#stave-14" },
				"up": { "uv": [ 13.375, 14.375, 13.625, 14.25 ], "texture": "#stave-14" },
				"north": { "uv": [ 13.5, 15.25, 13.25, 15.5 ], "texture": "#stave-14" },
				"south": { "uv": [ 13, 15.25, 13.25, 15.5 ], "texture": "#stave-14" },
				"west": { "uv": [ 9.5, 10.75, 9.625, 11 ], "texture": "#stave-14" },
				"east": { "uv": [ 9.625, 10.5, 9.5, 10.75 ], "texture": "#stave-14" }
			}
		},
		{
			"__comment": "Voxels",
			"from": [ 7.6667, 15.3333, 6.6667 ],
			"to": [ 8.333366, 15.66663, 7.000033 ],
			"faces": {
				"south": { "uv": [ 15.375, 14.25, 15.625, 14.375 ], "texture": "#stave-14" },
				"west": { "uv": [ 10.125, 10.5, 10.25, 10.625 ], "texture": "#stave-14" },
				"east": { "uv": [ 10.125, 10.5, 10, 10.625 ], "texture": "#stave-14" }
			}
		},
		{
			"__comment": "Voxels",
			"from": [ 7.6667, 15.6667, 6.3333 ],
			"to": [ 8.333366, 16.33337, 6.666633 ],
			"faces": {
				"up": { "uv": [ 9.625, 14.25, 9.875, 14.125 ], "texture": "#stave-14", "cullface": "up" },
				"north": { "uv": [ 14.25, 15.25, 14, 15.5 ], "texture": "#stave-14", "cullface": "up" },
				"west": { "uv": [ 9.5, 10.25, 9.625, 10.5 ], "texture": "#stave-14", "cullface": "up" },
				"east": { "uv": [ 9.625, 10, 9.5, 10.25 ], "texture": "#stave-14", "cullface": "up" }
			}
		},
		{
			"__comment": "Voxels",
			"from": [ 7.6667, 15.6667, 7 ],
			"to": [ 8.333366, 16.00003, 7.666667 ],
			"faces": {
				"down": { "uv": [ 9.25, 13.5, 9.5, 13.75 ], "texture": "#stave-14" },
				"up": { "uv": [ 9, 12.75, 9.25, 12.5 ], "texture": "#stave-14", "cullface": "up" },
				"west": { "uv": [ 10.375, 14.125, 10.625, 14.25 ], "texture": "#stave-14" },
				"east": { "uv": [ 10.875, 14.125, 10.625, 14.25 ], "texture": "#stave-14" }
			}
		},
		{
			"__comment": "Voxels",
			"from": [ 7.6667, 16, 7.3333 ],
			"to": [ 8.333366, 16.33333, 7.666633 ],
			"faces": {
				"west": { "uv": [ 10.125, 10.625, 10.25, 10.75 ], "texture": "#stave-14", "cullface": "up" },
				"east": { "uv": [ 10.125, 10.625, 10, 10.75 ], "texture": "#stave-14", "cullface": "up" }
			}
		},
		{
			"__comment": "Voxels",
			"from": [ 7.6667, 16.3333, 6.6667 ],
			"to": [ 8.333366, 16.66663, 7.000033 ],
			"faces": {
				"up": { "uv": [ 13.125, 14.25, 13.375, 14.125 ], "texture": "#stave-14", "cullface": "up" },
				"north": { "uv": [ 13.625, 14.125, 13.375, 14.25 ], "texture": "#stave-14", "cullface": "up" },
				"west": { "uv": [ 10.125, 11, 10.25, 11.125 ], "texture": "#stave-14", "cullface": "up" },
				"east": { "uv": [ 10.125, 11, 10, 11.125 ], "texture": "#stave-14", "cullface": "up" }
			}
		},
		{
			"__comment": "Voxels",
			"from": [ 7.6667, 16.6667, 7 ],
			"to": [ 8.333366, 17.33337, 7.333333 ],
			"faces": {
				"up": { "uv": [ 14.125, 14.25, 14.375, 14.125 ], "texture": "#stave-14", "cullface": "up" },
				"north": { "uv": [ 16, 15.5, 15.75, 15.75 ], "texture": "#stave-14", "cullface": "up" },
				"west": { "uv": [ 9.5, 9.75, 9.625, 10 ], "texture": "#stave-14", "cullface": "up" },
				"east": { "uv": [ 9.625, 9.5, 9.5, 9.75 ], "texture": "#stave-14", "cullface": "up" }
			}
		},
		{
			"__comment": "Voxels",
			"from": [ 7.6667, 17, 8.3333 ],
			"to": [ 8.333366, 18, 8.666633 ],
			"faces": {
				"down": { "uv": [ 14.375, 14.125, 14.625, 14.25 ], "texture": "#stave-14", "cullface": "up" },
				"up": { "uv": [ 14.625, 14.25, 14.875, 14.125 ], "texture": "#stave-14", "cullface": "up" },
				"south": { "uv": [ 8.75, 15.125, 9, 15.5 ], "texture": "#stave-14", "cullface": "up" },
				"west": { "uv": [ 9.5, 12.5, 9.625, 12.875 ], "texture": "#stave-14", "cullface": "up" },
				"east": { "uv": [ 9.375, 12.25, 9.25, 12.625 ], "texture": "#stave-14", "cullface": "up" }
			}
		},
		{
			"__comment": "Voxels",
			"from": [ 7.6667, 17.3333, 7.3333 ],
			"to": [ 8.333366, 17.66663, 7.666633 ],
			"faces": {
				"up": { "uv": [ 15.625, 14.25, 15.875, 14.125 ], "texture": "#stave-14", "cullface": "up" },
				"north": { "uv": [ 9.875, 14, 9.625, 14.125 ], "texture": "#stave-14", "cullface": "up" },
				"west": { "uv": [ 10, 10.125, 10.125, 10.25 ], "texture": "#stave-14", "cullface": "up" },
				"east": { "uv": [ 10.25, 10.125, 10.125, 10.25 ], "texture": "#stave-14", "cullface": "up" }
			}
		},
		{
			"__comment": "Voxels",
			"from": [ 7.6667, 17.6667, 7.6667 ],
			"to": [ 8.333366, 19.33337, 8.000033 ],
			"faces": {
				"north": { "uv": [ 7.375, 9.625, 7.125, 10.25 ], "texture": "#stave-14", "cullface": "up" },
				"south": { "uv": [ 7.125, 10.25, 7.375, 10.875 ], "texture": "#stave-14", "cullface": "up" },
				"west": { "uv": [ 8.75, 14.5, 8.875, 15.125 ], "texture": "#stave-14", "cullface": "up" },
				"east": { "uv": [ 8.875, 13.875, 8.75, 14.5 ], "texture": "#stave-14", "cullface": "up" }
			}
		},
		{
			"__comment": "Voxels",
			"from": [ 7.6667, 18, 7.3333 ],
			"to": [ 8.333366, 18.33333, 7.666633 ],
			"faces": {
				"down": { "uv": [ 9.625, 13.375, 9.875, 13.5 ], "texture": "#stave-14", "cullface": "up" },
				"up": { "uv": [ 9.625, 13.375, 9.875, 13.25 ], "texture": "#stave-14", "cullface": "up" },
				"north": { "uv": [ 9.875, 12.875, 9.625, 13 ], "texture": "#stave-14", "cullface": "up" },
				"west": { "uv": [ 10, 10.75, 10.125, 10.875 ], "texture": "#stave-14", "cullface": "up" },
				"east": { "uv": [ 10.25, 10.75, 10.125, 10.875 ], "texture": "#stave-14", "cullface": "up" }
			}
		},
		{
			"__comment": "Voxels",
			"from": [ 7.6667, 18, 8 ],
			"to": [ 8.333366, 19.66667, 8.333333 ],
			"faces": {
				"north": { "uv": [ 5.25, 9.75, 5, 10.375 ], "texture": "#stave-14", "cullface": "up" },
				"south": { "uv": [ 7.125, 14.625, 7.375, 15.25 ], "texture": "#stave-14", "cullface": "up" },
				"west": { "uv": [ 8.75, 8.25, 8.875, 8.875 ], "texture": "#stave-14", "cullface": "up" },
				"east": { "uv": [ 8.75, 8.125, 8.625, 8.75 ], "texture": "#stave-14", "cullface": "up" }
			}
		},
		{
			"__comment": "Voxels",
			"from": [ 7.6667, 19, 7.3333 ],
			"to": [ 8.333366, 20, 7.666633 ],
			"faces": {
				"down": { "uv": [ 9.625, 12.125, 9.875, 12.25 ], "texture": "#stave-14", "cullface": "up" },
				"north": { "uv": [ 8.625, 14.375, 8.375, 14.75 ], "texture": "#stave-14", "cullface": "up" },
				"south": { "uv": [ 9.5, 15.125, 9.75, 15.5 ], "texture": "#stave-14", "cullface": "up" },
				"west": { "uv": [ 9.5, 12.125, 9.625, 12.5 ], "texture": "#stave-14", "cullface": "up" },
				"east": { "uv": [ 9.5, 10, 9.375, 10.375 ], "texture": "#stave-14", "cullface": "up" }
			}
		},
		{
			"__comment": "Voxels",
			"from": [ 7.6667, 19.3333, 8.3333 ],
			"to": [ 8.333366, 19.99997, 8.666633 ],
			"faces": {
				"down": { "uv": [ 9.625, 11.875, 9.875, 12 ], "texture": "#stave-14", "cullface": "up" },
				"north": { "uv": [ 12.25, 15.25, 12, 15.5 ], "texture": "#stave-14", "cullface": "up" },
				"south": { "uv": [ 12.25, 15.25, 12.5, 15.5 ], "texture": "#stave-14", "cullface": "up" },
				"west": { "uv": [ 9.5, 9, 9.625, 9.25 ], "texture": "#stave-14", "cullface": "up" },
				"east": { "uv": [ 9.625, 8.75, 9.5, 9 ], "texture": "#stave-14", "cullface": "up" }
			}
		},
		{
			"__comment": "Voxels",
			"from": [ 7.6667, 20.3333, 7 ],
			"to": [ 8.333366, 20.66663, 7.333333 ],
			"faces": {
				"down": { "uv": [ 9.625, 11.375, 9.875, 11.5 ], "texture": "#stave-14", "cullface": "up" },
				"north": { "uv": [ 9.875, 10.875, 9.625, 11 ], "texture": "#stave-14", "cullface": "up" },
				"west": { "uv": [ 10, 10.375, 10.125, 10.5 ], "texture": "#stave-14", "cullface": "up" },
				"east": { "uv": [ 10.25, 10.375, 10.125, 10.5 ], "texture": "#stave-14", "cullface": "up" }
			}
		},
		{
			"__comment": "Voxels",
			"from": [ 7.6667, 20.3333, 8.666699 ],
			"to": [ 8.333366, 20.66663, 9.000032 ],
			"faces": {
				"down": { "uv": [ 9.625, 10.375, 9.875, 10.5 ], "texture": "#stave-14", "cullface": "up" },
				"south": { "uv": [ 9.625, 10, 9.875, 10.125 ], "texture": "#stave-14", "cullface": "up" },
				"west": { "uv": [ 8.625, 8, 8.75, 8.125 ], "texture": "#stave-14", "cullface": "up" },
				"east": { "uv": [ 9, 8, 8.875, 8.125 ], "texture": "#stave-14", "cullface": "up" }
			}
		},
		{
			"__comment": "Voxels",
			"from": [ 7.6667, 20.6667, 6.3333 ],
			"to": [ 8.333366, 23.00003, 6.666633 ],
			"faces": {
				"down": { "uv": [ 9.625, 9.625, 9.875, 9.75 ], "texture": "#stave-14", "cullface": "up" },
				"up": { "uv": [ 9.625, 9.625, 9.875, 9.5 ], "texture": "#stave-14", "cullface": "up" },
				"north": { "uv": [ 6, 11.375, 5.75, 12.25 ], "texture": "#stave-14", "cullface": "up" },
				"south": { "uv": [ 5.75, 12.25, 6, 13.125 ], "texture": "#stave-14", "cullface": "up" },
				"west": { "uv": [ 8, 8.25, 8.125, 9.125 ], "texture": "#stave-14", "cullface": "up" },
				"east": { "uv": [ 8.375, 13.75, 8.25, 14.625 ], "texture": "#stave-14", "cullface": "up" }
			}
		},
		{
			"__comment": "Voxels",
			"from": [ 7.6667, 20.6667, 6.6667 ],
			"to": [ 8.333366, 22.6667, 7.000033 ],
			"faces": {
				"down": { "uv": [ 9.625, 8.875, 9.875, 9 ], "texture": "#stave-14", "cullface": "up" },
				"up": { "uv": [ 9.625, 8.875, 9.875, 8.75 ], "texture": "#stave-14", "cullface": "up" },
				"south": { "uv": [ 7.125, 15.25, 7.375, 16 ], "texture": "#stave-14", "cullface": "up" },
				"west": { "uv": [ 8.25, 9, 8.375, 9.75 ], "texture": "#stave-14", "cullface": "up" },
				"east": { "uv": [ 8.75, 8.75, 8.625, 9.5 ], "texture": "#stave-14", "cullface": "up" }
			}
		},
		{
			"__comment": "Voxels",
			"from": [ 7.6667, 20.6667, 9 ],
			"to": [ 8.333366, 22.6667, 9.666667 ],
			"faces": {
				"down": { "uv": [ 1.25, 8, 1.5, 8.25 ], "texture": "#stave-14", "cullface": "up" },
				"up": { "uv": [ 1, 8.25, 1.25, 8 ], "texture": "#stave-14", "cullface": "up" },
				"north": { "uv": [ 6.75, 8.25, 6.5, 9 ], "texture": "#stave-14", "cullface": "up" },
				"south": { "uv": [ 6.25, 14.125, 6.5, 14.875 ], "texture": "#stave-14", "cullface": "up" },
				"west": { "uv": [ 6.25, 11.5, 6.5, 12.25 ], "texture": "#stave-14", "cullface": "up" },
				"east": { "uv": [ 6.75, 11.5, 6.5, 12.25 ], "texture": "#stave-14", "cullface": "up" }
			}
		},
		{
			"__comment": "Voxels",
			"from": [ 7.6667, 21, 5 ],
			"to": [ 8.333366, 21.66667, 6.333333 ],
			"faces": {
				"down": { "uv": [ 7.5, 8.375, 7.75, 8.875 ], "texture": "#stave-14", "cullface": "up" },
				"up": { "uv": [ 7.75, 15.75, 8, 15.25 ], "texture": "#stave-14", "cullface": "up" },
				"north": { "uv": [ 3, 8, 2.75, 8.25 ], "texture": "#stave-14", "cullface": "up" },
				"west": { "uv": [ 14.75, 15.75, 15.25, 16 ], "texture": "#stave-14", "cullface": "up" },
				"east": { "uv": [ 15.75, 15.75, 15.25, 16 ], "texture": "#stave-14", "cullface": "up" }
			}
		},
		{
			"__comment": "Voxels",
			"from": [ 7.6667, 21, 9.666699 ],
			"to": [ 8.333366, 21.66667, 11.00003 ],
			"faces": {
				"down": { "uv": [ 7.75, 14.75, 8, 15.25 ], "texture": "#stave-14", "cullface": "up" },
				"up": { "uv": [ 7.75, 14.75, 8, 14.25 ], "texture": "#stave-14", "cullface": "up" },
				"south": { "uv": [ 7.75, 8, 8, 8.25 ], "texture": "#stave-14", "cullface": "up" },
				"west": { "uv": [ 8, 15.5, 8.5, 15.75 ], "texture": "#stave-14", "cullface": "up" },
				"east": { "uv": [ 9, 15.5, 8.5, 15.75 ], "texture": "#stave-14", "cullface": "up" }
			}
		},
		{
			"__comment": "Voxels",
			"from": [ 7.6667, 21.3333, 4.6667 ],
			"to": [ 8.333366, 21.66663, 5.000033 ],
			"faces": {
				"down": { "uv": [ 12.5, 14, 12.75, 14.125 ], "texture": "#stave-14", "cullface": "up" },
				"up": { "uv": [ 12.75, 14.125, 13, 14 ], "texture": "#stave-14", "cullface": "up" },
				"north": { "uv": [ 13.75, 14, 13.5, 14.125 ], "texture": "#stave-14", "cullface": "up" },
				"west": { "uv": [ 10, 10, 10.125, 10.125 ], "texture": "#stave-14", "cullface": "up" },
				"east": { "uv": [ 10.25, 10, 10.125, 10.125 ], "texture": "#stave-14", "cullface": "up" }
			}
		},
		{
			"__comment": "Voxels",
			"from": [ 7.6667, 21.3333, 11 ],
			"to": [ 8.333366, 21.66663, 11.33333 ],
			"faces": {
				"down": { "uv": [ 14, 14, 14.25, 14.125 ], "texture": "#stave-14", "cullface": "up" },
				"up": { "uv": [ 14.25, 14.125, 14.5, 14 ], "texture": "#stave-14", "cullface": "up" },
				"south": { "uv": [ 15.25, 14, 15.5, 14.125 ], "texture": "#stave-14", "cullface": "up" },
				"west": { "uv": [ 9.875, 10.375, 10, 10.5 ], "texture": "#stave-14", "cullface": "up" },
				"east": { "uv": [ 10, 10.25, 9.875, 10.375 ], "texture": "#stave-14", "cullface": "up" }
			}
		},
		{
			"__comment": "Voxels",
			"from": [ 7.6667, 21.6667, 5.3333 ],
			"to": [ 8.333366, 29.00003, 5.666633 ],
			"faces": {
				"up": { "uv": [ 15.75, 14.125, 16, 14 ], "texture": "#stave-14", "cullface": "up" },
				"north": { "uv": [ 3.25, 13.25, 3, 16 ], "texture": "#stave-14", "cullface": "up" },
				"south": { "uv": [ 3, 10.5, 3.25, 13.25 ], "texture": "#stave-14", "cullface": "up" },
				"west": { "uv": [ 4.625, 12.25, 4.75, 15 ], "texture": "#stave-14", "cullface": "up" },
				"east": { "uv": [ 5, 12.25, 4.875, 15 ], "texture": "#stave-14", "cullface": "up" }
			}
		},
		{
			"__comment": "Voxels",
			"from": [ 7.6667, 21.6667, 10.3333 ],
			"to": [ 8.333366, 29.00003, 10.66663 ],
			"faces": {
				"up": { "uv": [ 12.75, 14, 13, 13.875 ], "texture": "#stave-14", "cullface": "up" },
				"north": { "uv": [ 3, 10.5, 2.75, 13.25 ], "texture": "#stave-14", "cullface": "up" },
				"south": { "uv": [ 2.75, 13.25, 3, 16 ], "texture": "#stave-14", "cullface": "up" },
				"west": { "uv": [ 4.5, 12.25, 4.625, 15 ], "texture": "#stave-14", "cullface": "up" },
				"east": { "uv": [ 4.875, 12.25, 4.75, 15 ], "texture": "#stave-14", "cullface": "up" }
			}
		},
		{
			"__comment": "Voxels",
			"from": [ 7.6667, 22, 7 ],
			"to": [ 8.333366, 23, 7.333333 ],
			"faces": {
				"up": { "uv": [ 14.75, 14, 15, 13.875 ], "texture": "#stave-14", "cullface": "up" },
				"north": { "uv": [ 7, 13.75, 6.75, 14.125 ], "texture": "#stave-14", "cullface": "up" },
				"south": { "uv": [ 8.375, 15.125, 8.625, 15.5 ], "texture": "#stave-14", "cullface": "up" },
				"west": { "uv": [ 9.25, 8.875, 9.375, 9.25 ], "texture": "#stave-14", "cullface": "up" },
				"east": { "uv": [ 9.5, 11.875, 9.375, 12.25 ], "texture": "#stave-14", "cullface": "up" }
			}
		},
		{
			"__comment": "Voxels",
			"from": [ 7.6667, 22, 8.666699 ],
			"to": [ 8.333366, 23, 9.000032 ],
			"faces": {
				"up": { "uv": [ 13.25, 13.875, 13.5, 13.75 ], "texture": "#stave-14", "cullface": "up" },
				"north": { "uv": [ 8.625, 12.875, 8.375, 13.25 ], "texture": "#stave-14", "cullface": "up" },
				"south": { "uv": [ 8.375, 12.5, 8.625, 12.875 ], "texture": "#stave-14", "cullface": "up" },
				"west": { "uv": [ 9.25, 11.875, 9.375, 12.25 ], "texture": "#stave-14", "cullface": "up" },
				"east": { "uv": [ 9.5, 12.625, 9.375, 13 ], "texture": "#stave-14", "cullface": "up" }
			}
		},
		{
			"__comment": "Voxels",
			"from": [ 7.6667, 22.3333, 4 ],
			"to": [ 8.333366, 22.99997, 5.333333 ],
			"faces": {
				"down": { "uv": [ 7.75, 13.75, 8, 14.25 ], "texture": "#stave-14", "cullface": "up" },
				"up": { "uv": [ 7.75, 13.75, 8, 13.25 ], "texture": "#stave-14", "cullface": "up" },
				"north": { "uv": [ 12.75, 15.25, 12.5, 15.5 ], "texture": "#stave-14", "cullface": "up" },
				"west": { "uv": [ 9, 15.5, 9.5, 15.75 ], "texture": "#stave-14", "cullface": "up" },
				"east": { "uv": [ 10, 15.5, 9.5, 15.75 ], "texture": "#stave-14", "cullface": "up" }
			}
		},
		{
			"__comment": "Voxels",
			"from": [ 7.6667, 22.3333, 5.6667 ],
			"to": [ 8.333366, 28.3333, 6.000033 ],
			"faces": {
				"up": { "uv": [ 10, 12.875, 10.25, 12.75 ], "texture": "#stave-14", "cullface": "up" },
				"south": { "uv": [ 2.75, 8.25, 3, 10.5 ], "texture": "#stave-14", "cullface": "up" },
				"west": { "uv": [ 2.5, 8, 2.625, 10.25 ], "texture": "#stave-14", "cullface": "up" },
				"east": { "uv": [ 2.75, 8, 2.625, 10.25 ], "texture": "#stave-14", "cullface": "up" }
			}
		},
		{
			"__comment": "Voxels",
			"from": [ 7.6667, 22.3333, 6 ],
			"to": [ 8.333366, 27.66663, 6.333333 ],
			"faces": {
				"up": { "uv": [ 10, 11.625, 10.25, 11.5 ], "texture": "#stave-14", "cullface": "up" },
				"south": { "uv": [ 3.25, 14, 3.5, 16 ], "texture": "#stave-14", "cullface": "up" },
				"west": { "uv": [ 5.5, 10.875, 5.625, 12.875 ], "texture": "#stave-14", "cullface": "up" },
				"east": { "uv": [ 5.75, 10.875, 5.625, 12.875 ], "texture": "#stave-14", "cullface": "up" }
			}
		},
		{
			"__comment": "Voxels",
			"from": [ 7.6667, 22.3333, 7.3333 ],
			"to": [ 8.333366, 25.66663, 7.666633 ],
			"faces": {
				"up": { "uv": [ 6, 11.5, 6.25, 11.375 ], "texture": "#stave-14", "cullface": "up" },
				"north": { "uv": [ 4.75, 10.375, 4.5, 11.625 ], "texture": "#stave-14", "cullface": "up" },
				"south": { "uv": [ 5, 13.75, 5.25, 15 ], "texture": "#stave-14", "cullface": "up" },
				"west": { "uv": [ 7, 13.25, 7.125, 14.5 ], "texture": "#stave-14", "cullface": "up" },
				"east": { "uv": [ 7.125, 12, 7, 13.25 ], "texture": "#stave-14", "cullface": "up" }
			}
		},
		{
			"__comment": "Voxels",
			"from": [ 7.6667, 22.3333, 8.3333 ],
			"to": [ 8.333366, 25.66663, 8.666633 ],
			"faces": {
				"up": { "uv": [ 12.5, 15.25, 12.75, 15.125 ], "texture": "#stave-14", "cullface": "up" },
				"north": { "uv": [ 4.5, 8.5, 4.25, 9.75 ], "texture": "#stave-14", "cullface": "up" },
				"south": { "uv": [ 4, 8.5, 4.25, 9.75 ], "texture": "#stave-14", "cullface": "up" },
				"west": { "uv": [ 7, 10.75, 7.125, 12 ], "texture": "#stave-14", "cullface": "up" },
				"east": { "uv": [ 7.125, 9.5, 7, 10.75 ], "texture": "#stave-14", "cullface": "up" }
			}
		},
		{
			"__comment": "Voxels",
			"from": [ 7.6667, 22.3333, 9.666699 ],
			"to": [ 8.333366, 27.66663, 10.33337 ],
			"faces": {
				"up": { "uv": [ 14.5, 15.5, 14.75, 15.25 ], "texture": "#stave-14", "cullface": "up" },
				"north": { "uv": [ 3.5, 10, 3.25, 12 ], "texture": "#stave-14", "cullface": "up" },
				"west": { "uv": [ 3.75, 12, 4, 14 ], "texture": "#stave-14", "cullface": "up" },
				"east": { "uv": [ 4, 14, 3.75, 16 ], "texture": "#stave-14", "cullface": "up" }
			}
		},
		{
			"__comment": "Voxels",
			"from": [ 7.6667, 22.3333, 10.6667 ],
			"to": [ 8.333366, 25.3333, 11.33337 ],
			"faces": {
				"down": { "uv": [ 15.25, 15.125, 15.5, 15.375 ], "texture": "#stave-14", "cullface": "up" },
				"up": { "uv": [ 15.5, 15.375, 15.75, 15.125 ], "texture": "#stave-14", "cullface": "up" },
				"south": { "uv": [ 5, 8.625, 5.25, 9.75 ], "texture": "#stave-14", "cullface": "up" },
				"west": { "uv": [ 5.5, 14.875, 5.75, 16 ], "texture": "#stave-14", "cullface": "up" },
				"east": { "uv": [ 5.5, 9.25, 5.25, 10.375 ], "texture": "#stave-14", "cullface": "up" }
			}
		},
		{
			"__comment": "Voxels",
			"from": [ 7.6667, 22.3333, 11.3333 ],
			"to": [ 8.333366, 22.99997, 11.99997 ],
			"faces": {
				"down": { "uv": [ 9.25, 14.75, 9.5, 15 ], "texture": "#stave-14", "cullface": "up" },
				"up": { "uv": [ 9.5, 15, 9.75, 14.75 ], "texture": "#stave-14", "cullface": "up" },
				"south": { "uv": [ 10, 14.75, 10.25, 15 ], "texture": "#stave-14", "cullface": "up" },
				"west": { "uv": [ 10.25, 14.75, 10.5, 15 ], "texture": "#stave-14", "cullface": "up" },
				"east": { "uv": [ 10.75, 14.75, 10.5, 15 ], "texture": "#stave-14", "cullface": "up" }
			}
		},
		{
			"__comment": "Voxels",
			"from": [ 7.6667, 22.6667, 3.6667 ],
			"to": [ 8.333366, 23.00003, 4.000033 ],
			"faces": {
				"down": { "uv": [ 13, 14.375, 13.25, 14.5 ], "texture": "#stave-14", "cullface": "up" },
				"up": { "uv": [ 13.25, 14.5, 13.5, 14.375 ], "texture": "#stave-14", "cullface": "up" },
				"north": { "uv": [ 13.75, 14.375, 13.5, 14.5 ], "texture": "#stave-14", "cullface": "up" },
				"west": { "uv": [ 9.875, 11.125, 10, 11.25 ], "texture": "#stave-14", "cullface": "up" },
				"east": { "uv": [ 10, 11, 9.875, 11.125 ], "texture": "#stave-14", "cullface": "up" }
			}
		},
		{
			"__comment": "Voxels",
			"from": [ 7.6667, 22.6667, 7.6667 ],
			"to": [ 8.333366, 28.00003, 8.333366 ],
			"faces": {
				"up": { "uv": [ 11, 15, 11.25, 14.75 ], "texture": "#stave-14", "cullface": "up" },
				"north": { "uv": [ 3.75, 12, 3.5, 14 ], "texture": "#stave-14", "cullface": "up" },
				"south": { "uv": [ 3.5, 14, 3.75, 16 ], "texture": "#stave-14", "cullface": "up" },
				"west": { "uv": [ 3.25, 8, 3.5, 10 ], "texture": "#stave-14", "cullface": "up" },
				"east": { "uv": [ 3.75, 10, 3.5, 12 ], "texture": "#stave-14", "cullface": "up" }
			}
		},
		{
			"__comment": "Voxels",
			"from": [ 7.6667, 22.6667, 9.3333 ],
			"to": [ 8.333366, 23.00003, 9.666633 ],
			"faces": {
				"up": { "uv": [ 15.75, 14.5, 16, 14.375 ], "texture": "#stave-14", "cullface": "up" },
				"north": { "uv": [ 9.875, 14.25, 9.625, 14.375 ], "texture": "#stave-14", "cullface": "up" },
				"west": { "uv": [ 9.875, 9.375, 10, 9.5 ], "texture": "#stave-14", "cullface": "up" },
				"east": { "uv": [ 10, 9.25, 9.875, 9.375 ], "texture": "#stave-14", "cullface": "up" }
			}
		},
		{
			"__comment": "Voxels",
			"from": [ 7.6667, 22.6667, 12 ],
			"to": [ 8.333366, 23.00003, 12.33333 ],
			"faces": {
				"down": { "uv": [ 10.125, 14.25, 10.375, 14.375 ], "texture": "#stave-14", "cullface": "up" },
				"up": { "uv": [ 10.375, 14.375, 10.625, 14.25 ], "texture": "#stave-14", "cullface": "up" },
				"south": { "uv": [ 10.875, 14.25, 11.125, 14.375 ], "texture": "#stave-14", "cullface": "up" },
				"west": { "uv": [ 9.875, 8.625, 10, 8.75 ], "texture": "#stave-14", "cullface": "up" },
				"east": { "uv": [ 10, 8.5, 9.875, 8.625 ], "texture": "#stave-14", "cullface": "up" }
			}
		},
		{
			"__comment": "Voxels",
			"from": [ 7.6667, 23, 4.6667 ],
			"to": [ 8.333366, 25.66667, 5.000033 ],
			"faces": {
				"up": { "uv": [ 11.375, 14.375, 11.625, 14.25 ], "texture": "#stave-14", "cullface": "up" },
				"north": { "uv": [ 5.75, 12.875, 5.5, 13.875 ], "texture": "#stave-14", "cullface": "up" },
				"south": { "uv": [ 5.5, 13.875, 5.75, 14.875 ], "texture": "#stave-14", "cullface": "up" },
				"west": { "uv": [ 2.25, 8, 2.375, 9 ], "texture": "#stave-14", "cullface": "up" },
				"east": { "uv": [ 2.5, 8, 2.375, 9 ], "texture": "#stave-14", "cullface": "up" }
			}
		},
		{
			"__comment": "Voxels",
			"from": [ 7.6667, 23, 5 ],
			"to": [ 8.333366, 25.33333, 5.333333 ],
			"faces": {
				"up": { "uv": [ 12.875, 14.375, 13.125, 14.25 ], "texture": "#stave-14", "cullface": "up" },
				"west": { "uv": [ 8, 9.125, 8.125, 10 ], "texture": "#stave-14", "cullface": "up" },
				"east": { "uv": [ 8.25, 9.125, 8.125, 10 ], "texture": "#stave-14", "cullface": "up" }
			}
		},
		{
			"__comment": "Voxels",
			"from": [ 7.6667, 23.3333, 4.3333 ],
			"to": [ 8.333366, 25.99997, 4.666634 ],
			"faces": {
				"down": { "uv": [ 13.625, 14.25, 13.875, 14.375 ], "texture": "#stave-14", "cullface": "up" },
				"up": { "uv": [ 13.875, 14.375, 14.125, 14.25 ], "texture": "#stave-14", "cullface": "up" },
				"north": { "uv": [ 2, 8, 1.75, 9 ], "texture": "#stave-14", "cullface": "up" },
				"south": { "uv": [ 1.5, 8, 1.75, 9 ], "texture": "#stave-14", "cullface": "up" },
				"west": { "uv": [ 7.75, 12.25, 7.875, 13.25 ], "texture": "#stave-14", "cullface": "up" },
				"east": { "uv": [ 8, 12.25, 7.875, 13.25 ], "texture": "#stave-14", "cullface": "up" }
			}
		},
		{
			"__comment": "Voxels",
			"from": [ 7.6667, 23.3333, 11.3333 ],
			"to": [ 8.333366, 25.99997, 11.66663 ],
			"faces": {
				"down": { "uv": [ 14.625, 14.25, 14.875, 14.375 ], "texture": "#stave-14", "cullface": "up" },
				"up": { "uv": [ 14.875, 14.375, 15.125, 14.25 ], "texture": "#stave-14", "cullface": "up" },
				"north": { "uv": [ 5.75, 8.875, 5.5, 9.875 ], "texture": "#stave-14", "cullface": "up" },
				"south": { "uv": [ 5.5, 9.875, 5.75, 10.875 ], "texture": "#stave-14", "cullface": "up" },
				"west": { "uv": [ 7.75, 11.25, 7.875, 12.25 ], "texture": "#stave-14", "cullface": "up" },
				"east": { "uv": [ 8, 11.25, 7.875, 12.25 ], "texture": "#stave-14", "cullface": "up" }
			}
		},
		{
			"__comment": "Voxels",
			"from": [ 7.6667, 23.6667, 3.6667 ],
			"to": [ 8.333366, 24.6667, 4.333366 ],
			"faces": {
				"down": { "uv": [ 12.25, 14.75, 12.5, 15 ], "texture": "#stave-14", "cullface": "up" },
				"up": { "uv": [ 12.5, 15, 12.75, 14.75 ], "texture": "#stave-14", "cullface": "up" },
				"north": { "uv": [ 8.625, 14.75, 8.375, 15.125 ], "texture": "#stave-14", "cullface": "up" },
				"west": { "uv": [ 7.125, 8, 7.375, 8.375 ], "texture": "#stave-14", "cullface": "up" },
				"east": { "uv": [ 8.625, 13.625, 8.375, 14 ], "texture": "#stave-14", "cullface": "up" }
			}
		},
		{
			"__comment": "Voxels",
			"from": [ 7.6667, 23.6667, 6.6667 ],
			"to": [ 8.333366, 26.6667, 7.000033 ],
			"faces": {
				"down": { "uv": [ 10.875, 14.125, 11.125, 14.25 ], "texture": "#stave-14", "cullface": "up" },
				"up": { "uv": [ 11.125, 14.25, 11.375, 14.125 ], "texture": "#stave-14", "cullface": "up" },
				"north": { "uv": [ 5.5, 10.375, 5.25, 11.5 ], "texture": "#stave-14", "cullface": "up" },
				"south": { "uv": [ 5.25, 11.5, 5.5, 12.625 ], "texture": "#stave-14", "cullface": "up" },
				"west": { "uv": [ 7.375, 13.625, 7.5, 14.75 ], "texture": "#stave-14", "cullface": "up" },
				"east": { "uv": [ 7.5, 8, 7.375, 9.125 ], "texture": "#stave-14", "cullface": "up" }
			}
		},
		{
			"__comment": "Voxels",
			"from": [ 7.6667, 23.6667, 9 ],
			"to": [ 8.333366, 26.6667, 9.333333 ],
			"faces": {
				"down": { "uv": [ 12.375, 14.125, 12.625, 14.25 ], "texture": "#stave-14", "cullface": "up" },
				"up": { "uv": [ 12.625, 14.25, 12.875, 14.125 ], "texture": "#stave-14", "cullface": "up" },
				"north": { "uv": [ 5.5, 12.625, 5.25, 13.75 ], "texture": "#stave-14", "cullface": "up" },
				"south": { "uv": [ 5.25, 14.875, 5.5, 16 ], "texture": "#stave-14", "cullface": "up" },
				"west": { "uv": [ 7.375, 9.125, 7.5, 10.25 ], "texture": "#stave-14", "cullface": "up" },
				"east": { "uv": [ 7.5, 10.25, 7.375, 11.375 ], "texture": "#stave-14", "cullface": "up" }
			}
		},
		{
			"__comment": "Voxels",
			"from": [ 7.6667, 23.6667, 11.6667 ],
			"to": [ 8.333366, 24.6667, 12.33337 ],
			"faces": {
				"down": { "uv": [ 13.25, 14.75, 13.5, 15 ], "texture": "#stave-14", "cullface": "up" },
				"up": { "uv": [ 13.5, 15, 13.75, 14.75 ], "texture": "#stave-14", "cullface": "up" },
				"south": { "uv": [ 8.375, 11, 8.625, 11.375 ], "texture": "#stave-14", "cullface": "up" },
				"west": { "uv": [ 8.375, 11.375, 8.625, 11.75 ], "texture": "#stave-14", "cullface": "up" },
				"east": { "uv": [ 8.625, 11.75, 8.375, 12.125 ], "texture": "#stave-14", "cullface": "up" }
			}
		},
		{
			"__comment": "Voxels",
			"from": [ 7.6667, 24, 3.3333 ],
			"to": [ 8.333366, 25, 3.666633 ],
			"faces": {
				"down": { "uv": [ 14.875, 14.125, 15.125, 14.25 ], "texture": "#stave-14", "cullface": "up" },
				"up": { "uv": [ 15.125, 14.25, 15.375, 14.125 ], "texture": "#stave-14", "cullface": "up" },
				"north": { "uv": [ 8.625, 12.125, 8.375, 12.5 ], "texture": "#stave-14", "cullface": "up" },
				"south": { "uv": [ 8.375, 13.25, 8.625, 13.625 ], "texture": "#stave-14", "cullface": "up" },
				"west": { "uv": [ 9.375, 10.375, 9.5, 10.75 ], "texture": "#stave-14", "cullface": "up" },
				"east": { "uv": [ 9.375, 10, 9.25, 10.375 ], "texture": "#stave-14", "cullface": "up" }
			}
		},
		{
			"__comment": "Voxels",
			"from": [ 7.6667, 24, 6.3333 ],
			"to": [ 8.333366, 27.33333, 6.666633 ],
			"faces": {
				"down": { "uv": [ 9.625, 13.875, 9.875, 14 ], "texture": "#stave-14", "cullface": "up" },
				"up": { "uv": [ 9.625, 13.875, 9.875, 13.75 ], "texture": "#stave-14", "cullface": "up" },
				"south": { "uv": [ 5, 12.5, 5.25, 13.75 ], "texture": "#stave-14", "cullface": "up" },
				"west": { "uv": [ 7.25, 12.125, 7.375, 13.375 ], "texture": "#stave-14", "cullface": "up" },
				"east": { "uv": [ 7.125, 8.25, 7, 9.5 ], "texture": "#stave-14", "cullface": "up" }
			}
		},
		{
			"__comment": "Voxels",
			"from": [ 7.6667, 24, 8.666699 ],
			"to": [ 8.333366, 25.66667, 9.000032 ],
			"faces": {
				"down": { "uv": [ 9.625, 13.125, 9.875, 13.25 ], "texture": "#stave-14", "cullface": "up" },
				"up": { "uv": [ 9.625, 13.125, 9.875, 13 ], "texture": "#stave-14", "cullface": "up" },
				"west": { "uv": [ 8.875, 14.5, 9, 15.125 ], "texture": "#stave-14", "cullface": "up" },
				"east": { "uv": [ 8.875, 13.25, 8.75, 13.875 ], "texture": "#stave-14", "cullface": "up" }
			}
		},
		{
			"__comment": "Voxels",
			"from": [ 7.6667, 24, 9.3333 ],
			"to": [ 8.333366, 27.33333, 9.666633 ],
			"faces": {
				"down": { "uv": [ 9.625, 12.375, 9.875, 12.5 ], "texture": "#stave-14", "cullface": "up" },
				"up": { "uv": [ 9.625, 12.375, 9.875, 12.25 ], "texture": "#stave-14", "cullface": "up" },
				"north": { "uv": [ 5.25, 10.375, 5, 11.625 ], "texture": "#stave-14", "cullface": "up" },
				"west": { "uv": [ 7.375, 14.75, 7.5, 16 ], "texture": "#stave-14", "cullface": "up" },
				"east": { "uv": [ 7.25, 12.125, 7.125, 13.375 ], "texture": "#stave-14", "cullface": "up" }
			}
		},
		{
			"__comment": "Voxels",
			"from": [ 7.6667, 24, 12.3333 ],
			"to": [ 8.333366, 25, 12.66663 ],
			"faces": {
				"down": { "uv": [ 9.625, 11.625, 9.875, 11.75 ], "texture": "#stave-14", "cullface": "up" },
				"up": { "uv": [ 9.625, 11.625, 9.875, 11.5 ], "texture": "#stave-14", "cullface": "up" },
				"north": { "uv": [ 8.625, 8.375, 8.375, 8.75 ], "texture": "#stave-14", "cullface": "up" },
				"south": { "uv": [ 8.375, 8, 8.625, 8.375 ], "texture": "#stave-14", "cullface": "up" },
				"west": { "uv": [ 9.375, 13.125, 9.5, 13.5 ], "texture": "#stave-14", "cullface": "up" },
				"east": { "uv": [ 9.375, 12.625, 9.25, 13 ], "texture": "#stave-14", "cullface": "up" }
			}
		},
		{
			"__comment": "Voxels",
			"from": [ 7.6667, 24.3333, 3 ],
			"to": [ 8.333366, 24.99997, 3.333333 ],
			"faces": {
				"down": { "uv": [ 9.625, 11.125, 9.875, 11.25 ], "texture": "#stave-14", "cullface": "up" },
				"up": { "uv": [ 9.625, 11.125, 9.875, 11 ], "texture": "#stave-14", "cullface": "up" },
				"north": { "uv": [ 9.25, 14.5, 9, 14.75 ], "texture": "#stave-14", "cullface": "up" },
				"west": { "uv": [ 9.5, 8.5, 9.625, 8.75 ], "texture": "#stave-14", "cullface": "up" },
				"east": { "uv": [ 9.625, 8.25, 9.5, 8.5 ], "texture": "#stave-14", "cullface": "up" }
			}
		},
		{
			"__comment": "Voxels",
			"from": [ 7.6667, 24.3333, 7 ],
			"to": [ 8.333366, 25.66663, 7.333333 ],
			"faces": {
				"down": { "uv": [ 9.625, 10.625, 9.875, 10.75 ], "texture": "#stave-14", "cullface": "up" },
				"up": { "uv": [ 9.625, 10.625, 9.875, 10.5 ], "texture": "#stave-14", "cullface": "up" },
				"west": { "uv": [ 8.875, 8.125, 9, 8.625 ], "texture": "#stave-14", "cullface": "up" },
				"east": { "uv": [ 9.125, 13.75, 9, 14.25 ], "texture": "#stave-14", "cullface": "up" }
			}
		},
		{
			"__comment": "Voxels",
			"from": [ 7.6667, 24.3333, 12.6667 ],
			"to": [ 8.333366, 24.99997, 13.00003 ],
			"faces": {
				"down": { "uv": [ 9.625, 9.875, 9.875, 10 ], "texture": "#stave-14", "cullface": "up" },
				"up": { "uv": [ 9.625, 9.875, 9.875, 9.75 ], "texture": "#stave-14", "cullface": "up" },
				"south": { "uv": [ 9, 13.25, 9.25, 13.5 ], "texture": "#stave-14", "cullface": "up" },
				"west": { "uv": [ 9.5, 8, 9.625, 8.25 ], "texture": "#stave-14", "cullface": "up" },
				"east": { "uv": [ 9.75, 9.25, 9.625, 9.5 ], "texture": "#stave-14", "cullface": "up" }
			}
		},
		{
			"__comment": "Voxels",
			"from": [ 7.6667, 25, 4 ],
			"to": [ 8.333366, 26.33333, 4.333333 ],
			"faces": {
				"down": { "uv": [ 9.625, 9.125, 9.875, 9.25 ], "texture": "#stave-14", "cullface": "up" },
				"up": { "uv": [ 9.625, 9.125, 9.875, 9 ], "texture": "#stave-14", "cullface": "up" },
				"north": { "uv": [ 8, 9.75, 7.75, 10.25 ], "texture": "#stave-14", "cullface": "up" },
				"south": { "uv": [ 7.75, 9.25, 8, 9.75 ], "texture": "#stave-14", "cullface": "up" },
				"west": { "uv": [ 9.125, 13.75, 9.25, 14.25 ], "texture": "#stave-14", "cullface": "up" },
				"east": { "uv": [ 9.125, 12.75, 9, 13.25 ], "texture": "#stave-14", "cullface": "up" }
			}
		},
		{
			"__comment": "Voxels",
			"from": [ 7.6667, 25, 11.6667 ],
			"to": [ 8.333366, 26.33333, 12.00003 ],
			"faces": {
				"down": { "uv": [ 9.625, 8.375, 9.875, 8.5 ], "texture": "#stave-14", "cullface": "up" },
				"up": { "uv": [ 9.625, 8.375, 9.875, 8.25 ], "texture": "#stave-14", "cullface": "up" },
				"north": { "uv": [ 8, 8.75, 7.75, 9.25 ], "texture": "#stave-14", "cullface": "up" },
				"south": { "uv": [ 7.75, 8.25, 8, 8.75 ], "texture": "#stave-14", "cullface": "up" },
				"west": { "uv": [ 9.125, 12.75, 9.25, 13.25 ], "texture": "#stave-14", "cullface": "up" },
				"east": { "uv": [ 9.125, 12, 9, 12.5 ], "texture": "#stave-14", "cullface": "up" }
			}
		},
		{
			"__comment": "Voxels",
			"from": [ 7.6667, 25.3333, 3.6667 ],
			"to": [ 8.333366, 26.66663, 4.000033 ],
			"faces": {
				"down": { "uv": [ 10, 14, 10.25, 14.125 ], "texture": "#stave-14", "cullface": "up" },
				"up": { "uv": [ 10.25, 14.125, 10.5, 14 ], "texture": "#stave-14", "cullface": "up" },
				"north": { "uv": [ 8.25, 15, 8, 15.5 ], "texture": "#stave-14", "cullface": "up" },
				"south": { "uv": [ 8, 14.5, 8.25, 15 ], "texture": "#stave-14", "cullface": "up" },
				"west": { "uv": [ 9.125, 12, 9.25, 12.5 ], "texture": "#stave-14", "cullface": "up" },
				"east": { "uv": [ 9.125, 11.5, 9, 12 ], "texture": "#stave-14", "cullface": "up" }
			}
		},
		{
			"__comment": "Voxels",
			"from": [ 7.6667, 25.3333, 11 ],
			"to": [ 8.333366, 25.66663, 11.33333 ],
			"faces": {
				"up": { "uv": [ 10.75, 14.125, 11, 14 ], "texture": "#stave-14", "cullface": "up" },
				"north": { "uv": [ 11.25, 14, 11, 14.125 ], "texture": "#stave-14", "cullface": "up" },
				"west": { "uv": [ 15.875, 14.125, 16, 14.25 ], "texture": "#stave-14", "cullface": "up" },
				"east": { "uv": [ 10, 11.25, 9.875, 11.375 ], "texture": "#stave-14", "cullface": "up" }
			}
		},
		{
			"__comment": "Voxels",
			"from": [ 7.6667, 25.3333, 12 ],
			"to": [ 8.333366, 26.66663, 12.33333 ],
			"faces": {
				"down": { "uv": [ 11.5, 14, 11.75, 14.125 ], "texture": "#stave-14", "cullface": "up" },
				"up": { "uv": [ 11.75, 14.125, 12, 14 ], "texture": "#stave-14", "cullface": "up" },
				"north": { "uv": [ 8.25, 14, 8, 14.5 ], "texture": "#stave-14", "cullface": "up" },
				"south": { "uv": [ 8, 13.5, 8.25, 14 ], "texture": "#stave-14", "cullface": "up" },
				"west": { "uv": [ 9.125, 11.5, 9.25, 12 ], "texture": "#stave-14", "cullface": "up" },
				"east": { "uv": [ 9.125, 11, 9, 11.5 ], "texture": "#stave-14", "cullface": "up" }
			}
		},
		{
			"__comment": "Voxels",
			"from": [ 7.6667, 25.6667, 3.3333 ],
			"to": [ 8.333366, 27.00003, 3.666633 ],
			"faces": {
				"down": { "uv": [ 13, 14, 13.25, 14.125 ], "texture": "#stave-14", "cullface": "up" },
				"up": { "uv": [ 13.25, 14.125, 13.5, 14 ], "texture": "#stave-14", "cullface": "up" },
				"north": { "uv": [ 8.25, 13, 8, 13.5 ], "texture": "#stave-14", "cullface": "up" },
				"south": { "uv": [ 8, 12.5, 8.25, 13 ], "texture": "#stave-14", "cullface": "up" },
				"west": { "uv": [ 9, 10.5, 9.125, 11 ], "texture": "#stave-14", "cullface": "up" },
				"east": { "uv": [ 9.25, 10.5, 9.125, 11 ], "texture": "#stave-14", "cullface": "up" }
			}
		},
		{
			"__comment": "Voxels",
			"from": [ 7.6667, 25.6667, 12.3333 ],
			"to": [ 8.333366, 27.00003, 12.66663 ],
			"faces": {
				"down": { "uv": [ 14.5, 14, 14.75, 14.125 ], "texture": "#stave-14", "cullface": "up" },
				"up": { "uv": [ 14.75, 14.125, 15, 14 ], "texture": "#stave-14", "cullface": "up" },
				"north": { "uv": [ 8.25, 12, 8, 12.5 ], "texture": "#stave-14", "cullface": "up" },
				"south": { "uv": [ 8, 11.5, 8.25, 12 ], "texture": "#stave-14", "cullface": "up" },
				"west": { "uv": [ 9.125, 10, 9.25, 10.5 ], "texture": "#stave-14", "cullface": "up" },
				"east": { "uv": [ 9.125, 9.5, 9, 10 ], "texture": "#stave-14", "cullface": "up" }
			}
		},
		{
			"__comment": "Voxels",
			"from": [ 7.6667, 26.3333, 3 ],
			"to": [ 8.333366, 26.99997, 3.333333 ],
			"faces": {
				"down": { "uv": [ 10, 13.875, 10.25, 14 ], "texture": "#stave-14", "cullface": "up" },
				"up": { "uv": [ 10.25, 14, 10.5, 13.875 ], "texture": "#stave-14", "cullface": "up" },
				"north": { "uv": [ 9.25, 9.25, 9, 9.5 ], "texture": "#stave-14", "cullface": "up" },
				"west": { "uv": [ 9.875, 12.625, 10, 12.875 ], "texture": "#stave-14", "cullface": "up" },
				"east": { "uv": [ 10, 12.375, 9.875, 12.625 ], "texture": "#stave-14", "cullface": "up" }
			}
		},
		{
			"__comment": "Voxels",
			"from": [ 7.6667, 26.3333, 12.6667 ],
			"to": [ 8.333366, 26.99997, 13.00003 ],
			"faces": {
				"down": { "uv": [ 11, 13.875, 11.25, 14 ], "texture": "#stave-14", "cullface": "up" },
				"up": { "uv": [ 11.25, 14, 11.5, 13.875 ], "texture": "#stave-14", "cullface": "up" },
				"south": { "uv": [ 9, 8.5, 9.25, 8.75 ], "texture": "#stave-14", "cullface": "up" },
				"west": { "uv": [ 9.875, 12.125, 10, 12.375 ], "texture": "#stave-14", "cullface": "up" },
				"east": { "uv": [ 10, 11.875, 9.875, 12.125 ], "texture": "#stave-14", "cullface": "up" }
			}
		},
		{
			"__comment": "Voxels",
			"from": [ 7.6667, 26.6667, 5 ],
			"to": [ 8.333366, 28.6667, 5.333333 ],
			"faces": {
				"down": { "uv": [ 12, 13.875, 12.25, 14 ], "texture": "#stave-14", "cullface": "up" },
				"up": { "uv": [ 12.25, 14, 12.5, 13.875 ], "texture": "#stave-14", "cullface": "up" },
				"north": { "uv": [ 7, 8.25, 6.75, 9 ], "texture": "#stave-14", "cullface": "up" },
				"west": { "uv": [ 8.625, 13.25, 8.75, 14 ], "texture": "#stave-14", "cullface": "up" },
				"east": { "uv": [ 8.75, 12.5, 8.625, 13.25 ], "texture": "#stave-14", "cullface": "up" }
			}
		},
		{
			"__comment": "Voxels",
			"from": [ 7.6667, 26.6667, 10.6667 ],
			"to": [ 8.333366, 28.6667, 11.00003 ],
			"faces": {
				"down": { "uv": [ 13.5, 13.875, 13.75, 14 ], "texture": "#stave-14", "cullface": "up" },
				"up": { "uv": [ 13.75, 14, 14, 13.875 ], "texture": "#stave-14", "cullface": "up" },
				"south": { "uv": [ 6.75, 11.5, 7, 12.25 ], "texture": "#stave-14", "cullface": "up" },
				"west": { "uv": [ 8.625, 11.75, 8.75, 12.5 ], "texture": "#stave-14", "cullface": "up" },
				"east": { "uv": [ 8.75, 11, 8.625, 11.75 ], "texture": "#stave-14", "cullface": "up" }
			}
		},
		{
			"__comment": "Voxels",
			"from": [ 7.6667, 27, 2.6667 ],
			"to": [ 8.333366, 27.33333, 3.000033 ],
			"faces": {
				"down": { "uv": [ 15, 13.875, 15.25, 14 ], "texture": "#stave-14", "cullface": "up" },
				"up": { "uv": [ 15.25, 14, 15.5, 13.875 ], "texture": "#stave-14", "cullface": "up" },
				"north": { "uv": [ 15.75, 13.875, 15.5, 14 ], "texture": "#stave-14", "cullface": "up" },
				"south": { "uv": [ 15.75, 13.875, 16, 14 ], "texture": "#stave-14", "cullface": "up" },
				"west": { "uv": [ 9.375, 13, 9.5, 13.125 ], "texture": "#stave-14", "cullface": "up" },
				"east": { "uv": [ 16, 14.25, 15.875, 14.375 ], "texture": "#stave-14", "cullface": "up" }
			}
		},
		{
			"__comment": "Voxels",
			"from": [ 7.6667, 27, 13 ],
			"to": [ 8.333366, 27.33333, 13.33333 ],
			"faces": {
				"down": { "uv": [ 10, 13.75, 10.25, 13.875 ], "texture": "#stave-14", "cullface": "up" },
				"up": { "uv": [ 10.25, 13.875, 10.5, 13.75 ], "texture": "#stave-14", "cullface": "up" },
				"north": { "uv": [ 10.75, 13.75, 10.5, 13.875 ], "texture": "#stave-14", "cullface": "up" },
				"south": { "uv": [ 10.75, 13.75, 11, 13.875 ], "texture": "#stave-14", "cullface": "up" },
				"west": { "uv": [ 9.875, 10.875, 10, 11 ], "texture": "#stave-14", "cullface": "up" },
				"east": { "uv": [ 10, 10.75, 9.875, 10.875 ], "texture": "#stave-14", "cullface": "up" }
			}
		},
		{
			"__comment": "Voxels",
			"from": [ 7.6667, 27.3333, 4.6667 ],
			"to": [ 8.333366, 28.99997, 5.000033 ],
			"faces": {
				"down": { "uv": [ 11, 13.75, 11.25, 13.875 ], "texture": "#stave-14", "cullface": "up" },
				"up": { "uv": [ 11.25, 13.875, 11.5, 13.75 ], "texture": "#stave-14", "cullface": "up" },
				"north": { "uv": [ 7.375, 9, 7.125, 9.625 ], "texture": "#stave-14", "cullface": "up" },
				"south": { "uv": [ 7.125, 8.375, 7.375, 9 ], "texture": "#stave-14", "cullface": "up" },
				"west": { "uv": [ 8.75, 12.625, 8.875, 13.25 ], "texture": "#stave-14", "cullface": "up" },
				"east": { "uv": [ 9, 12.625, 8.875, 13.25 ], "texture": "#stave-14", "cullface": "up" }
			}
		},
		{
			"__comment": "Voxels",
			"from": [ 7.6667, 27.3333, 11 ],
			"to": [ 8.333366, 28.99997, 11.33333 ],
			"faces": {
				"down": { "uv": [ 12.5, 13.75, 12.75, 13.875 ], "texture": "#stave-14", "cullface": "up" },
				"up": { "uv": [ 12.75, 13.875, 13, 13.75 ], "texture": "#stave-14", "cullface": "up" },
				"north": { "uv": [ 7.75, 14.125, 7.5, 14.75 ], "texture": "#stave-14", "cullface": "up" },
				"south": { "uv": [ 7.125, 14, 7.375, 14.625 ], "texture": "#stave-14", "cullface": "up" },
				"west": { "uv": [ 8.75, 11.375, 8.875, 12 ], "texture": "#stave-14", "cullface": "up" },
				"east": { "uv": [ 8.875, 10.75, 8.75, 11.375 ], "texture": "#stave-14", "cullface": "up" }
			}
		},
		{
			"__comment": "Voxels",
			"from": [ 7.6667, 27.6667, 4.3333 ],
			"to": [ 8.333366, 29.6667, 4.666634 ],
			"faces": {
				"down": { "uv": [ 14, 13.75, 14.25, 13.875 ], "texture": "#stave-14", "cullface": "up" },
				"up": { "uv": [ 14.25, 13.875, 14.5, 13.75 ], "texture": "#stave-14", "cullface": "up" },
				"north": { "uv": [ 6.875, 12.25, 6.625, 13 ], "texture": "#stave-14", "cullface": "up" },
				"south": { "uv": [ 6.375, 12.25, 6.625, 13 ], "texture": "#stave-14", "cullface": "up" },
				"west": { "uv": [ 8.625, 10.25, 8.75, 11 ], "texture": "#stave-14", "cullface": "up" },
				"east": { "uv": [ 8.75, 9.5, 8.625, 10.25 ], "texture": "#stave-14", "cullface": "up" }
			}
		},
		{
			"__comment": "Voxels",
			"from": [ 7.6667, 27.6667, 10 ],
			"to": [ 8.333366, 28.33336, 10.33333 ],
			"faces": {
				"up": { "uv": [ 15.75, 13.875, 16, 13.75 ], "texture": "#stave-14", "cullface": "up" },
				"north": { "uv": [ 9.25, 8, 9, 8.25 ], "texture": "#stave-14", "cullface": "up" },
				"west": { "uv": [ 9.875, 11.625, 10, 11.875 ], "texture": "#stave-14", "cullface": "up" },
				"east": { "uv": [ 10, 11.375, 9.875, 11.625 ], "texture": "#stave-14", "cullface": "up" }
			}
		},
		{
			"__comment": "Voxels",
			"from": [ 7.6667, 27.6667, 11.3333 ],
			"to": [ 8.333366, 29.6667, 11.66663 ],
			"faces": {
				"down": { "uv": [ 10, 13.375, 10.25, 13.5 ], "texture": "#stave-14", "cullface": "up" },
				"up": { "uv": [ 10, 13.375, 10.25, 13.25 ], "texture": "#stave-14", "cullface": "up" },
				"north": { "uv": [ 6.875, 13, 6.625, 13.75 ], "texture": "#stave-14", "cullface": "up" },
				"south": { "uv": [ 6.375, 13, 6.625, 13.75 ], "texture": "#stave-14", "cullface": "up" },
				"west": { "uv": [ 6.875, 13, 7, 13.75 ], "texture": "#stave-14", "cullface": "up" },
				"east": { "uv": [ 8.375, 9.75, 8.25, 10.5 ], "texture": "#stave-14", "cullface": "up" }
			}
		},
		{
			"__comment": "Voxels",
			"from": [ 7.6667, 28.6667, 4 ],
			"to": [ 8.333366, 30.00003, 4.333333 ],
			"faces": {
				"down": { "uv": [ 10, 12.625, 10.25, 12.75 ], "texture": "#stave-14", "cullface": "up" },
				"up": { "uv": [ 10, 12.625, 10.25, 12.5 ], "texture": "#stave-14", "cullface": "up" },
				"north": { "uv": [ 8.25, 11, 8, 11.5 ], "texture": "#stave-14", "cullface": "up" },
				"south": { "uv": [ 8, 10.5, 8.25, 11 ], "texture": "#stave-14", "cullface": "up" },
				"west": { "uv": [ 9.25, 13.75, 9.375, 14.25 ], "texture": "#stave-14", "cullface": "up" },
				"east": { "uv": [ 9.5, 13.75, 9.375, 14.25 ], "texture": "#stave-14", "cullface": "up" }
			}
		},
		{
			"__comment": "Voxels",
			"from": [ 7.6667, 28.6667, 11.6667 ],
			"to": [ 8.333366, 30.00003, 12.00003 ],
			"faces": {
				"down": { "uv": [ 10, 11.875, 10.25, 12 ], "texture": "#stave-14", "cullface": "up" },
				"up": { "uv": [ 10, 11.875, 10.25, 11.75 ], "texture": "#stave-14", "cullface": "up" },
				"north": { "uv": [ 8.25, 10, 8, 10.5 ], "texture": "#stave-14", "cullface": "up" },
				"south": { "uv": [ 5, 8, 5.25, 8.5 ], "texture": "#stave-14", "cullface": "up" },
				"west": { "uv": [ 9.25, 13, 9.375, 13.5 ], "texture": "#stave-14", "cullface": "up" },
				"east": { "uv": [ 9.25, 9.5, 9.125, 10 ], "texture": "#stave-14", "cullface": "up" }
			}
		},
		{
			"__comment": "Voxels",
			"from": [ 8.3333, -12, 6.6667 ],
			"to": [ 8.666633, -11.66667, 7.000033 ],
			"faces": {
				"down": { "uv": [ 10, 9.875, 10.125, 10 ], "texture": "#stave-14", "cullface": "down" },
				"north": { "uv": [ 10.125, 9.75, 10, 9.875 ], "texture": "#stave-14", "cullface": "down" },
				"east": { "uv": [ 10.25, 9.625, 10.125, 9.75 ], "texture": "#stave-14", "cullface": "down" }
			}
		}
	],
	"display": {
		"thirdperson_righthand": {
			"translation":  [ 0, 0, 1.4 ]
		},
		"thirdperson_lefthand": {
			"translation":  [ 0, 0, 1.4 ]
		},
		"firstperson_righthand": {
			"rotation":  [ -10, 0, 0 ],
			"translation":  [ 0, 3.5, 0 ],
			"scale":  [ 0.6, 0.6, 0.6 ]
		},
		"firstperson_lefthand": {
			"rotation":  [ -10, 0, 0 ],
			"translation":  [ 0, 3.5, 0 ],
			"scale":  [ 0.6, 0.6, 0.6 ]
		},
		"gui": {
			"rotation":  [ 90, -120, 90 ],
			"scale":  [ 0.4, 0.4, 0.4 ]
		},
		"head": {
			"scale":  [ 0.0001, 0.0001, 0.0001 ]
		},
		"ground": {
			"translation":  [ 0, 15, 0 ],
			"scale":  [ 0.8, 0.8, 0.8 ]
		},
		"fixed": {
			"rotation":  [ -90, 60, 90 ],
			"translation":  [ 0, 0, -1 ],
			"scale":  [ 0.5, 0.5, 0.5 ]
		}
	}
}