{
	"__comment": "Designed by Master氵楚兒 with Cubik Studio - https://cubik.studio",
	"textures": {
		"particle": "trademodel/e_particle",
		"texture": "trademodel/e_texture",
		"sword-10": "trademodel/sword-10"
	},
	"elements": [ 	 
		{
			"__comment": "Voxels",
			"from": [ 5.6667, 21, 8 ],
			"to": [ 7.6667, 21.66667, 8.333333 ],
			"faces": {
				"down": { "uv": [ 7.375, 8.25, 8.125, 8.375 ], "texture": "#sword-10", "cullface": "up" },
				"up": { "uv": [ 8.125, 13.875, 8.875, 13.75 ], "texture": "#sword-10", "cullface": "up" },
				"north": { "uv": [ 7.25, 8, 6.5, 8.25 ], "texture": "#sword-10", "cullface": "up" },
				"south": { "uv": [ 7.375, 15.25, 8.125, 15.5 ], "texture": "#sword-10", "cullface": "up" },
				"west": { "uv": [ 10.25, 11.875, 10.375, 12.125 ], "texture": "#sword-10", "cullface": "up" },
				"east": { "uv": [ 10.375, 11.625, 10.25, 11.875 ], "texture": "#sword-10", "cullface": "up" }
			}
		},
		{
			"__comment": "Voxels",
			"from": [ 5.6667, 21.6667, 8 ],
			"to": [ 7.333366, 22.33337, 8.333333 ],
			"faces": {
				"up": { "uv": [ 8.125, 9.125, 8.75, 9 ], "texture": "#sword-10", "cullface": "up" },
				"north": { "uv": [ 8, 13.5, 7.375, 13.75 ], "texture": "#sword-10", "cullface": "up" },
				"south": { "uv": [ 7.375, 13.25, 8, 13.5 ], "texture": "#sword-10", "cullface": "up" },
				"west": { "uv": [ 10.25, 11.375, 10.375, 11.625 ], "texture": "#sword-10", "cullface": "up" },
				"east": { "uv": [ 10.375, 11.125, 10.25, 11.375 ], "texture": "#sword-10", "cullface": "up" }
			}
		},
		{
			"__comment": "Voxels",
			"from": [ 5.6667, 22.3333, 8 ],
			"to": [ 6.333366, 23.3333, 8.333333 ],
			"faces": {
				"up": { "uv": [ 12.5, 13.75, 12.75, 13.625 ], "texture": "#sword-10", "cullface": "up" },
				"north": { "uv": [ 5.875, 10.5, 5.625, 10.875 ], "texture": "#sword-10", "cullface": "up" },
				"south": { "uv": [ 7, 13.375, 7.25, 13.75 ], "texture": "#sword-10", "cullface": "up" },
				"west": { "uv": [ 4.875, 8, 5, 8.375 ], "texture": "#sword-10", "cullface": "up" },
				"east": { "uv": [ 3.375, 8, 3.25, 8.375 ], "texture": "#sword-10", "cullface": "up" }
			}
		},
		{
			"__comment": "Voxels",
			"from": [ 6, 18.3333, 8 ],
			"to": [ 9.666667, 18.66663, 8.333333 ],
			"faces": {
				"down": { "uv": [ 9.625, 15.25, 11, 15.375 ], "texture": "#sword-10", "cullface": "up" },
				"up": { "uv": [ 11, 15.375, 12.375, 15.25 ], "texture": "#sword-10", "cullface": "up" },
				"north": { "uv": [ 13.75, 15.25, 12.375, 15.375 ], "texture": "#sword-10", "cullface": "up" },
				"south": { "uv": [ 13.75, 15.25, 15.125, 15.375 ], "texture": "#sword-10", "cullface": "up" },
				"west": { "uv": [ 10.875, 12.875, 11, 13 ], "texture": "#sword-10", "cullface": "up" },
				"east": { "uv": [ 11, 12.75, 10.875, 12.875 ], "texture": "#sword-10", "cullface": "up" }
			}
		},
		{
			"__comment": "Voxels",
			"from": [ 6, 19.6667, 8 ],
			"to": [ 8.333334, 20.00003, 8.333333 ],
			"faces": {
				"down": { "uv": [ 8.125, 14.375, 9, 14.5 ], "texture": "#sword-10", "cullface": "up" },
				"up": { "uv": [ 8.125, 14.875, 9, 14.75 ], "texture": "#sword-10", "cullface": "up" },
				"north": { "uv": [ 9, 14.625, 8.125, 14.75 ], "texture": "#sword-10", "cullface": "up" },
				"south": { "uv": [ 8.125, 14.5, 9, 14.625 ], "texture": "#sword-10", "cullface": "up" },
				"west": { "uv": [ 2.625, 8, 2.75, 8.125 ], "texture": "#sword-10", "cullface": "up" },
				"east": { "uv": [ 2.875, 8, 2.75, 8.125 ], "texture": "#sword-10", "cullface": "up" }
			}
		},
		{
			"__comment": "Voxels",
			"from": [ 6, 20, 8 ],
			"to": [ 8, 20.66667, 8.333333 ],
			"faces": {
				"up": { "uv": [ 8.125, 14, 8.875, 13.875 ], "texture": "#sword-10", "cullface": "up" },
				"north": { "uv": [ 8.125, 15, 7.375, 15.25 ], "texture": "#sword-10", "cullface": "up" },
				"south": { "uv": [ 7.375, 14.75, 8.125, 15 ], "texture": "#sword-10", "cullface": "up" },
				"west": { "uv": [ 10.25, 8.375, 10.375, 8.625 ], "texture": "#sword-10", "cullface": "up" },
				"east": { "uv": [ 10.375, 8.125, 10.25, 8.375 ], "texture": "#sword-10", "cullface": "up" }
			}
		},
		{
			"__comment": "Voxels",
			"from": [ 6, 20.6667, 7.6667 ],
			"to": [ 6.666667, 21.33337, 8.000033 ],
			"faces": {
				"down": { "uv": [ 12.25, 13.5, 12.5, 13.625 ], "texture": "#sword-10", "cullface": "up" },
				"up": { "uv": [ 12.5, 13.625, 12.75, 13.5 ], "texture": "#sword-10", "cullface": "up" },
				"north": { "uv": [ 9.375, 11.875, 9.125, 12.125 ], "texture": "#sword-10", "cullface": "up" },
				"south": { "uv": [ 9.125, 11.625, 9.375, 11.875 ], "texture": "#sword-10", "cullface": "up" },
				"west": { "uv": [ 10.375, 9.875, 10.5, 10.125 ], "texture": "#sword-10", "cullface": "up" },
				"east": { "uv": [ 10.5, 9.625, 10.375, 9.875 ], "texture": "#sword-10", "cullface": "up" }
			}
		},
		{
			"__comment": "Voxels",
			"from": [ 6, 20.6667, 8 ],
			"to": [ 7.666667, 21.00003, 8.333333 ],
			"faces": {
				"north": { "uv": [ 14.625, 14.75, 14, 14.875 ], "texture": "#sword-10", "cullface": "up" },
				"south": { "uv": [ 14.625, 14.75, 15.25, 14.875 ], "texture": "#sword-10", "cullface": "up" },
				"west": { "uv": [ 2.875, 8, 3, 8.125 ], "texture": "#sword-10", "cullface": "up" },
				"east": { "uv": [ 3.125, 8, 3, 8.125 ], "texture": "#sword-10", "cullface": "up" }
			}
		},
		{
			"__comment": "Voxels",
			"from": [ 6, 20.6667, 8.3333 ],
			"to": [ 6.666667, 21.33337, 8.666633 ],
			"faces": {
				"down": { "uv": [ 12.75, 13.5, 13, 13.625 ], "texture": "#sword-10", "cullface": "up" },
				"up": { "uv": [ 15, 13.625, 15.25, 13.5 ], "texture": "#sword-10", "cullface": "up" },
				"north": { "uv": [ 9.375, 11.375, 9.125, 11.625 ], "texture": "#sword-10", "cullface": "up" },
				"south": { "uv": [ 9.125, 11.125, 9.375, 11.375 ], "texture": "#sword-10", "cullface": "up" },
				"west": { "uv": [ 10.375, 8.875, 10.5, 9.125 ], "texture": "#sword-10", "cullface": "up" },
				"east": { "uv": [ 7.25, 9.5, 7.125, 9.75 ], "texture": "#sword-10", "cullface": "up" }
			}
		},
		{
			"__comment": "Voxels",
			"from": [ 6, 21.3333, 7.6667 ],
			"to": [ 6.333333, 22.3333, 8.000033 ],
			"faces": {
				"up": { "uv": [ 3.75, 8.125, 3.875, 8 ], "texture": "#sword-10", "cullface": "up" },
				"north": { "uv": [ 9.5, 8.75, 9.375, 9.125 ], "texture": "#sword-10", "cullface": "up" },
				"south": { "uv": [ 9.375, 9.125, 9.5, 9.5 ], "texture": "#sword-10", "cullface": "up" },
				"west": { "uv": [ 9.75, 10.75, 9.875, 11.125 ], "texture": "#sword-10", "cullface": "up" },
				"east": { "uv": [ 9.875, 9.75, 9.75, 10.125 ], "texture": "#sword-10", "cullface": "up" }
			}
		},
		{
			"__comment": "Voxels",
			"from": [ 6, 21.3333, 8.3333 ],
			"to": [ 6.333333, 22.3333, 8.666633 ],
			"faces": {
				"up": { "uv": [ 8.875, 14.125, 9, 14 ], "texture": "#sword-10", "cullface": "up" },
				"north": { "uv": [ 9.75, 9.75, 9.625, 10.125 ], "texture": "#sword-10", "cullface": "up" },
				"south": { "uv": [ 9.5, 9.75, 9.625, 10.125 ], "texture": "#sword-10", "cullface": "up" },
				"west": { "uv": [ 9.625, 10.75, 9.75, 11.125 ], "texture": "#sword-10", "cullface": "up" },
				"east": { "uv": [ 9.5, 9.75, 9.375, 10.125 ], "texture": "#sword-10", "cullface": "up" }
			}
		},
		{
			"__comment": "Voxels",
			"from": [ 6.3333, 18, 8 ],
			"to": [ 11.99997, 18.33333, 8.333333 ],
			"faces": {
				"down": { "uv": [ 13.625, 15.875, 15.75, 16 ], "texture": "#sword-10", "cullface": "up" },
				"up": { "uv": [ 9.375, 16, 11.5, 15.875 ], "texture": "#sword-10", "cullface": "up" },
				"north": { "uv": [ 9.375, 15.875, 7.25, 16 ], "texture": "#sword-10", "cullface": "up" },
				"south": { "uv": [ 11.5, 15.875, 13.625, 16 ], "texture": "#sword-10", "cullface": "up" },
				"west": { "uv": [ 8.875, 13.875, 9, 14 ], "texture": "#sword-10", "cullface": "up" },
				"east": { "uv": [ 9, 13.75, 8.875, 13.875 ], "texture": "#sword-10", "cullface": "up" }
			}
		},
		{
			"__comment": "Voxels",
			"from": [ 6.3333, 18.3333, 7.6667 ],
			"to": [ 8.3333, 18.66663, 8.000033 ],
			"faces": {
				"down": { "uv": [ 8.25, 11, 9, 11.125 ], "texture": "#sword-10", "cullface": "up" },
				"up": { "uv": [ 8.25, 11, 9, 10.875 ], "texture": "#sword-10", "cullface": "up" },
				"north": { "uv": [ 9, 10.75, 8.25, 10.875 ], "texture": "#sword-10", "cullface": "up" },
				"west": { "uv": [ 8.875, 13.375, 9, 13.5 ], "texture": "#sword-10", "cullface": "up" },
				"east": { "uv": [ 9, 13.25, 8.875, 13.375 ], "texture": "#sword-10", "cullface": "up" }
			}
		},
		{
			"__comment": "Voxels",
			"from": [ 6.3333, 18.3333, 8.3333 ],
			"to": [ 8.3333, 18.66663, 8.666633 ],
			"faces": {
				"down": { "uv": [ 8.25, 10.5, 9, 10.625 ], "texture": "#sword-10", "cullface": "up" },
				"up": { "uv": [ 8.25, 10.5, 9, 10.375 ], "texture": "#sword-10", "cullface": "up" },
				"south": { "uv": [ 7.375, 9.625, 8.125, 9.75 ], "texture": "#sword-10", "cullface": "up" },
				"west": { "uv": [ 8.875, 13.125, 9, 13.25 ], "texture": "#sword-10", "cullface": "up" },
				"east": { "uv": [ 9, 13, 8.875, 13.125 ], "texture": "#sword-10", "cullface": "up" }
			}
		},
		{
			"__comment": "Voxels",
			"from": [ 6.3333, 18.6667, 8 ],
			"to": [ 9.666634, 19.33337, 8.333333 ],
			"faces": {
				"up": { "uv": [ 8.125, 15.25, 9.375, 15.125 ], "texture": "#sword-10", "cullface": "up" },
				"north": { "uv": [ 7.125, 9.5, 5.875, 9.75 ], "texture": "#sword-10", "cullface": "up" },
				"south": { "uv": [ 5.875, 9.25, 7.125, 9.5 ], "texture": "#sword-10", "cullface": "up" },
				"west": { "uv": [ 7.125, 9.25, 7.25, 9.5 ], "texture": "#sword-10", "cullface": "up" },
				"east": { "uv": [ 8.125, 13.5, 8, 13.75 ], "texture": "#sword-10", "cullface": "up" }
			}
		},
		{
			"__comment": "Voxels",
			"from": [ 6.3333, 19.3333, 7.6667 ],
			"to": [ 7.999967, 19.99997, 8.000033 ],
			"faces": {
				"down": { "uv": [ 14, 14.625, 14.625, 14.75 ], "texture": "#sword-10", "cullface": "up" },
				"up": { "uv": [ 14.625, 14.75, 15.25, 14.625 ], "texture": "#sword-10", "cullface": "up" },
				"north": { "uv": [ 8, 12.75, 7.375, 13 ], "texture": "#sword-10", "cullface": "up" },
				"south": { "uv": [ 7.375, 12.25, 8, 12.5 ], "texture": "#sword-10", "cullface": "up" },
				"west": { "uv": [ 8, 13.25, 8.125, 13.5 ], "texture": "#sword-10", "cullface": "up" },
				"east": { "uv": [ 8.125, 12.5, 8, 12.75 ], "texture": "#sword-10", "cullface": "up" }
			}
		},
		{
			"__comment": "Voxels",
			"from": [ 6.3333, 19.3333, 8 ],
			"to": [ 8.3333, 19.66663, 8.333333 ],
			"faces": {
				"north": { "uv": [ 8.875, 13.125, 8.125, 13.25 ], "texture": "#sword-10", "cullface": "up" },
				"south": { "uv": [ 8.125, 12.875, 8.875, 13 ], "texture": "#sword-10", "cullface": "up" },
				"west": { "uv": [ 8.875, 12.875, 9, 13 ], "texture": "#sword-10", "cullface": "up" },
				"east": { "uv": [ 16, 14.75, 15.875, 14.875 ], "texture": "#sword-10", "cullface": "up" }
			}
		},
		{
			"__comment": "Voxels",
			"from": [ 6.3333, 19.3333, 8.3333 ],
			"to": [ 7.999967, 19.99997, 8.666633 ],
			"faces": {
				"down": { "uv": [ 15.25, 14.625, 15.875, 14.75 ], "texture": "#sword-10", "cullface": "up" },
				"up": { "uv": [ 9.75, 14.625, 10.375, 14.5 ], "texture": "#sword-10", "cullface": "up" },
				"north": { "uv": [ 8, 12.5, 7.375, 12.75 ], "texture": "#sword-10", "cullface": "up" },
				"south": { "uv": [ 7.375, 12, 8, 12.25 ], "texture": "#sword-10", "cullface": "up" },
				"west": { "uv": [ 8, 12.25, 8.125, 12.5 ], "texture": "#sword-10", "cullface": "up" },
				"east": { "uv": [ 8.125, 12, 8, 12.25 ], "texture": "#sword-10", "cullface": "up" }
			}
		},
		{
			"__comment": "Voxels",
			"from": [ 6.3333, 20, 7.6667 ],
			"to": [ 7.666633, 20.66667, 8.000033 ],
			"faces": {
				"up": { "uv": [ 15.375, 14.375, 15.875, 14.25 ], "texture": "#sword-10", "cullface": "up" },
				"north": { "uv": [ 7.25, 14.75, 6.75, 15 ], "texture": "#sword-10", "cullface": "up" },
				"west": { "uv": [ 8, 11.75, 8.125, 12 ], "texture": "#sword-10", "cullface": "up" },
				"east": { "uv": [ 8.125, 11.5, 8, 11.75 ], "texture": "#sword-10", "cullface": "up" }
			}
		},
		{
			"__comment": "Voxels",
			"from": [ 6.3333, 20, 8.3333 ],
			"to": [ 7.666633, 20.66667, 8.666633 ],
			"faces": {
				"up": { "uv": [ 10.875, 14.25, 11.375, 14.125 ], "texture": "#sword-10", "cullface": "up" },
				"south": { "uv": [ 6.75, 14.5, 7.25, 14.75 ], "texture": "#sword-10", "cullface": "up" },
				"west": { "uv": [ 8.875, 13.5, 9, 13.75 ], "texture": "#sword-10", "cullface": "up" },
				"east": { "uv": [ 10, 9.5, 9.875, 9.75 ], "texture": "#sword-10", "cullface": "up" }
			}
		},
		{
			"__comment": "Voxels",
			"from": [ 6.6667, 16.3333, 8 ],
			"to": [ 11.33337, 16.66663, 8.333333 ],
			"faces": {
				"down": { "uv": [ 12.5, 15.625, 14.25, 15.75 ], "texture": "#sword-10", "cullface": "up" },
				"up": { "uv": [ 10.75, 15.75, 12.5, 15.625 ], "texture": "#sword-10", "cullface": "up" },
				"north": { "uv": [ 10.75, 15.625, 9, 15.75 ], "texture": "#sword-10", "cullface": "up" },
				"south": { "uv": [ 7.25, 15.625, 9, 15.75 ], "texture": "#sword-10", "cullface": "up" },
				"west": { "uv": [ 15.875, 14.25, 16, 14.375 ], "texture": "#sword-10", "cullface": "up" },
				"east": { "uv": [ 16, 14.125, 15.875, 14.25 ], "texture": "#sword-10", "cullface": "up" }
			}
		},
		{
			"__comment": "Voxels",
			"from": [ 6.6667, 17.6667, 8 ],
			"to": [ 11.6667, 18.00003, 8.333333 ],
			"faces": {
				"down": { "uv": [ 9.125, 15.75, 11, 15.875 ], "texture": "#sword-10", "cullface": "up" },
				"north": { "uv": [ 9.125, 15.75, 7.25, 15.875 ], "texture": "#sword-10", "cullface": "up" },
				"south": { "uv": [ 12.875, 15.75, 14.75, 15.875 ], "texture": "#sword-10", "cullface": "up" },
				"west": { "uv": [ 9.75, 13.5, 9.875, 13.625 ], "texture": "#sword-10", "cullface": "up" },
				"east": { "uv": [ 9.875, 13.375, 9.75, 13.5 ], "texture": "#sword-10", "cullface": "up" }
			}
		},
		{
			"__comment": "Voxels",
			"from": [ 6.6667, 18, 7.6667 ],
			"to": [ 8.6667, 18.33333, 8.000033 ],
			"faces": {
				"down": { "uv": [ 7.375, 9.5, 8.125, 9.625 ], "texture": "#sword-10", "cullface": "up" },
				"up": { "uv": [ 7.375, 9.5, 8.125, 9.375 ], "texture": "#sword-10", "cullface": "up" },
				"north": { "uv": [ 8.125, 9.25, 7.375, 9.375 ], "texture": "#sword-10", "cullface": "up" },
				"west": { "uv": [ 9.75, 13, 9.875, 13.125 ], "texture": "#sword-10", "cullface": "up" },
				"east": { "uv": [ 15.75, 13, 15.625, 13.125 ], "texture": "#sword-10", "cullface": "up" }
			}
		},
		{
			"__comment": "Voxels",
			"from": [ 6.6667, 18, 8.3333 ],
			"to": [ 8.6667, 18.33333, 8.666633 ],
			"faces": {
				"down": { "uv": [ 7.375, 9, 8.125, 9.125 ], "texture": "#sword-10", "cullface": "up" },
				"up": { "uv": [ 7.375, 9, 8.125, 8.875 ], "texture": "#sword-10", "cullface": "up" },
				"south": { "uv": [ 7.375, 8.625, 8.125, 8.75 ], "texture": "#sword-10", "cullface": "up" },
				"west": { "uv": [ 9.75, 12.875, 9.875, 13 ], "texture": "#sword-10", "cullface": "up" },
				"east": { "uv": [ 9.875, 12.75, 9.75, 12.875 ], "texture": "#sword-10", "cullface": "up" }
			}
		},
		{
			"__comment": "Voxels",
			"from": [ 6.6667, 18.6667, 7.6667 ],
			"to": [ 8.333366, 19.33337, 8.000033 ],
			"faces": {
				"up": { "uv": [ 14.75, 14.625, 15.375, 14.5 ], "texture": "#sword-10", "cullface": "up" },
				"north": { "uv": [ 6.5, 8.125, 5.875, 8.375 ], "texture": "#sword-10", "cullface": "up" },
				"west": { "uv": [ 9.875, 9.25, 10, 9.5 ], "texture": "#sword-10", "cullface": "up" },
				"east": { "uv": [ 10, 9, 9.875, 9.25 ], "texture": "#sword-10", "cullface": "up" }
			}
		},
		{
			"__comment": "Voxels",
			"from": [ 6.6667, 18.6667, 8.3333 ],
			"to": [ 8.333366, 19.33337, 8.666633 ],
			"faces": {
				"up": { "uv": [ 13.5, 14.625, 14.125, 14.5 ], "texture": "#sword-10", "cullface": "up" },
				"south": { "uv": [ 7.375, 13, 8, 13.25 ], "texture": "#sword-10", "cullface": "up" },
				"west": { "uv": [ 9.875, 8.75, 10, 9 ], "texture": "#sword-10", "cullface": "up" },
				"east": { "uv": [ 10, 8.5, 9.875, 8.75 ], "texture": "#sword-10", "cullface": "up" }
			}
		},
		{
			"__comment": "Voxels",
			"from": [ 6.6667, 21.3333, 7.6667 ],
			"to": [ 7.333366, 21.66663, 8.000033 ],
			"faces": {
				"down": { "uv": [ 15.75, 14.875, 16, 15 ], "texture": "#sword-10", "cullface": "up" },
				"up": { "uv": [ 8.75, 10.125, 9, 10 ], "texture": "#sword-10", "cullface": "up" },
				"north": { "uv": [ 9, 9.875, 8.75, 10 ], "texture": "#sword-10", "cullface": "up" },
				"west": { "uv": [ 9.75, 12.625, 9.875, 12.75 ], "texture": "#sword-10", "cullface": "up" },
				"east": { "uv": [ 9.875, 12.5, 9.75, 12.625 ], "texture": "#sword-10", "cullface": "up" }
			}
		},
		{
			"__comment": "Voxels",
			"from": [ 6.6667, 21.3333, 8.3333 ],
			"to": [ 7.333366, 21.66663, 8.666633 ],
			"faces": {
				"down": { "uv": [ 8.75, 9.625, 9, 9.75 ], "texture": "#sword-10", "cullface": "up" },
				"up": { "uv": [ 8.75, 9.625, 9, 9.5 ], "texture": "#sword-10", "cullface": "up" },
				"south": { "uv": [ 8.75, 9, 9, 9.125 ], "texture": "#sword-10", "cullface": "up" },
				"west": { "uv": [ 9.75, 12.375, 9.875, 12.5 ], "texture": "#sword-10", "cullface": "up" },
				"east": { "uv": [ 9.875, 12.25, 9.75, 12.375 ], "texture": "#sword-10", "cullface": "up" }
			}
		},
		{
			"__comment": "Voxels",
			"from": [ 6.6667, 22.3333, 8 ],
			"to": [ 7.333366, 22.66663, 8.333333 ],
			"faces": {
				"up": { "uv": [ 8.75, 8.875, 9, 8.75 ], "texture": "#sword-10", "cullface": "up" },
				"north": { "uv": [ 9, 8.625, 8.75, 8.75 ], "texture": "#sword-10", "cullface": "up" },
				"south": { "uv": [ 8.75, 8.25, 9, 8.375 ], "texture": "#sword-10", "cullface": "up" },
				"west": { "uv": [ 9.75, 12.125, 9.875, 12.25 ], "texture": "#sword-10", "cullface": "up" },
				"east": { "uv": [ 9.875, 12, 9.75, 12.125 ], "texture": "#sword-10", "cullface": "up" }
			}
		},
		{
			"__comment": "Voxels",
			"from": [ 7, 16, 8 ],
			"to": [ 7.333333, 16.33333, 8.333333 ],
			"faces": {
				"down": { "uv": [ 9.75, 11.875, 9.875, 12 ], "texture": "#sword-10", "cullface": "up" },
				"north": { "uv": [ 9.875, 11.25, 9.75, 11.375 ], "texture": "#sword-10", "cullface": "up" },
				"south": { "uv": [ 9.75, 11.125, 9.875, 11.25 ], "texture": "#sword-10", "cullface": "up" },
				"west": { "uv": [ 9.75, 10.625, 9.875, 10.75 ], "texture": "#sword-10", "cullface": "up" },
				"east": { "uv": [ 9.875, 10.25, 9.75, 10.375 ], "texture": "#sword-10", "cullface": "up" }
			}
		},
		{
			"__comment": "Voxels",
			"from": [ 7, 16.3333, 7.6667 ],
			"to": [ 11, 16.66663, 8.000033 ],
			"faces": {
				"down": { "uv": [ 8.125, 15.25, 9.625, 15.375 ], "texture": "#sword-10", "cullface": "up" },
				"up": { "uv": [ 14.125, 15.5, 15.625, 15.375 ], "texture": "#sword-10", "cullface": "up" },
				"north": { "uv": [ 14.125, 15.375, 12.625, 15.5 ], "texture": "#sword-10", "cullface": "up" },
				"west": { "uv": [ 9.75, 10.125, 9.875, 10.25 ], "texture": "#sword-10", "cullface": "up" },
				"east": { "uv": [ 9.875, 9.625, 9.75, 9.75 ], "texture": "#sword-10", "cullface": "up" }
			}
		},
		{
			"__comment": "Voxels",
			"from": [ 7, 16.3333, 8.3333 ],
			"to": [ 11, 16.66663, 8.666633 ],
			"faces": {
				"down": { "uv": [ 8.125, 15.375, 9.625, 15.5 ], "texture": "#sword-10", "cullface": "up" },
				"up": { "uv": [ 9.625, 15.5, 11.125, 15.375 ], "texture": "#sword-10", "cullface": "up" },
				"south": { "uv": [ 12.25, 15.5, 13.75, 15.625 ], "texture": "#sword-10", "cullface": "up" },
				"west": { "uv": [ 9.75, 9.5, 9.875, 9.625 ], "texture": "#sword-10", "cullface": "up" },
				"east": { "uv": [ 10.125, 8, 10, 8.125 ], "texture": "#sword-10", "cullface": "up" }
			}
		},
		{
			"__comment": "Voxels",
			"from": [ 7, 16.6667, 7.6667 ],
			"to": [ 10.66667, 17.33337, 8.6667 ],
			"faces": {
				"down": { "uv": [ 5.875, 15.25, 7.25, 15.625 ], "texture": "#sword-10", "cullface": "up" },
				"up": { "uv": [ 5.875, 16, 7.25, 15.625 ], "texture": "#sword-10", "cullface": "up" },
				"north": { "uv": [ 7.25, 12.75, 5.875, 13 ], "texture": "#sword-10", "cullface": "up" },
				"south": { "uv": [ 5.875, 12.5, 7.25, 12.75 ], "texture": "#sword-10", "cullface": "up" },
				"west": { "uv": [ 8.375, 11.625, 8.75, 11.875 ], "texture": "#sword-10", "cullface": "up" },
				"east": { "uv": [ 8.75, 11.125, 8.375, 11.375 ], "texture": "#sword-10", "cullface": "up" }
			}
		},
		{
			"__comment": "Voxels",
			"from": [ 7, 17.3333, 8 ],
			"to": [ 11.33333, 17.66663, 8.333333 ],
			"faces": {
				"down": { "uv": [ 14.25, 15.625, 15.875, 15.75 ], "texture": "#sword-10", "cullface": "up" },
				"north": { "uv": [ 10.625, 15.5, 9, 15.625 ], "texture": "#sword-10", "cullface": "up" },
				"south": { "uv": [ 10.625, 15.5, 12.25, 15.625 ], "texture": "#sword-10", "cullface": "up" },
				"west": { "uv": [ 10.125, 8, 10.25, 8.125 ], "texture": "#sword-10", "cullface": "up" },
				"east": { "uv": [ 10.375, 8, 10.25, 8.125 ], "texture": "#sword-10", "cullface": "up" }
			}
		},
		{
			"__comment": "Voxels",
			"from": [ 7, 17.6667, 7.6667 ],
			"to": [ 8.666667, 18.00003, 8.000033 ],
			"faces": {
				"down": { "uv": [ 9, 14.625, 9.625, 14.75 ], "texture": "#sword-10", "cullface": "up" },
				"north": { "uv": [ 12.75, 14.625, 12.125, 14.75 ], "texture": "#sword-10", "cullface": "up" },
				"west": { "uv": [ 10.375, 8.75, 10.5, 8.875 ], "texture": "#sword-10", "cullface": "up" },
				"east": { "uv": [ 10.5, 8.625, 10.375, 8.75 ], "texture": "#sword-10", "cullface": "up" }
			}
		},
		{
			"__comment": "Voxels",
			"from": [ 7, 17.6667, 8.3333 ],
			"to": [ 8.666667, 18.00003, 8.666633 ],
			"faces": {
				"down": { "uv": [ 13.375, 14.625, 14, 14.75 ], "texture": "#sword-10", "cullface": "up" },
				"south": { "uv": [ 12.25, 14.5, 12.875, 14.625 ], "texture": "#sword-10", "cullface": "up" },
				"west": { "uv": [ 10.375, 8.5, 10.5, 8.625 ], "texture": "#sword-10", "cullface": "up" },
				"east": { "uv": [ 10.5, 8.125, 10.375, 8.25 ], "texture": "#sword-10", "cullface": "up" }
			}
		},
		{
			"__comment": "Voxels",
			"from": [ 7, 18, 7.3333 ],
			"to": [ 8.333333, 18.33333, 7.666633 ],
			"faces": {
				"down": { "uv": [ 12.125, 14.375, 12.625, 14.5 ], "texture": "#sword-10", "cullface": "up" },
				"up": { "uv": [ 11.625, 14.5, 12.125, 14.375 ], "texture": "#sword-10", "cullface": "up" },
				"north": { "uv": [ 11.625, 14.375, 11.125, 14.5 ], "texture": "#sword-10", "cullface": "up" },
				"west": { "uv": [ 10.375, 8, 10.5, 8.125 ], "texture": "#sword-10", "cullface": "up" },
				"east": { "uv": [ 10.875, 13.375, 10.75, 13.5 ], "texture": "#sword-10", "cullface": "up" }
			}
		},
		{
			"__comment": "Voxels",
			"from": [ 7, 18, 8.666699 ],
			"to": [ 8.333333, 18.33333, 9.000032 ],
			"faces": {
				"down": { "uv": [ 10.125, 14.375, 10.625, 14.5 ], "texture": "#sword-10", "cullface": "up" },
				"up": { "uv": [ 9.625, 14.5, 10.125, 14.375 ], "texture": "#sword-10", "cullface": "up" },
				"south": { "uv": [ 8.5, 10.125, 9, 10.25 ], "texture": "#sword-10", "cullface": "up" },
				"west": { "uv": [ 10.875, 13.375, 11, 13.5 ], "texture": "#sword-10", "cullface": "up" },
				"east": { "uv": [ 11.375, 13.375, 11.25, 13.5 ], "texture": "#sword-10", "cullface": "up" }
			}
		},
		{
			"__comment": "Voxels",
			"from": [ 7, 18.3333, 7.3333 ],
			"to": [ 8, 18.66663, 7.666633 ],
			"faces": {
				"up": { "uv": [ 9.5, 11.75, 9.875, 11.625 ], "texture": "#sword-10", "cullface": "up" },
				"north": { "uv": [ 16, 15.375, 15.625, 15.5 ], "texture": "#sword-10", "cullface": "up" },
				"west": { "uv": [ 11.375, 13.375, 11.5, 13.5 ], "texture": "#sword-10", "cullface": "up" },
				"east": { "uv": [ 11.875, 13.375, 11.75, 13.5 ], "texture": "#sword-10", "cullface": "up" }
			}
		},
		{
			"__comment": "Voxels",
			"from": [ 7, 18.3333, 8.666699 ],
			"to": [ 8, 18.66663, 9.000032 ],
			"faces": {
				"up": { "uv": [ 12.125, 14.125, 12.5, 14 ], "texture": "#sword-10", "cullface": "up" },
				"south": { "uv": [ 0, 8, 0.375, 8.125 ], "texture": "#sword-10", "cullface": "up" },
				"west": { "uv": [ 11.875, 13.375, 12, 13.5 ], "texture": "#sword-10", "cullface": "up" },
				"east": { "uv": [ 12.625, 13.375, 12.5, 13.5 ], "texture": "#sword-10", "cullface": "up" }
			}
		},
		{
			"__comment": "Voxels",
			"from": [ 7, 18.6667, 7.3333 ],
			"to": [ 7.333333, 19.00003, 7.666633 ],
			"faces": {
				"up": { "uv": [ 12.75, 13.5, 12.875, 13.375 ], "texture": "#sword-10", "cullface": "up" },
				"north": { "uv": [ 13, 13.375, 12.875, 13.5 ], "texture": "#sword-10", "cullface": "up" },
				"west": { "uv": [ 13.375, 13.375, 13.5, 13.5 ], "texture": "#sword-10", "cullface": "up" },
				"east": { "uv": [ 13.625, 13.375, 13.5, 13.5 ], "texture": "#sword-10", "cullface": "up" }
			}
		},
		{
			"__comment": "Voxels",
			"from": [ 7, 18.6667, 8.666699 ],
			"to": [ 7.333333, 19.00003, 9.000032 ],
			"faces": {
				"up": { "uv": [ 14.125, 13.5, 14.25, 13.375 ], "texture": "#sword-10", "cullface": "up" },
				"south": { "uv": [ 14.375, 13.375, 14.5, 13.5 ], "texture": "#sword-10", "cullface": "up" },
				"west": { "uv": [ 14.75, 13.375, 14.875, 13.5 ], "texture": "#sword-10", "cullface": "up" },
				"east": { "uv": [ 15.25, 13.375, 15.125, 13.5 ], "texture": "#sword-10", "cullface": "up" }
			}
		},
		{
			"__comment": "Voxels",
			"from": [ 7, 20.6667, 7.6667 ],
			"to": [ 7.666667, 21.33337, 8.000033 ],
			"faces": {
				"up": { "uv": [ 10.75, 13.875, 11, 13.75 ], "texture": "#sword-10", "cullface": "up" },
				"north": { "uv": [ 9.375, 9.625, 9.125, 9.875 ], "texture": "#sword-10", "cullface": "up" },
				"south": { "uv": [ 9.125, 9.875, 9.375, 10.125 ], "texture": "#sword-10", "cullface": "up" },
				"west": { "uv": [ 10.125, 10.125, 10.25, 10.375 ], "texture": "#sword-10", "cullface": "up" },
				"east": { "uv": [ 10.25, 9.875, 10.125, 10.125 ], "texture": "#sword-10", "cullface": "up" }
			}
		},
		{
			"__comment": "Voxels",
			"from": [ 7, 20.6667, 8.3333 ],
			"to": [ 7.666667, 21.33337, 8.666633 ],
			"faces": {
				"up": { "uv": [ 13.75, 13.875, 14, 13.75 ], "texture": "#sword-10", "cullface": "up" },
				"north": { "uv": [ 7.25, 11.5, 7, 11.75 ], "texture": "#sword-10", "cullface": "up" },
				"south": { "uv": [ 7, 11.125, 7.25, 11.375 ], "texture": "#sword-10", "cullface": "up" },
				"west": { "uv": [ 10.125, 9.625, 10.25, 9.875 ], "texture": "#sword-10", "cullface": "up" },
				"east": { "uv": [ 10.25, 9.375, 10.125, 9.625 ], "texture": "#sword-10", "cullface": "up" }
			}
		},
		{
			"__comment": "Voxels",
			"from": [ 7, 21.6667, 7.6667 ],
			"to": [ 7.333333, 22.00003, 8.000033 ],
			"faces": {
				"up": { "uv": [ 15.625, 13.5, 15.75, 13.375 ], "texture": "#sword-10", "cullface": "up" },
				"north": { "uv": [ 15.875, 13.375, 15.75, 13.5 ], "texture": "#sword-10", "cullface": "up" },
				"west": { "uv": [ 10.5, 13, 10.625, 13.125 ], "texture": "#sword-10", "cullface": "up" },
				"east": { "uv": [ 10.625, 12.875, 10.5, 13 ], "texture": "#sword-10", "cullface": "up" }
			}
		},
		{
			"__comment": "Voxels",
			"from": [ 7, 21.6667, 8.3333 ],
			"to": [ 7.333333, 22.00003, 8.666633 ],
			"faces": {
				"up": { "uv": [ 10.5, 12.75, 10.625, 12.625 ], "texture": "#sword-10", "cullface": "up" },
				"south": { "uv": [ 10.5, 12.375, 10.625, 12.5 ], "texture": "#sword-10", "cullface": "up" },
				"west": { "uv": [ 10.5, 12.25, 10.625, 12.375 ], "texture": "#sword-10", "cullface": "up" },
				"east": { "uv": [ 10.625, 12.125, 10.5, 12.25 ], "texture": "#sword-10", "cullface": "up" }
			}
		},
		{
			"__comment": "Voxels",
			"from": [ 7.3333, 10.6667, 8 ],
			"to": [ 8.999967, 14.33337, 8.333333 ],
			"faces": {
				"down": { "uv": [ 6.375, 9.75, 7, 9.875 ], "texture": "#sword-10" },
				"up": { "uv": [ 5.875, 8.125, 6.5, 8 ], "texture": "#sword-10" },
				"north": { "uv": [ 2.125, 11.125, 1.5, 12.5 ], "texture": "#sword-10" },
				"south": { "uv": [ 1.5, 9.75, 2.125, 11.125 ], "texture": "#sword-10" },
				"west": { "uv": [ 3, 8.125, 3.125, 9.5 ], "texture": "#sword-10" },
				"east": { "uv": [ 3, 8.125, 2.875, 9.5 ], "texture": "#sword-10" }
			}
		},
		{
			"__comment": "Voxels",
			"from": [ 7.3333, 16.6667, 7.3333 ],
			"to": [ 8.999967, 17.00003, 7.666633 ],
			"faces": {
				"down": { "uv": [ 8.125, 9.5, 8.75, 9.625 ], "texture": "#sword-10", "cullface": "up" },
				"up": { "uv": [ 8.125, 9.5, 8.75, 9.375 ], "texture": "#sword-10", "cullface": "up" },
				"north": { "uv": [ 8.75, 9.25, 8.125, 9.375 ], "texture": "#sword-10", "cullface": "up" },
				"west": { "uv": [ 10.5, 11.75, 10.625, 11.875 ], "texture": "#sword-10", "cullface": "up" },
				"east": { "uv": [ 10.625, 11.625, 10.5, 11.75 ], "texture": "#sword-10", "cullface": "up" }
			}
		},
		{
			"__comment": "Voxels",
			"from": [ 7.3333, 16.6667, 8.666699 ],
			"to": [ 8.999967, 17.00003, 9.000032 ],
			"faces": {
				"down": { "uv": [ 8.125, 8.75, 8.75, 8.875 ], "texture": "#sword-10", "cullface": "up" },
				"up": { "uv": [ 8.125, 8.75, 8.75, 8.625 ], "texture": "#sword-10", "cullface": "up" },
				"south": { "uv": [ 8.125, 8.375, 8.75, 8.5 ], "texture": "#sword-10", "cullface": "up" },
				"west": { "uv": [ 10.5, 11.5, 10.625, 11.625 ], "texture": "#sword-10", "cullface": "up" },
				"east": { "uv": [ 10.625, 11.375, 10.5, 11.5 ], "texture": "#sword-10", "cullface": "up" }
			}
		},
		{
			"__comment": "Voxels",
			"from": [ 7.3333, 17, 7.3333 ],
			"to": [ 8.666633, 17.33333, 7.666633 ],
			"faces": {
				"up": { "uv": [ 12.375, 14.25, 12.875, 14.125 ], "texture": "#sword-10", "cullface": "up" },
				"north": { "uv": [ 13.375, 14.125, 12.875, 14.25 ], "texture": "#sword-10", "cullface": "up" },
				"west": { "uv": [ 10.5, 11, 10.625, 11.125 ], "texture": "#sword-10", "cullface": "up" },
				"east": { "uv": [ 10.625, 10.875, 10.5, 11 ], "texture": "#sword-10", "cullface": "up" }
			}
		},
		{
			"__comment": "Voxels",
			"from": [ 7.3333, 17, 8.666699 ],
			"to": [ 8.666633, 17.33333, 9.000032 ],
			"faces": {
				"up": { "uv": [ 9.875, 14.375, 10.375, 14.25 ], "texture": "#sword-10", "cullface": "up" },
				"south": { "uv": [ 10.875, 14.25, 11.375, 14.375 ], "texture": "#sword-10", "cullface": "up" },
				"west": { "uv": [ 10.5, 10.75, 10.625, 10.875 ], "texture": "#sword-10", "cullface": "up" },
				"east": { "uv": [ 10.625, 10.625, 10.5, 10.75 ], "texture": "#sword-10", "cullface": "up" }
			}
		},
		{
			"__comment": "Voxels",
			"from": [ 7.3333, 17.3333, 7.3333 ],
			"to": [ 8.3333, 17.99997, 7.666633 ],
			"faces": {
				"north": { "uv": [ 8.875, 13.5, 8.5, 13.75 ], "texture": "#sword-10", "cullface": "up" },
				"south": { "uv": [ 8.125, 12.625, 8.5, 12.875 ], "texture": "#sword-10", "cullface": "up" },
				"west": { "uv": [ 10.125, 8.375, 10.25, 8.625 ], "texture": "#sword-10", "cullface": "up" },
				"east": { "uv": [ 10.25, 8.125, 10.125, 8.375 ], "texture": "#sword-10", "cullface": "up" }
			}
		},
		{
			"__comment": "Voxels",
			"from": [ 7.3333, 17.3333, 7.6667 ],
			"to": [ 8.666633, 17.66663, 8.000033 ],
			"faces": {
				"north": { "uv": [ 13.375, 14.25, 12.875, 14.375 ], "texture": "#sword-10", "cullface": "up" },
				"west": { "uv": [ 10.5, 10, 10.625, 10.125 ], "texture": "#sword-10", "cullface": "up" },
				"east": { "uv": [ 10.625, 9.875, 10.5, 10 ], "texture": "#sword-10", "cullface": "up" }
			}
		},
		{
			"__comment": "Voxels",
			"from": [ 7.3333, 17.3333, 8.3333 ],
			"to": [ 8.666633, 17.66663, 8.666633 ],
			"faces": {
				"south": { "uv": [ 11.375, 14.125, 11.875, 14.25 ], "texture": "#sword-10", "cullface": "up" },
				"west": { "uv": [ 10.5, 9.75, 10.625, 9.875 ], "texture": "#sword-10", "cullface": "up" },
				"east": { "uv": [ 11.5, 13.25, 11.375, 13.375 ], "texture": "#sword-10", "cullface": "up" }
			}
		},
		{
			"__comment": "Voxels",
			"from": [ 7.3333, 17.3333, 8.666699 ],
			"to": [ 8.3333, 17.99997, 9.000032 ],
			"faces": {
				"north": { "uv": [ 8.5, 10.125, 8.125, 10.375 ], "texture": "#sword-10", "cullface": "up" },
				"south": { "uv": [ 8.375, 11.375, 8.75, 11.625 ], "texture": "#sword-10", "cullface": "up" },
				"west": { "uv": [ 10.25, 13.375, 10.375, 13.625 ], "texture": "#sword-10", "cullface": "up" },
				"east": { "uv": [ 10.375, 13.125, 10.25, 13.375 ], "texture": "#sword-10", "cullface": "up" }
			}
		},
		{
			"__comment": "Voxels",
			"from": [ 7.6667, 8.666699, 8 ],
			"to": [ 10.33337, 10.33337, 8.333333 ],
			"faces": {
				"down": { "uv": [ 12.125, 14.875, 13.125, 15 ], "texture": "#sword-10" },
				"up": { "uv": [ 11.125, 15, 12.125, 14.875 ], "texture": "#sword-10" },
				"north": { "uv": [ 5.875, 15.375, 4.875, 16 ], "texture": "#sword-10" },
				"south": { "uv": [ 4.875, 14.75, 5.875, 15.375 ], "texture": "#sword-10" },
				"west": { "uv": [ 9, 12.125, 9.125, 12.75 ], "texture": "#sword-10" },
				"east": { "uv": [ 9.125, 12.75, 9, 13.375 ], "texture": "#sword-10" }
			}
		},
		{
			"__comment": "Voxels",
			"from": [ 7.6667, 10.3333, 8 ],
			"to": [ 9.333366, 10.66663, 8.333333 ],
			"faces": {
				"up": { "uv": [ 10.875, 14.75, 11.5, 14.625 ], "texture": "#sword-10" },
				"north": { "uv": [ 8.75, 8.875, 8.125, 9 ], "texture": "#sword-10" },
				"south": { "uv": [ 15.25, 14.75, 15.875, 14.875 ], "texture": "#sword-10" },
				"west": { "uv": [ 11.5, 13.25, 11.625, 13.375 ], "texture": "#sword-10" },
				"east": { "uv": [ 11.75, 13.25, 11.625, 13.375 ], "texture": "#sword-10" }
			}
		},
		{
			"__comment": "Voxels",
			"from": [ 7.6667, 11.3333, 7.6667 ],
			"to": [ 9.000033, 14.3333, 8.000033 ],
			"faces": {
				"down": { "uv": [ 13.125, 14.375, 13.625, 14.5 ], "texture": "#sword-10" },
				"up": { "uv": [ 12.625, 14.5, 13.125, 14.375 ], "texture": "#sword-10" },
				"north": { "uv": [ 5.375, 12.5, 4.875, 13.625 ], "texture": "#sword-10" },
				"west": { "uv": [ 2.625, 8.125, 2.75, 9.25 ], "texture": "#sword-10" },
				"east": { "uv": [ 2.875, 8.125, 2.75, 9.25 ], "texture": "#sword-10" }
			}
		},
		{
			"__comment": "Voxels",
			"from": [ 7.6667, 11.3333, 8.3333 ],
			"to": [ 9.000033, 14.3333, 8.666633 ],
			"faces": {
				"down": { "uv": [ 9.375, 13.625, 9.875, 13.75 ], "texture": "#sword-10" },
				"up": { "uv": [ 9.375, 13.875, 9.875, 13.75 ], "texture": "#sword-10" },
				"south": { "uv": [ 5.375, 13.625, 5.875, 14.75 ], "texture": "#sword-10" },
				"west": { "uv": [ 3.25, 8.375, 3.375, 9.5 ], "texture": "#sword-10" },
				"east": { "uv": [ 3.25, 8.375, 3.125, 9.5 ], "texture": "#sword-10" }
			}
		},
		{
			"__comment": "Voxels",
			"from": [ 7.6667, 14.3333, 8 ],
			"to": [ 10.6667, 15.3333, 8.333333 ],
			"faces": {
				"down": { "uv": [ 11.5, 15, 12.625, 15.125 ], "texture": "#sword-10" },
				"up": { "uv": [ 8.125, 15.125, 9.25, 15 ], "texture": "#sword-10" },
				"north": { "uv": [ 7, 13.375, 5.875, 13.75 ], "texture": "#sword-10" },
				"south": { "uv": [ 5.875, 13, 7, 13.375 ], "texture": "#sword-10" },
				"west": { "uv": [ 9.5, 10.75, 9.625, 11.125 ], "texture": "#sword-10" },
				"east": { "uv": [ 9.5, 10.75, 9.375, 11.125 ], "texture": "#sword-10" }
			}
		},
		{
			"__comment": "Voxels",
			"from": [ 7.6667, 15.6667, 8 ],
			"to": [ 10.6667, 16.33337, 8.333333 ],
			"faces": {
				"down": { "uv": [ 10.375, 15, 11.5, 15.125 ], "texture": "#sword-10", "cullface": "up" },
				"north": { "uv": [ 7, 9, 5.875, 9.25 ], "texture": "#sword-10", "cullface": "up" },
				"south": { "uv": [ 5.875, 8.75, 7, 9 ], "texture": "#sword-10", "cullface": "up" },
				"west": { "uv": [ 10.25, 12.875, 10.375, 13.125 ], "texture": "#sword-10", "cullface": "up" },
				"east": { "uv": [ 10.375, 12.625, 10.25, 12.875 ], "texture": "#sword-10", "cullface": "up" }
			}
		},
		{
			"__comment": "Voxels",
			"from": [ 7.6667, 17.6667, 7 ],
			"to": [ 8.000033, 18.00003, 7.333333 ],
			"faces": {
				"down": { "uv": [ 11.75, 13.25, 11.875, 13.375 ], "texture": "#sword-10", "cullface": "up" },
				"up": { "uv": [ 14.625, 13.375, 14.75, 13.25 ], "texture": "#sword-10", "cullface": "up" },
				"north": { "uv": [ 14.875, 13.25, 14.75, 13.375 ], "texture": "#sword-10", "cullface": "up" },
				"west": { "uv": [ 15.25, 13.25, 15.375, 13.375 ], "texture": "#sword-10", "cullface": "up" },
				"east": { "uv": [ 15.5, 13.25, 15.375, 13.375 ], "texture": "#sword-10", "cullface": "up" }
			}
		},
		{
			"__comment": "Voxels",
			"from": [ 7.6667, 17.6667, 9 ],
			"to": [ 8.000033, 18.00003, 9.333333 ],
			"faces": {
				"down": { "uv": [ 15.5, 13.25, 15.625, 13.375 ], "texture": "#sword-10", "cullface": "up" },
				"up": { "uv": [ 15.625, 13.375, 15.75, 13.25 ], "texture": "#sword-10", "cullface": "up" },
				"south": { "uv": [ 10.625, 13, 10.75, 13.125 ], "texture": "#sword-10", "cullface": "up" },
				"west": { "uv": [ 10.625, 12.875, 10.75, 13 ], "texture": "#sword-10", "cullface": "up" },
				"east": { "uv": [ 10.75, 12.75, 10.625, 12.875 ], "texture": "#sword-10", "cullface": "up" }
			}
		},
		{
			"__comment": "Voxels",
			"from": [ 7.6667, 18.6667, 7.3333 ],
			"to": [ 8.000033, 19.00003, 7.666633 ],
			"faces": {
				"up": { "uv": [ 10.625, 9.625, 10.75, 9.5 ], "texture": "#sword-10", "cullface": "up" },
				"north": { "uv": [ 10.75, 9.375, 10.625, 9.5 ], "texture": "#sword-10", "cullface": "up" },
				"west": { "uv": [ 10.625, 8.75, 10.75, 8.875 ], "texture": "#sword-10", "cullface": "up" },
				"east": { "uv": [ 10.75, 8.625, 10.625, 8.75 ], "texture": "#sword-10", "cullface": "up" }
			}
		},
		{
			"__comment": "Voxels",
			"from": [ 7.6667, 18.6667, 8.666699 ],
			"to": [ 8.000033, 19.00003, 9.000032 ],
			"faces": {
				"up": { "uv": [ 10.625, 8.25, 10.75, 8.125 ], "texture": "#sword-10", "cullface": "up" },
				"south": { "uv": [ 10.75, 13.125, 10.875, 13.25 ], "texture": "#sword-10", "cullface": "up" },
				"west": { "uv": [ 10.875, 13.125, 11, 13.25 ], "texture": "#sword-10", "cullface": "up" },
				"east": { "uv": [ 11.375, 13.125, 11.25, 13.25 ], "texture": "#sword-10", "cullface": "up" }
			}
		},
		{
			"__comment": "Voxels",
			"from": [ 7.6667, 30.3333, 8 ],
			"to": [ 8.6667, 30.66663, 8.333333 ],
			"faces": {
				"down": { "uv": [ 9.375, 12.875, 9.75, 13 ], "texture": "#sword-10", "cullface": "up" },
				"up": { "uv": [ 9.375, 13.125, 9.75, 13 ], "texture": "#sword-10", "cullface": "up" },
				"north": { "uv": [ 16, 14.375, 15.625, 14.5 ], "texture": "#sword-10", "cullface": "up" },
				"south": { "uv": [ 8.625, 11.875, 9, 12 ], "texture": "#sword-10", "cullface": "up" },
				"west": { "uv": [ 11.375, 13.125, 11.5, 13.25 ], "texture": "#sword-10", "cullface": "up" },
				"east": { "uv": [ 11.625, 13.125, 11.5, 13.25 ], "texture": "#sword-10", "cullface": "up" }
			}
		},
		{
			"__comment": "Voxels",
			"from": [ 7.6667, 30.6667, 8 ],
			"to": [ 8.333366, 31.00003, 8.333333 ],
			"faces": {
				"up": { "uv": [ 4.625, 8.125, 4.875, 8 ], "texture": "#sword-10", "cullface": "up" },
				"north": { "uv": [ 7.25, 11.75, 7, 11.875 ], "texture": "#sword-10", "cullface": "up" },
				"south": { "uv": [ 7, 11.375, 7.25, 11.5 ], "texture": "#sword-10", "cullface": "up" },
				"west": { "uv": [ 11.625, 13.125, 11.75, 13.25 ], "texture": "#sword-10", "cullface": "up" },
				"east": { "uv": [ 12.375, 13.125, 12.25, 13.25 ], "texture": "#sword-10", "cullface": "up" }
			}
		},
		{
			"__comment": "Voxels",
			"from": [ 8, -14.6667, 8 ],
			"to": [ 8.333333, -12.33337, 8.333333 ],
			"faces": {
				"down": { "uv": [ 12.375, 13.125, 12.5, 13.25 ], "texture": "#sword-10", "cullface": "down" },
				"up": { "uv": [ 12.5, 13.25, 12.625, 13.125 ], "texture": "#sword-10", "cullface": "down" },
				"north": { "uv": [ 7.375, 10.5, 7.25, 11.375 ], "texture": "#sword-10", "cullface": "down" },
				"south": { "uv": [ 7.375, 10.625, 7.5, 11.5 ], "texture": "#sword-10", "cullface": "down" },
				"west": { "uv": [ 7.875, 10.625, 8, 11.5 ], "texture": "#sword-10", "cullface": "down" },
				"east": { "uv": [ 7.375, 11.375, 7.25, 12.25 ], "texture": "#sword-10", "cullface": "down" }
			}
		},
		{
			"__comment": "Voxels",
			"from": [ 8, 4, 8 ],
			"to": [ 10.33333, 8.666667, 8.333333 ],
			"faces": {
				"down": { "uv": [ 8.125, 14.125, 9, 14.25 ], "texture": "#sword-10" },
				"north": { "uv": [ 2.375, 14.25, 1.5, 16 ], "texture": "#sword-10" },
				"south": { "uv": [ 1.5, 12.5, 2.375, 14.25 ], "texture": "#sword-10" },
				"west": { "uv": [ 3.625, 8.125, 3.75, 9.875 ], "texture": "#sword-10" },
				"east": { "uv": [ 3.5, 8.125, 3.375, 9.875 ], "texture": "#sword-10" }
			}
		},
		{
			"__comment": "Voxels",
			"from": [ 8, 9, 7.6667 ],
			"to": [ 10.33333, 10.33333, 8.000033 ],
			"faces": {
				"down": { "uv": [ 8.125, 14.25, 9, 14.375 ], "texture": "#sword-10" },
				"up": { "uv": [ 15.125, 15.375, 16, 15.25 ], "texture": "#sword-10" },
				"north": { "uv": [ 2.375, 8, 1.5, 8.5 ], "texture": "#sword-10" },
				"west": { "uv": [ 9.25, 10.625, 9.375, 11.125 ], "texture": "#sword-10" },
				"east": { "uv": [ 9.375, 12.125, 9.25, 12.625 ], "texture": "#sword-10" }
			}
		},
		{
			"__comment": "Voxels",
			"from": [ 8, 9, 8.3333 ],
			"to": [ 10.33333, 10.33333, 8.666633 ],
			"faces": {
				"down": { "uv": [ 13.125, 14.875, 14, 15 ], "texture": "#sword-10" },
				"up": { "uv": [ 14, 15, 14.875, 14.875 ], "texture": "#sword-10" },
				"south": { "uv": [ 5.875, 13.75, 6.75, 14.25 ], "texture": "#sword-10" },
				"west": { "uv": [ 9.125, 10.125, 9.25, 10.625 ], "texture": "#sword-10" },
				"east": { "uv": [ 9.25, 10.625, 9.125, 11.125 ], "texture": "#sword-10" }
			}
		},
		{
			"__comment": "Voxels",
			"from": [ 8, 10.3333, 7.6667 ],
			"to": [ 9, 10.66663, 8.000033 ],
			"faces": {
				"up": { "uv": [ 9.375, 11.25, 9.75, 11.125 ], "texture": "#sword-10" },
				"north": { "uv": [ 9.75, 11.25, 9.375, 11.375 ], "texture": "#sword-10" },
				"west": { "uv": [ 12.625, 13.125, 12.75, 13.25 ], "texture": "#sword-10" },
				"east": { "uv": [ 13.125, 13.125, 13, 13.25 ], "texture": "#sword-10" }
			}
		},
		{
			"__comment": "Voxels",
			"from": [ 8, 10.3333, 8.3333 ],
			"to": [ 9, 10.66663, 8.666633 ],
			"faces": {
				"up": { "uv": [ 10.625, 14.125, 11, 14 ], "texture": "#sword-10" },
				"south": { "uv": [ 9.5, 9.125, 9.875, 9.25 ], "texture": "#sword-10" },
				"west": { "uv": [ 13.125, 13.125, 13.25, 13.25 ], "texture": "#sword-10" },
				"east": { "uv": [ 13.375, 13.125, 13.25, 13.25 ], "texture": "#sword-10" }
			}
		},
		{
			"__comment": "Voxels",
			"from": [ 8, 10.6667, 7.6667 ],
			"to": [ 8.666667, 11.33337, 8.000033 ],
			"faces": {
				"north": { "uv": [ 9.375, 13.625, 9.125, 13.875 ], "texture": "#sword-10" },
				"west": { "uv": [ 9.875, 8.25, 10, 8.5 ], "texture": "#sword-10" },
				"east": { "uv": [ 10, 8, 9.875, 8.25 ], "texture": "#sword-10" }
			}
		},
		{
			"__comment": "Voxels",
			"from": [ 8, 10.6667, 8.3333 ],
			"to": [ 8.666667, 11.33337, 8.666633 ],
			"faces": {
				"south": { "uv": [ 8.75, 11.625, 9, 11.875 ], "texture": "#sword-10" },
				"west": { "uv": [ 10, 13.625, 10.125, 13.875 ], "texture": "#sword-10" },
				"east": { "uv": [ 10.125, 12.875, 10, 13.125 ], "texture": "#sword-10" }
			}
		},
		{
			"__comment": "Voxels",
			"from": [ 8, 11.3333, 7.3333 ],
			"to": [ 8.666667, 13.66663, 7.666633 ],
			"faces": {
				"down": { "uv": [ 14.125, 13.875, 14.375, 14 ], "texture": "#sword-10" },
				"up": { "uv": [ 14.875, 14, 15.125, 13.875 ], "texture": "#sword-10" },
				"north": { "uv": [ 4.875, 8.125, 4.625, 9 ], "texture": "#sword-10" },
				"west": { "uv": [ 7.5, 10.625, 7.625, 11.5 ], "texture": "#sword-10" },
				"east": { "uv": [ 7.375, 8.75, 7.25, 9.625 ], "texture": "#sword-10" }
			}
		},
		{
			"__comment": "Voxels",
			"from": [ 8, 11.3333, 8.666699 ],
			"to": [ 8.666667, 13.66663, 9.000032 ],
			"faces": {
				"down": { "uv": [ 15.125, 13.875, 15.375, 14 ], "texture": "#sword-10" },
				"up": { "uv": [ 10.25, 13.875, 10.5, 13.75 ], "texture": "#sword-10" },
				"south": { "uv": [ 2.125, 10.25, 2.375, 11.125 ], "texture": "#sword-10" },
				"west": { "uv": [ 7.625, 10.625, 7.75, 11.5 ], "texture": "#sword-10" },
				"east": { "uv": [ 7.875, 10.625, 7.75, 11.5 ], "texture": "#sword-10" }
			}
		},
		{
			"__comment": "Voxels",
			"from": [ 8, 14.3333, 7.6667 ],
			"to": [ 10, 14.99997, 8.000033 ],
			"faces": {
				"down": { "uv": [ 8.25, 12.5, 9, 12.625 ], "texture": "#sword-10" },
				"up": { "uv": [ 8.125, 13.125, 8.875, 13 ], "texture": "#sword-10" },
				"north": { "uv": [ 8.125, 14.5, 7.375, 14.75 ], "texture": "#sword-10" },
				"west": { "uv": [ 10.125, 10.375, 10.25, 10.625 ], "texture": "#sword-10" },
				"east": { "uv": [ 10.25, 9.125, 10.125, 9.375 ], "texture": "#sword-10" }
			}
		},
		{
			"__comment": "Voxels",
			"from": [ 8, 14.3333, 8.3333 ],
			"to": [ 10, 14.99997, 8.666633 ],
			"faces": {
				"down": { "uv": [ 7.375, 8.125, 8.125, 8.25 ], "texture": "#sword-10" },
				"up": { "uv": [ 7.375, 8.125, 8.125, 8 ], "texture": "#sword-10" },
				"south": { "uv": [ 6.5, 8.5, 7.25, 8.75 ], "texture": "#sword-10" },
				"west": { "uv": [ 10.125, 8.875, 10.25, 9.125 ], "texture": "#sword-10" },
				"east": { "uv": [ 10.25, 8.625, 10.125, 8.875 ], "texture": "#sword-10" }
			}
		},
		{
			"__comment": "Voxels",
			"from": [ 8, 15.3333, 8 ],
			"to": [ 10.66667, 15.66663, 8.333333 ],
			"faces": {
				"north": { "uv": [ 10.125, 14.875, 9.125, 15 ], "texture": "#sword-10" },
				"south": { "uv": [ 10.125, 14.875, 11.125, 15 ], "texture": "#sword-10" },
				"west": { "uv": [ 13.375, 13.125, 13.5, 13.25 ], "texture": "#sword-10" },
				"east": { "uv": [ 15.375, 13.125, 15.25, 13.25 ], "texture": "#sword-10" }
			}
		},
		{
			"__comment": "Voxels",
			"from": [ 8, 16, 7.6667 ],
			"to": [ 11, 16.33333, 8.000033 ],
			"faces": {
				"down": { "uv": [ 12.625, 15, 13.75, 15.125 ], "texture": "#sword-10", "cullface": "up" },
				"north": { "uv": [ 16, 15, 14.875, 15.125 ], "texture": "#sword-10", "cullface": "up" },
				"south": { "uv": [ 11.625, 15.125, 12.75, 15.25 ], "texture": "#sword-10", "cullface": "up" },
				"west": { "uv": [ 15.375, 13.125, 15.5, 13.25 ], "texture": "#sword-10", "cullface": "up" },
				"east": { "uv": [ 15.625, 13.125, 15.5, 13.25 ], "texture": "#sword-10", "cullface": "up" }
			}
		},
		{
			"__comment": "Voxels",
			"from": [ 8, 16, 8.3333 ],
			"to": [ 11, 16.33333, 8.666633 ],
			"faces": {
				"down": { "uv": [ 9.25, 15, 10.375, 15.125 ], "texture": "#sword-10", "cullface": "up" },
				"north": { "uv": [ 15, 15.125, 13.875, 15.25 ], "texture": "#sword-10", "cullface": "up" },
				"south": { "uv": [ 12.75, 15.125, 13.875, 15.25 ], "texture": "#sword-10", "cullface": "up" },
				"west": { "uv": [ 15.625, 13.125, 15.75, 13.25 ], "texture": "#sword-10", "cullface": "up" },
				"east": { "uv": [ 10.875, 10.25, 10.75, 10.375 ], "texture": "#sword-10", "cullface": "up" }
			}
		},
		{
			"__comment": "Voxels",
			"from": [ 8, 28, 8 ],
			"to": [ 9.333333, 28.66667, 8.333333 ],
			"faces": {
				"down": { "uv": [ 13.625, 14.375, 14.125, 14.5 ], "texture": "#sword-10", "cullface": "up" },
				"up": { "uv": [ 14.375, 14.375, 14.875, 14.25 ], "texture": "#sword-10", "cullface": "up" },
				"north": { "uv": [ 7.25, 13.75, 6.75, 14 ], "texture": "#sword-10", "cullface": "up" },
				"south": { "uv": [ 6.75, 14.25, 7.25, 14.5 ], "texture": "#sword-10", "cullface": "up" },
				"west": { "uv": [ 10.25, 12.375, 10.375, 12.625 ], "texture": "#sword-10", "cullface": "up" },
				"east": { "uv": [ 10.375, 12.125, 10.25, 12.375 ], "texture": "#sword-10", "cullface": "up" }
			}
		},
		{
			"__comment": "Voxels",
			"from": [ 8, 28.6667, 8 ],
			"to": [ 9, 30.00003, 8.333333 ],
			"faces": {
				"up": { "uv": [ 9.375, 12.625, 9.75, 12.5 ], "texture": "#sword-10", "cullface": "up" },
				"north": { "uv": [ 5.75, 12.625, 5.375, 13.125 ], "texture": "#sword-10", "cullface": "up" },
				"south": { "uv": [ 5.375, 13.125, 5.75, 13.625 ], "texture": "#sword-10", "cullface": "up" },
				"west": { "uv": [ 9.125, 9.125, 9.25, 9.625 ], "texture": "#sword-10", "cullface": "up" },
				"east": { "uv": [ 9.375, 9.125, 9.25, 9.625 ], "texture": "#sword-10", "cullface": "up" }
			}
		},
		{
			"__comment": "Voxels",
			"from": [ 8, 30, 8 ],
			"to": [ 8.666667, 30.33333, 8.333333 ],
			"faces": {
				"north": { "uv": [ 13.5, 13.625, 13.25, 13.75 ], "texture": "#sword-10", "cullface": "up" },
				"south": { "uv": [ 13.5, 13.625, 13.75, 13.75 ], "texture": "#sword-10", "cullface": "up" },
				"west": { "uv": [ 10.75, 10.125, 10.875, 10.25 ], "texture": "#sword-10", "cullface": "up" },
				"east": { "uv": [ 10.875, 10, 10.75, 10.125 ], "texture": "#sword-10", "cullface": "up" }
			}
		},
		{
			"__comment": "Voxels",
			"from": [ 8.3333, -14, 8 ],
			"to": [ 8.666633, 4, 8.333333 ],
			"faces": {
				"down": { "uv": [ 10.75, 9.875, 10.875, 10 ], "texture": "#sword-10", "cullface": "down" },
				"north": { "uv": [ 2.5, 9.25, 2.375, 16 ], "texture": "#sword-10", "cullface": "down" },
				"south": { "uv": [ 2.625, 9.25, 2.75, 16 ], "texture": "#sword-10", "cullface": "down" },
				"west": { "uv": [ 2.5, 9.25, 2.625, 16 ], "texture": "#sword-10", "cullface": "down" },
				"east": { "uv": [ 2.875, 9.25, 2.75, 16 ], "texture": "#sword-10", "cullface": "down" }
			}
		},
		{
			"__comment": "Voxels",
			"from": [ 8.3333, 8, 7.6667 ],
			"to": [ 9.999967, 9, 8.000033 ],
			"faces": {
				"down": { "uv": [ 10.25, 14.75, 10.875, 14.875 ], "texture": "#sword-10" },
				"north": { "uv": [ 7, 11.75, 6.375, 12.125 ], "texture": "#sword-10" },
				"south": { "uv": [ 6.375, 11.375, 7, 11.75 ], "texture": "#sword-10" },
				"west": { "uv": [ 3.125, 8, 3.25, 8.375 ], "texture": "#sword-10" },
				"east": { "uv": [ 10, 11.75, 9.875, 12.125 ], "texture": "#sword-10" }
			}
		},
		{
			"__comment": "Voxels",
			"from": [ 8.3333, 8, 8.3333 ],
			"to": [ 9.999967, 9, 8.666633 ],
			"faces": {
				"down": { "uv": [ 8.125, 8.125, 8.75, 8.25 ], "texture": "#sword-10" },
				"north": { "uv": [ 7, 11, 6.375, 11.375 ], "texture": "#sword-10" },
				"south": { "uv": [ 6.375, 10.625, 7, 11 ], "texture": "#sword-10" },
				"west": { "uv": [ 9.5, 8.75, 9.625, 9.125 ], "texture": "#sword-10" },
				"east": { "uv": [ 5.375, 8, 5.25, 8.375 ], "texture": "#sword-10" }
			}
		},
		{
			"__comment": "Voxels",
			"from": [ 8.3333, 11, 7.3333 ],
			"to": [ 8.666633, 11.33333, 7.666633 ],
			"faces": {
				"down": { "uv": [ 10.75, 8.625, 10.875, 8.75 ], "texture": "#sword-10" },
				"north": { "uv": [ 10.875, 8.375, 10.75, 8.5 ], "texture": "#sword-10" },
				"west": { "uv": [ 11.375, 13, 11.5, 13.125 ], "texture": "#sword-10" },
				"east": { "uv": [ 11.625, 13, 11.5, 13.125 ], "texture": "#sword-10" }
			}
		},
		{
			"__comment": "Voxels",
			"from": [ 8.3333, 11, 8.666699 ],
			"to": [ 8.666633, 11.33333, 9.000032 ],
			"faces": {
				"down": { "uv": [ 11.625, 13, 11.75, 13.125 ], "texture": "#sword-10" },
				"south": { "uv": [ 12.5, 13, 12.625, 13.125 ], "texture": "#sword-10" },
				"west": { "uv": [ 12.625, 13, 12.75, 13.125 ], "texture": "#sword-10" },
				"east": { "uv": [ 15.625, 13, 15.5, 13.125 ], "texture": "#sword-10" }
			}
		},
		{
			"__comment": "Voxels",
			"from": [ 8.3333, 13.6667, 7.3333 ],
			"to": [ 9.3333, 14.33337, 7.666633 ],
			"faces": {
				"down": { "uv": [ 14, 14, 14.375, 14.125 ], "texture": "#sword-10" },
				"up": { "uv": [ 9.5, 9.375, 9.875, 9.25 ], "texture": "#sword-10" },
				"north": { "uv": [ 0.375, 8.125, 0, 8.375 ], "texture": "#sword-10" },
				"south": { "uv": [ 0.375, 8, 0.75, 8.25 ], "texture": "#sword-10" },
				"west": { "uv": [ 10.375, 13.375, 10.5, 13.625 ], "texture": "#sword-10" },
				"east": { "uv": [ 10.5, 10.625, 10.375, 10.875 ], "texture": "#sword-10" }
			}
		},
		{
			"__comment": "Voxels",
			"from": [ 8.3333, 13.6667, 8.666699 ],
			"to": [ 9.3333, 14.33337, 9.000032 ],
			"faces": {
				"down": { "uv": [ 9.375, 12.25, 9.75, 12.375 ], "texture": "#sword-10" },
				"up": { "uv": [ 9.375, 13.5, 9.75, 13.375 ], "texture": "#sword-10" },
				"north": { "uv": [ 8.5, 13.5, 8.125, 13.75 ], "texture": "#sword-10" },
				"south": { "uv": [ 7.625, 11.75, 8, 12 ], "texture": "#sword-10" },
				"west": { "uv": [ 8, 13, 8.125, 13.25 ], "texture": "#sword-10" },
				"east": { "uv": [ 8.125, 12.75, 8, 13 ], "texture": "#sword-10" }
			}
		},
		{
			"__comment": "Voxels",
			"from": [ 8.3333, 15, 7.6667 ],
			"to": [ 9.999967, 16, 8.000033 ],
			"faces": {
				"north": { "uv": [ 7, 12.125, 6.375, 12.5 ], "texture": "#sword-10" },
				"south": { "uv": [ 5.875, 8.375, 6.5, 8.75 ], "texture": "#sword-10" },
				"west": { "uv": [ 9.875, 12.125, 10, 12.5 ], "texture": "#sword-10" },
				"east": { "uv": [ 10, 12.875, 9.875, 13.25 ], "texture": "#sword-10" }
			}
		},
		{
			"__comment": "Voxels",
			"from": [ 8.3333, 15, 8.3333 ],
			"to": [ 9.999967, 16, 8.666633 ],
			"faces": {
				"north": { "uv": [ 7, 9.875, 6.375, 10.25 ], "texture": "#sword-10" },
				"south": { "uv": [ 6.375, 10.25, 7, 10.625 ], "texture": "#sword-10" },
				"west": { "uv": [ 9.875, 12.5, 10, 12.875 ], "texture": "#sword-10" },
				"east": { "uv": [ 9.5, 11.375, 9.375, 11.75 ], "texture": "#sword-10" }
			}
		},
		{
			"__comment": "Voxels",
			"from": [ 8.3333, 16.3333, 7.3333 ],
			"to": [ 9.999967, 16.66663, 7.666633 ],
			"faces": {
				"down": { "uv": [ 8.125, 10, 8.75, 10.125 ], "texture": "#sword-10", "cullface": "up" },
				"up": { "uv": [ 8.125, 8.125, 8.75, 8 ], "texture": "#sword-10", "cullface": "up" },
				"north": { "uv": [ 9.625, 14.75, 9, 14.875 ], "texture": "#sword-10", "cullface": "up" },
				"west": { "uv": [ 15.875, 14.625, 16, 14.75 ], "texture": "#sword-10", "cullface": "up" },
				"east": { "uv": [ 9.125, 8, 9, 8.125 ], "texture": "#sword-10", "cullface": "up" }
			}
		},
		{
			"__comment": "Voxels",
			"from": [ 8.3333, 16.3333, 8.666699 ],
			"to": [ 9.999967, 16.66663, 9.000032 ],
			"faces": {
				"down": { "uv": [ 12.75, 14.75, 13.375, 14.875 ], "texture": "#sword-10", "cullface": "up" },
				"up": { "uv": [ 13.375, 14.875, 14, 14.75 ], "texture": "#sword-10", "cullface": "up" },
				"south": { "uv": [ 9.125, 14.5, 9.75, 14.625 ], "texture": "#sword-10", "cullface": "up" },
				"west": { "uv": [ 9.75, 13.25, 9.875, 13.375 ], "texture": "#sword-10", "cullface": "up" },
				"east": { "uv": [ 9.875, 13.125, 9.75, 13.25 ], "texture": "#sword-10", "cullface": "up" }
			}
		},
		{
			"__comment": "Voxels",
			"from": [ 8.3333, 24, 8 ],
			"to": [ 9.666633, 27.33333, 8.333333 ],
			"faces": {
				"down": { "uv": [ 5.375, 12.5, 5.875, 12.625 ], "texture": "#sword-10", "cullface": "up" },
				"up": { "uv": [ 8.5, 10.375, 9, 10.25 ], "texture": "#sword-10", "cullface": "up" },
				"north": { "uv": [ 2, 8.5, 1.5, 9.75 ], "texture": "#sword-10", "cullface": "up" },
				"south": { "uv": [ 4.375, 14.75, 4.875, 16 ], "texture": "#sword-10", "cullface": "up" },
				"west": { "uv": [ 2.375, 8, 2.5, 9.25 ], "texture": "#sword-10", "cullface": "up" },
				"east": { "uv": [ 2.625, 8, 2.5, 9.25 ], "texture": "#sword-10", "cullface": "up" }
			}
		},
		{
			"__comment": "Voxels",
			"from": [ 8.3333, 27.3333, 8 ],
			"to": [ 9.3333, 27.99997, 8.333333 ],
			"faces": {
				"north": { "uv": [ 8.125, 8.375, 7.75, 8.625 ], "texture": "#sword-10", "cullface": "up" },
				"south": { "uv": [ 7.625, 11.5, 8, 11.75 ], "texture": "#sword-10", "cullface": "up" },
				"west": { "uv": [ 10, 13.375, 10.125, 13.625 ], "texture": "#sword-10", "cullface": "up" },
				"east": { "uv": [ 10.125, 13.125, 10, 13.375 ], "texture": "#sword-10", "cullface": "up" }
			}
		},
		{
			"__comment": "Voxels",
			"from": [ 8.3333, 28, 7.6667 ],
			"to": [ 8.999967, 28.66667, 8.000033 ],
			"faces": {
				"down": { "uv": [ 13.625, 13.875, 13.875, 14 ], "texture": "#sword-10", "cullface": "up" },
				"up": { "uv": [ 13.875, 14, 14.125, 13.875 ], "texture": "#sword-10", "cullface": "up" },
				"north": { "uv": [ 7.25, 10.75, 7, 11 ], "texture": "#sword-10", "cullface": "up" },
				"west": { "uv": [ 10, 12.125, 10.125, 12.375 ], "texture": "#sword-10", "cullface": "up" },
				"east": { "uv": [ 10.125, 11.875, 10, 12.125 ], "texture": "#sword-10", "cullface": "up" }
			}
		},
		{
			"__comment": "Voxels",
			"from": [ 8.3333, 28, 8.3333 ],
			"to": [ 8.999967, 28.66667, 8.666633 ],
			"faces": {
				"down": { "uv": [ 14.375, 13.875, 14.625, 14 ], "texture": "#sword-10", "cullface": "up" },
				"up": { "uv": [ 14.625, 14, 14.875, 13.875 ], "texture": "#sword-10", "cullface": "up" },
				"south": { "uv": [ 7, 8.75, 7.25, 9 ], "texture": "#sword-10", "cullface": "up" },
				"west": { "uv": [ 10, 9.125, 10.125, 9.375 ], "texture": "#sword-10", "cullface": "up" },
				"east": { "uv": [ 10.125, 8.875, 10, 9.125 ], "texture": "#sword-10", "cullface": "up" }
			}
		},
		{
			"__comment": "Voxels",
			"from": [ 8.3333, 28.6667, 7.6667 ],
			"to": [ 8.666633, 29.33336, 8.000033 ],
			"faces": {
				"up": { "uv": [ 10.375, 8.375, 10.5, 8.25 ], "texture": "#sword-10", "cullface": "up" },
				"north": { "uv": [ 10.125, 8.625, 10, 8.875 ], "texture": "#sword-10", "cullface": "up" },
				"west": { "uv": [ 10, 8.125, 10.125, 8.375 ], "texture": "#sword-10", "cullface": "up" },
				"east": { "uv": [ 10.25, 13.625, 10.125, 13.875 ], "texture": "#sword-10", "cullface": "up" }
			}
		},
		{
			"__comment": "Voxels",
			"from": [ 8.3333, 28.6667, 8.3333 ],
			"to": [ 8.666633, 29.33336, 8.666633 ],
			"faces": {
				"up": { "uv": [ 11.125, 13.5, 11.25, 13.375 ], "texture": "#sword-10", "cullface": "up" },
				"south": { "uv": [ 10.125, 13.125, 10.25, 13.375 ], "texture": "#sword-10", "cullface": "up" },
				"west": { "uv": [ 10.125, 10.875, 10.25, 11.125 ], "texture": "#sword-10", "cullface": "up" },
				"east": { "uv": [ 10.25, 10.625, 10.125, 10.875 ], "texture": "#sword-10", "cullface": "up" }
			}
		},
		{
			"__comment": "Voxels",
			"from": [ 8.666699, -13.3333, 8 ],
			"to": [ 9.000032, 4.000034, 8.333333 ],
			"faces": {
				"down": { "uv": [ 12, 13.375, 12.125, 13.5 ], "texture": "#sword-10", "cullface": "down" },
				"north": { "uv": [ 3, 9.5, 2.875, 16 ], "texture": "#sword-10", "cullface": "down" },
				"south": { "uv": [ 3, 9.5, 3.125, 16 ], "texture": "#sword-10", "cullface": "down" },
				"east": { "uv": [ 3.25, 9.5, 3.125, 16 ], "texture": "#sword-10", "cullface": "down" }
			}
		},
		{
			"__comment": "Voxels",
			"from": [ 8.666699, -10.3333, 7.6667 ],
			"to": [ 9.333366, -9.999967, 8.000033 ],
			"faces": {
				"down": { "uv": [ 11, 13.75, 11.25, 13.875 ], "texture": "#sword-10", "cullface": "down" },
				"up": { "uv": [ 11.25, 13.875, 11.5, 13.75 ], "texture": "#sword-10", "cullface": "down" },
				"north": { "uv": [ 11.75, 13.75, 11.5, 13.875 ], "texture": "#sword-10", "cullface": "down" },
				"south": { "uv": [ 11.75, 13.75, 12, 13.875 ], "texture": "#sword-10", "cullface": "down" },
				"west": { "uv": [ 13.875, 13.375, 14, 13.5 ], "texture": "#sword-10", "cullface": "down" },
				"east": { "uv": [ 14.125, 13.375, 14, 13.5 ], "texture": "#sword-10", "cullface": "down" }
			}
		},
		{
			"__comment": "Voxels",
			"from": [ 8.666699, -10.3333, 8.3333 ],
			"to": [ 9.333366, -9.999967, 8.666633 ],
			"faces": {
				"down": { "uv": [ 12, 13.75, 12.25, 13.875 ], "texture": "#sword-10", "cullface": "down" },
				"up": { "uv": [ 12.25, 13.875, 12.5, 13.75 ], "texture": "#sword-10", "cullface": "down" },
				"north": { "uv": [ 12.75, 13.75, 12.5, 13.875 ], "texture": "#sword-10", "cullface": "down" },
				"south": { "uv": [ 12.75, 13.75, 13, 13.875 ], "texture": "#sword-10", "cullface": "down" },
				"west": { "uv": [ 14.875, 13.375, 15, 13.5 ], "texture": "#sword-10", "cullface": "down" },
				"east": { "uv": [ 15.125, 13.375, 15, 13.5 ], "texture": "#sword-10", "cullface": "down" }
			}
		},
		{
			"__comment": "Voxels",
			"from": [ 8.666699, -8.666699, 7.6667 ],
			"to": [ 9.333366, -4.333366, 8.000033 ],
			"faces": {
				"down": { "uv": [ 13, 13.75, 13.25, 13.875 ], "texture": "#sword-10", "cullface": "down" },
				"up": { "uv": [ 13.25, 13.875, 13.5, 13.75 ], "texture": "#sword-10", "cullface": "down" },
				"north": { "uv": [ 0.625, 8.25, 0.375, 9.875 ], "texture": "#sword-10", "cullface": "down" },
				"south": { "uv": [ 5.625, 10.875, 5.875, 12.5 ], "texture": "#sword-10", "cullface": "down" },
				"west": { "uv": [ 1.375, 8.25, 1.5, 9.875 ], "texture": "#sword-10", "cullface": "down" },
				"east": { "uv": [ 7.375, 12.25, 7.25, 13.875 ], "texture": "#sword-10", "cullface": "down" }
			}
		},
		{
			"__comment": "Voxels",
			"from": [ 8.666699, -8.666699, 8.3333 ],
			"to": [ 9.333366, -4.333366, 8.666633 ],
			"faces": {
				"down": { "uv": [ 14, 13.75, 14.25, 13.875 ], "texture": "#sword-10", "cullface": "down" },
				"up": { "uv": [ 11.5, 13.75, 11.75, 13.625 ], "texture": "#sword-10", "cullface": "down" },
				"north": { "uv": [ 1.375, 8.25, 1.125, 9.875 ], "texture": "#sword-10", "cullface": "down" },
				"south": { "uv": [ 0.75, 8.25, 1, 9.875 ], "texture": "#sword-10", "cullface": "down" },
				"west": { "uv": [ 0.625, 8.25, 0.75, 9.875 ], "texture": "#sword-10", "cullface": "down" },
				"east": { "uv": [ 1.125, 8.25, 1, 9.875 ], "texture": "#sword-10", "cullface": "down" }
			}
		},
		{
			"__comment": "Voxels",
			"from": [ 8.666699, -3, 7.6667 ],
			"to": [ 9.666699, 8, 8.000033 ],
			"faces": {
				"down": { "uv": [ 9.5, 9.375, 9.875, 9.5 ], "texture": "#sword-10", "cullface": "down" },
				"north": { "uv": [ 1.125, 11.875, 0.75, 16 ], "texture": "#sword-10", "cullface": "down" },
				"south": { "uv": [ 0, 11.875, 0.375, 16 ], "texture": "#sword-10", "cullface": "down" },
				"west": { "uv": [ 4.875, 8.375, 5, 12.5 ], "texture": "#sword-10", "cullface": "down" },
				"east": { "uv": [ 5.375, 8.375, 5.25, 12.5 ], "texture": "#sword-10", "cullface": "down" }
			}
		},
		{
			"__comment": "Voxels",
			"from": [ 8.666699, -3, 8.3333 ],
			"to": [ 9.666699, 8, 8.666633 ],
			"faces": {
				"down": { "uv": [ 12.5, 14, 12.875, 14.125 ], "texture": "#sword-10", "cullface": "down" },
				"north": { "uv": [ 0.75, 11.875, 0.375, 16 ], "texture": "#sword-10", "cullface": "down" },
				"south": { "uv": [ 1.125, 11.875, 1.5, 16 ], "texture": "#sword-10", "cullface": "down" },
				"west": { "uv": [ 5, 8.375, 5.125, 12.5 ], "texture": "#sword-10", "cullface": "down" },
				"east": { "uv": [ 5.25, 8.375, 5.125, 12.5 ], "texture": "#sword-10", "cullface": "down" }
			}
		},
		{
			"__comment": "Voxels",
			"from": [ 8.666699, 11, 7.6667 ],
			"to": [ 9.000032, 11.33333, 8.000033 ],
			"faces": {
				"down": { "uv": [ 10.5, 9.625, 10.625, 9.75 ], "texture": "#sword-10" },
				"north": { "uv": [ 10.625, 9.125, 10.5, 9.25 ], "texture": "#sword-10" },
				"east": { "uv": [ 10.625, 8.5, 10.5, 8.625 ], "texture": "#sword-10" }
			}
		},
		{
			"__comment": "Voxels",
			"from": [ 8.666699, 11, 8.3333 ],
			"to": [ 9.000032, 11.33333, 8.666633 ],
			"faces": {
				"down": { "uv": [ 10.5, 8.375, 10.625, 8.5 ], "texture": "#sword-10" },
				"south": { "uv": [ 10.75, 13.25, 10.875, 13.375 ], "texture": "#sword-10" },
				"east": { "uv": [ 11.125, 13.25, 11, 13.375 ], "texture": "#sword-10" }
			}
		},
		{
			"__comment": "Voxels",
			"from": [ 8.666699, 11.6667, 7.3333 ],
			"to": [ 9.000032, 13.6667, 7.666633 ],
			"faces": {
				"down": { "uv": [ 11.125, 13.25, 11.25, 13.375 ], "texture": "#sword-10" },
				"north": { "uv": [ 8.25, 10.375, 8.125, 11.125 ], "texture": "#sword-10" },
				"east": { "uv": [ 4.375, 8, 4.25, 8.75 ], "texture": "#sword-10" }
			}
		},
		{
			"__comment": "Voxels",
			"from": [ 8.666699, 11.6667, 8.666699 ],
			"to": [ 9.000032, 13.6667, 9.000032 ],
			"faces": {
				"down": { "uv": [ 11.875, 13.25, 12, 13.375 ], "texture": "#sword-10" },
				"south": { "uv": [ 7.25, 8, 7.375, 8.75 ], "texture": "#sword-10" },
				"east": { "uv": [ 4.125, 8, 4, 8.75 ], "texture": "#sword-10" }
			}
		},
		{
			"__comment": "Voxels",
			"from": [ 8.666699, 14.3333, 7.3333 ],
			"to": [ 9.333366, 14.99997, 7.666633 ],
			"faces": {
				"up": { "uv": [ 14, 13.75, 14.25, 13.625 ], "texture": "#sword-10" },
				"north": { "uv": [ 9, 11.125, 8.75, 11.375 ], "texture": "#sword-10" },
				"west": { "uv": [ 10.375, 12.125, 10.5, 12.375 ], "texture": "#sword-10" },
				"east": { "uv": [ 10.5, 11.875, 10.375, 12.125 ], "texture": "#sword-10" }
			}
		},
		{
			"__comment": "Voxels",
			"from": [ 8.666699, 14.3333, 8.666699 ],
			"to": [ 9.333366, 14.99997, 9.000032 ],
			"faces": {
				"up": { "uv": [ 11, 13.625, 11.25, 13.5 ], "texture": "#sword-10" },
				"south": { "uv": [ 9.125, 14.125, 9.375, 14.375 ], "texture": "#sword-10" },
				"west": { "uv": [ 10.375, 10.375, 10.5, 10.625 ], "texture": "#sword-10" },
				"east": { "uv": [ 10.5, 10.125, 10.375, 10.375 ], "texture": "#sword-10" }
			}
		},
		{
			"__comment": "Voxels",
			"from": [ 8.666699, 15.6667, 7.3333 ],
			"to": [ 9.666699, 16.33337, 7.666633 ],
			"faces": {
				"down": { "uv": [ 9.5, 11.5, 9.875, 11.625 ], "texture": "#sword-10", "cullface": "up" },
				"north": { "uv": [ 7.75, 8.375, 7.375, 8.625 ], "texture": "#sword-10", "cullface": "up" },
				"south": { "uv": [ 8.625, 12, 9, 12.25 ], "texture": "#sword-10", "cullface": "up" },
				"west": { "uv": [ 10.375, 9.375, 10.5, 9.625 ], "texture": "#sword-10", "cullface": "up" },
				"east": { "uv": [ 10.5, 9.125, 10.375, 9.375 ], "texture": "#sword-10", "cullface": "up" }
			}
		},
		{
			"__comment": "Voxels",
			"from": [ 8.666699, 15.6667, 8.666699 ],
			"to": [ 9.666699, 16.33337, 9.000032 ],
			"faces": {
				"down": { "uv": [ 9.375, 10.625, 9.75, 10.75 ], "texture": "#sword-10", "cullface": "up" },
				"north": { "uv": [ 1.5, 8, 1.125, 8.25 ], "texture": "#sword-10", "cullface": "up" },
				"south": { "uv": [ 0.75, 8, 1.125, 8.25 ], "texture": "#sword-10", "cullface": "up" },
				"west": { "uv": [ 8, 14, 8.125, 14.25 ], "texture": "#sword-10", "cullface": "up" },
				"east": { "uv": [ 8.125, 13.75, 8, 14 ], "texture": "#sword-10", "cullface": "up" }
			}
		},
		{
			"__comment": "Voxels",
			"from": [ 8.666699, 19.3333, 8 ],
			"to": [ 9.666699, 23.99997, 8.333333 ],
			"faces": {
				"north": { "uv": [ 0.375, 8.375, 0, 10.125 ], "texture": "#sword-10", "cullface": "up" },
				"south": { "uv": [ 0, 10.125, 0.375, 11.875 ], "texture": "#sword-10", "cullface": "up" },
				"west": { "uv": [ 5.75, 8.75, 5.875, 10.5 ], "texture": "#sword-10", "cullface": "up" },
				"east": { "uv": [ 7.375, 13.875, 7.25, 15.625 ], "texture": "#sword-10", "cullface": "up" }
			}
		},
		{
			"__comment": "Voxels",
			"from": [ 8.666699, 22, 7.6667 ],
			"to": [ 9.333366, 27.33333, 8.000033 ],
			"faces": {
				"down": { "uv": [ 7, 11, 7.25, 11.125 ], "texture": "#sword-10", "cullface": "up" },
				"up": { "uv": [ 7, 10.75, 7.25, 10.625 ], "texture": "#sword-10", "cullface": "up" },
				"north": { "uv": [ 0.625, 9.875, 0.375, 11.875 ], "texture": "#sword-10", "cullface": "up" },
				"south": { "uv": [ 1.125, 9.875, 1.375, 11.875 ], "texture": "#sword-10", "cullface": "up" },
				"west": { "uv": [ 3.875, 8.5, 4, 10.5 ], "texture": "#sword-10", "cullface": "up" },
				"east": { "uv": [ 1.5, 9.875, 1.375, 11.875 ], "texture": "#sword-10", "cullface": "up" }
			}
		},
		{
			"__comment": "Voxels",
			"from": [ 8.666699, 22, 8.3333 ],
			"to": [ 9.333366, 27.33333, 8.666633 ],
			"faces": {
				"down": { "uv": [ 7, 10.25, 7.25, 10.375 ], "texture": "#sword-10", "cullface": "up" },
				"up": { "uv": [ 15.75, 16, 16, 15.875 ], "texture": "#sword-10", "cullface": "up" },
				"north": { "uv": [ 1, 9.875, 0.75, 11.875 ], "texture": "#sword-10", "cullface": "up" },
				"south": { "uv": [ 5.375, 10.5, 5.625, 12.5 ], "texture": "#sword-10", "cullface": "up" },
				"west": { "uv": [ 1, 9.875, 1.125, 11.875 ], "texture": "#sword-10", "cullface": "up" },
				"east": { "uv": [ 0.75, 9.875, 0.625, 11.875 ], "texture": "#sword-10", "cullface": "up" }
			}
		},
		{
			"__comment": "Voxels",
			"from": [ 8.666699, 27.3333, 7.6667 ],
			"to": [ 9.000032, 27.99997, 8.000033 ],
			"faces": {
				"north": { "uv": [ 9, 12.625, 8.875, 12.875 ], "texture": "#sword-10", "cullface": "up" },
				"west": { "uv": [ 9.25, 8, 9.375, 8.25 ], "texture": "#sword-10", "cullface": "up" },
				"east": { "uv": [ 10, 10.75, 9.875, 11 ], "texture": "#sword-10", "cullface": "up" }
			}
		},
		{
			"__comment": "Voxels",
			"from": [ 8.666699, 27.3333, 8.3333 ],
			"to": [ 9.000032, 27.99997, 8.666633 ],
			"faces": {
				"south": { "uv": [ 9.875, 10.25, 10, 10.5 ], "texture": "#sword-10", "cullface": "up" },
				"west": { "uv": [ 9.875, 10, 10, 10.25 ], "texture": "#sword-10", "cullface": "up" },
				"east": { "uv": [ 10, 9.75, 9.875, 10 ], "texture": "#sword-10", "cullface": "up" }
			}
		},
		{
			"__comment": "Voxels",
			"from": [ 9, -12.3333, 8 ],
			"to": [ 9.333333, 4.000034, 8.333333 ],
			"faces": {
				"down": { "uv": [ 15.25, 13, 15.375, 13.125 ], "texture": "#sword-10", "cullface": "down" },
				"north": { "uv": [ 3.625, 9.875, 3.5, 16 ], "texture": "#sword-10", "cullface": "down" },
				"south": { "uv": [ 3.625, 9.875, 3.75, 16 ], "texture": "#sword-10", "cullface": "down" },
				"east": { "uv": [ 3.5, 9.875, 3.375, 16 ], "texture": "#sword-10", "cullface": "down" }
			}
		},
		{
			"__comment": "Voxels",
			"from": [ 9, -10, 7.6667 ],
			"to": [ 9.333333, -8.666667, 8.000033 ],
			"faces": {
				"north": { "uv": [ 4, 8, 3.875, 8.5 ], "texture": "#sword-10", "cullface": "down" },
				"west": { "uv": [ 5.75, 12.625, 5.875, 13.125 ], "texture": "#sword-10", "cullface": "down" },
				"east": { "uv": [ 9.125, 9.125, 9, 9.625 ], "texture": "#sword-10", "cullface": "down" }
			}
		},
		{
			"__comment": "Voxels",
			"from": [ 9, -10, 8.3333 ],
			"to": [ 9.333333, -8.666667, 8.666633 ],
			"faces": {
				"south": { "uv": [ 9, 8.125, 9.125, 8.625 ], "texture": "#sword-10", "cullface": "down" },
				"west": { "uv": [ 9.125, 13.125, 9.25, 13.625 ], "texture": "#sword-10", "cullface": "down" },
				"east": { "uv": [ 9.375, 13.125, 9.25, 13.625 ], "texture": "#sword-10", "cullface": "down" }
			}
		},
		{
			"__comment": "Voxels",
			"from": [ 9, -4.3333, 7.6667 ],
			"to": [ 9.666667, -2.999967, 8.000033 ],
			"faces": {
				"down": { "uv": [ 8.75, 9.25, 9, 9.375 ], "texture": "#sword-10", "cullface": "down" },
				"north": { "uv": [ 7.25, 9.75, 7, 10.25 ], "texture": "#sword-10", "cullface": "down" },
				"south": { "uv": [ 7.375, 11.5, 7.625, 12 ], "texture": "#sword-10", "cullface": "down" },
				"west": { "uv": [ 9.125, 12.625, 9.25, 13.125 ], "texture": "#sword-10", "cullface": "down" },
				"east": { "uv": [ 9.375, 12.625, 9.25, 13.125 ], "texture": "#sword-10", "cullface": "down" }
			}
		},
		{
			"__comment": "Voxels",
			"from": [ 9, -4.3333, 8.3333 ],
			"to": [ 9.666667, -2.999967, 8.666633 ],
			"faces": {
				"down": { "uv": [ 8.75, 8.5, 9, 8.625 ], "texture": "#sword-10", "cullface": "down" },
				"north": { "uv": [ 2.375, 9.75, 2.125, 10.25 ], "texture": "#sword-10", "cullface": "down" },
				"south": { "uv": [ 2.125, 11.125, 2.375, 11.625 ], "texture": "#sword-10", "cullface": "down" },
				"west": { "uv": [ 9.125, 12.125, 9.25, 12.625 ], "texture": "#sword-10", "cullface": "down" },
				"east": { "uv": [ 9.375, 10.125, 9.25, 10.625 ], "texture": "#sword-10", "cullface": "down" }
			}
		},
		{
			"__comment": "Voxels",
			"from": [ 9, 11.3333, 8 ],
			"to": [ 10.33333, 12.3333, 8.333333 ],
			"faces": {
				"down": { "uv": [ 14.125, 14.375, 14.625, 14.5 ], "texture": "#sword-10" },
				"up": { "uv": [ 14.625, 14.5, 15.125, 14.375 ], "texture": "#sword-10" },
				"north": { "uv": [ 5.875, 8.375, 5.375, 8.75 ], "texture": "#sword-10" },
				"south": { "uv": [ 5.375, 8, 5.875, 8.375 ], "texture": "#sword-10" },
				"east": { "uv": [ 5.25, 8, 5.125, 8.375 ], "texture": "#sword-10" }
			}
		},
		{
			"__comment": "Voxels",
			"from": [ 9, 11.6667, 7.6667 ],
			"to": [ 10, 12.33337, 8.000033 ],
			"faces": {
				"down": { "uv": [ 9.375, 13.25, 9.75, 13.375 ], "texture": "#sword-10" },
				"up": { "uv": [ 9.375, 13.25, 9.75, 13.125 ], "texture": "#sword-10" },
				"north": { "uv": [ 8.875, 12.625, 8.5, 12.875 ], "texture": "#sword-10" },
				"east": { "uv": [ 10.125, 12.375, 10, 12.625 ], "texture": "#sword-10" }
			}
		},
		{
			"__comment": "Voxels",
			"from": [ 9, 11.6667, 8.3333 ],
			"to": [ 10, 12.33337, 8.666633 ],
			"faces": {
				"down": { "uv": [ 9.375, 12.75, 9.75, 12.875 ], "texture": "#sword-10" },
				"up": { "uv": [ 9.375, 12.75, 9.75, 12.625 ], "texture": "#sword-10" },
				"south": { "uv": [ 8.25, 12, 8.625, 12.25 ], "texture": "#sword-10" },
				"east": { "uv": [ 10.125, 11.375, 10, 11.625 ], "texture": "#sword-10" }
			}
		},
		{
			"__comment": "Voxels",
			"from": [ 9, 12, 7.3333 ],
			"to": [ 9.333333, 12.66667, 7.666633 ],
			"faces": {
				"down": { "uv": [ 9.75, 10.5, 9.875, 10.625 ], "texture": "#sword-10" },
				"up": { "uv": [ 9.75, 10.5, 9.875, 10.375 ], "texture": "#sword-10" },
				"north": { "uv": [ 10.125, 11.125, 10, 11.375 ], "texture": "#sword-10" },
				"south": { "uv": [ 10, 10.875, 10.125, 11.125 ], "texture": "#sword-10" },
				"east": { "uv": [ 10.125, 10.375, 10, 10.625 ], "texture": "#sword-10" }
			}
		},
		{
			"__comment": "Voxels",
			"from": [ 9, 12, 8.666699 ],
			"to": [ 9.333333, 12.66667, 9.000032 ],
			"faces": {
				"down": { "uv": [ 15.875, 14, 16, 14.125 ], "texture": "#sword-10" },
				"up": { "uv": [ 15.875, 14, 16, 13.875 ], "texture": "#sword-10" },
				"north": { "uv": [ 10.125, 10.125, 10, 10.375 ], "texture": "#sword-10" },
				"south": { "uv": [ 10, 9.875, 10.125, 10.125 ], "texture": "#sword-10" },
				"east": { "uv": [ 10.125, 9.375, 10, 9.625 ], "texture": "#sword-10" }
			}
		},
		{
			"__comment": "Voxels",
			"from": [ 9, 12.3333, 7.6667 ],
			"to": [ 9.666667, 12.66663, 8.6667 ],
			"faces": {
				"down": { "uv": [ 7, 13, 7.25, 13.375 ], "texture": "#sword-10" },
				"up": { "uv": [ 7, 12.5, 7.25, 12.125 ], "texture": "#sword-10" },
				"north": { "uv": [ 15.625, 13.875, 15.375, 14 ], "texture": "#sword-10" },
				"south": { "uv": [ 15.625, 13.875, 15.875, 14 ], "texture": "#sword-10" },
				"west": { "uv": [ 9.375, 12.125, 9.75, 12.25 ], "texture": "#sword-10" },
				"east": { "uv": [ 9.75, 12, 9.375, 12.125 ], "texture": "#sword-10" }
			}
		},
		{
			"__comment": "Voxels",
			"from": [ 9, 12.6667, 7.6667 ],
			"to": [ 9.333333, 14.33337, 8.6667 ],
			"faces": {
				"up": { "uv": [ 9.25, 8.625, 9.375, 8.25 ], "texture": "#sword-10" },
				"north": { "uv": [ 9.125, 14, 9, 14.625 ], "texture": "#sword-10" },
				"south": { "uv": [ 9, 13.375, 9.125, 14 ], "texture": "#sword-10" },
				"west": { "uv": [ 2, 8.5, 2.375, 9.125 ], "texture": "#sword-10" },
				"east": { "uv": [ 2.375, 9.125, 2, 9.75 ], "texture": "#sword-10" }
			}
		},
		{
			"__comment": "Voxels",
			"from": [ 9, 15, 7.3333 ],
			"to": [ 9.333333, 15.66667, 7.666633 ],
			"faces": {
				"north": { "uv": [ 10.25, 12.875, 10.125, 13.125 ], "texture": "#sword-10" },
				"west": { "uv": [ 10.125, 12.375, 10.25, 12.625 ], "texture": "#sword-10" },
				"east": { "uv": [ 10.25, 12.125, 10.125, 12.375 ], "texture": "#sword-10" }
			}
		},
		{
			"__comment": "Voxels",
			"from": [ 9, 15, 8.666699 ],
			"to": [ 9.333333, 15.66667, 9.000032 ],
			"faces": {
				"south": { "uv": [ 10.125, 11.625, 10.25, 11.875 ], "texture": "#sword-10" },
				"west": { "uv": [ 10.125, 11.375, 10.25, 11.625 ], "texture": "#sword-10" },
				"east": { "uv": [ 10.25, 11.125, 10.125, 11.375 ], "texture": "#sword-10" }
			}
		},
		{
			"__comment": "Voxels",
			"from": [ 9, 17.3333, 7.6667 ],
			"to": [ 9.333333, 21.99997, 8.000033 ],
			"faces": {
				"north": { "uv": [ 3.625, 8.125, 3.5, 9.875 ], "texture": "#sword-10", "cullface": "up" },
				"south": { "uv": [ 5.5, 8.75, 5.625, 10.5 ], "texture": "#sword-10", "cullface": "up" },
				"west": { "uv": [ 3.75, 8.125, 3.875, 9.875 ], "texture": "#sword-10", "cullface": "up" },
				"east": { "uv": [ 4.125, 8.75, 4, 10.5 ], "texture": "#sword-10", "cullface": "up" }
			}
		},
		{
			"__comment": "Voxels",
			"from": [ 9, 17.3333, 8.3333 ],
			"to": [ 9.333333, 21.99997, 8.666633 ],
			"faces": {
				"north": { "uv": [ 4.25, 8.75, 4.125, 10.5 ], "texture": "#sword-10", "cullface": "up" },
				"south": { "uv": [ 4.25, 8.75, 4.375, 10.5 ], "texture": "#sword-10", "cullface": "up" },
				"west": { "uv": [ 5.375, 8.75, 5.5, 10.5 ], "texture": "#sword-10", "cullface": "up" },
				"east": { "uv": [ 5.75, 8.75, 5.625, 10.5 ], "texture": "#sword-10", "cullface": "up" }
			}
		},
		{
			"__comment": "Voxels",
			"from": [ 9.3333, -10.6667, 8 ],
			"to": [ 9.666633, 3.999968, 8.333333 ],
			"faces": {
				"down": { "uv": [ 14.5, 13.375, 14.625, 13.5 ], "texture": "#sword-10", "cullface": "down" },
				"north": { "uv": [ 4.125, 10.5, 4, 16 ], "texture": "#sword-10", "cullface": "down" },
				"south": { "uv": [ 4.25, 10.5, 4.375, 16 ], "texture": "#sword-10", "cullface": "down" },
				"east": { "uv": [ 4.25, 10.5, 4.125, 16 ], "texture": "#sword-10", "cullface": "down" }
			}
		},
		{
			"__comment": "Voxels",
			"from": [ 9.3333, -6.6667, 7.6667 ],
			"to": [ 9.666633, -4.333366, 8.000033 ],
			"faces": {
				"down": { "uv": [ 15.25, 13.375, 15.375, 13.5 ], "texture": "#sword-10", "cullface": "down" },
				"north": { "uv": [ 8.125, 10.625, 8, 11.5 ], "texture": "#sword-10", "cullface": "down" },
				"east": { "uv": [ 7.75, 9.75, 7.625, 10.625 ], "texture": "#sword-10", "cullface": "down" }
			}
		},
		{
			"__comment": "Voxels",
			"from": [ 9.3333, -6.6667, 8.3333 ],
			"to": [ 9.666633, -4.333366, 8.666633 ],
			"faces": {
				"down": { "uv": [ 10.5, 13.25, 10.625, 13.375 ], "texture": "#sword-10", "cullface": "down" },
				"south": { "uv": [ 7.875, 9.75, 8, 10.625 ], "texture": "#sword-10", "cullface": "down" },
				"east": { "uv": [ 7.375, 9.625, 7.25, 10.5 ], "texture": "#sword-10", "cullface": "down" }
			}
		},
		{
			"__comment": "Voxels",
			"from": [ 9.3333, 11, 8 ],
			"to": [ 9.999967, 11.33333, 8.333333 ],
			"faces": {
				"down": { "uv": [ 14.25, 13.75, 14.5, 13.875 ], "texture": "#sword-10" },
				"north": { "uv": [ 15, 13.75, 14.75, 13.875 ], "texture": "#sword-10" },
				"south": { "uv": [ 15, 13.75, 15.25, 13.875 ], "texture": "#sword-10" },
				"west": { "uv": [ 10.5, 12, 10.625, 12.125 ], "texture": "#sword-10" },
				"east": { "uv": [ 10.625, 11.875, 10.5, 12 ], "texture": "#sword-10" }
			}
		},
		{
			"__comment": "Voxels",
			"from": [ 9.3333, 11.3333, 7.6667 ],
			"to": [ 9.999967, 11.66663, 8.000033 ],
			"faces": {
				"down": { "uv": [ 15.25, 13.75, 15.5, 13.875 ], "texture": "#sword-10" },
				"north": { "uv": [ 16, 13.75, 15.75, 13.875 ], "texture": "#sword-10" },
				"west": { "uv": [ 10.5, 11.25, 10.625, 11.375 ], "texture": "#sword-10" },
				"east": { "uv": [ 10.625, 11.125, 10.5, 11.25 ], "texture": "#sword-10" }
			}
		},
		{
			"__comment": "Voxels",
			"from": [ 9.3333, 11.3333, 8.3333 ],
			"to": [ 9.999967, 11.66663, 8.666633 ],
			"faces": {
				"down": { "uv": [ 10.5, 13.625, 10.75, 13.75 ], "texture": "#sword-10" },
				"south": { "uv": [ 11.25, 13.625, 11.5, 13.75 ], "texture": "#sword-10" },
				"west": { "uv": [ 10.5, 10.5, 10.625, 10.625 ], "texture": "#sword-10" },
				"east": { "uv": [ 10.625, 10.375, 10.5, 10.5 ], "texture": "#sword-10" }
			}
		},
		{
			"__comment": "Voxels",
			"from": [ 9.3333, 12.6667, 8 ],
			"to": [ 9.666633, 14.33337, 8.333333 ],
			"faces": {
				"north": { "uv": [ 9.125, 11.5, 9, 12.125 ], "texture": "#sword-10" },
				"south": { "uv": [ 9, 10.875, 9.125, 11.5 ], "texture": "#sword-10" },
				"east": { "uv": [ 9.125, 9.625, 9, 10.25 ], "texture": "#sword-10" }
			}
		},
		{
			"__comment": "Voxels",
			"from": [ 9.3333, 13.3333, 7.6667 ],
			"to": [ 9.666633, 14.3333, 8.000033 ],
			"faces": {
				"down": { "uv": [ 10.5, 9.5, 10.625, 9.625 ], "texture": "#sword-10" },
				"north": { "uv": [ 9.75, 8.75, 9.625, 9.125 ], "texture": "#sword-10" },
				"east": { "uv": [ 9.625, 8.375, 9.5, 8.75 ], "texture": "#sword-10" }
			}
		},
		{
			"__comment": "Voxels",
			"from": [ 9.3333, 13.3333, 8.3333 ],
			"to": [ 9.666633, 14.3333, 8.666633 ],
			"faces": {
				"down": { "uv": [ 10.5, 8.75, 10.625, 8.875 ], "texture": "#sword-10" },
				"south": { "uv": [ 9.75, 8.375, 9.875, 8.75 ], "texture": "#sword-10" },
				"east": { "uv": [ 9.625, 8, 9.5, 8.375 ], "texture": "#sword-10" }
			}
		},
		{
			"__comment": "Voxels",
			"from": [ 9.666699, -8.3333, 8 ],
			"to": [ 10.00003, 4.000034, 8.333333 ],
			"faces": {
				"down": { "uv": [ 10.5, 8, 10.625, 8.125 ], "texture": "#sword-10", "cullface": "down" },
				"north": { "uv": [ 4.75, 10.125, 4.625, 14.75 ], "texture": "#sword-10", "cullface": "down" },
				"south": { "uv": [ 4.75, 10.125, 4.875, 14.75 ], "texture": "#sword-10", "cullface": "down" },
				"east": { "uv": [ 4.5, 10.125, 4.375, 14.75 ], "texture": "#sword-10", "cullface": "down" }
			}
		},
		{
			"__comment": "Voxels",
			"from": [ 9.666699, 10.3333, 8 ],
			"to": [ 10.33337, 10.99997, 8.333333 ],
			"faces": {
				"up": { "uv": [ 12, 13.75, 12.25, 13.625 ], "texture": "#sword-10" },
				"north": { "uv": [ 9.375, 8.875, 9.125, 9.125 ], "texture": "#sword-10" },
				"south": { "uv": [ 9.125, 8.625, 9.375, 8.875 ], "texture": "#sword-10" },
				"west": { "uv": [ 10.25, 10.875, 10.375, 11.125 ], "texture": "#sword-10" },
				"east": { "uv": [ 10.375, 10.625, 10.25, 10.875 ], "texture": "#sword-10" }
			}
		},
		{
			"__comment": "Voxels",
			"from": [ 9.666699, 11, 7.6667 ],
			"to": [ 10.00003, 11.33333, 8.000033 ],
			"faces": {
				"down": { "uv": [ 12, 13.25, 12.125, 13.375 ], "texture": "#sword-10" },
				"north": { "uv": [ 12.375, 13.25, 12.25, 13.375 ], "texture": "#sword-10" },
				"west": { "uv": [ 12.5, 13.25, 12.625, 13.375 ], "texture": "#sword-10" },
				"east": { "uv": [ 12.75, 13.25, 12.625, 13.375 ], "texture": "#sword-10" }
			}
		},
		{
			"__comment": "Voxels",
			"from": [ 9.666699, 11, 8.3333 ],
			"to": [ 10.00003, 11.33333, 8.666633 ],
			"faces": {
				"down": { "uv": [ 12.75, 13.25, 12.875, 13.375 ], "texture": "#sword-10" },
				"south": { "uv": [ 13.125, 13.25, 13.25, 13.375 ], "texture": "#sword-10" },
				"west": { "uv": [ 13.25, 13.25, 13.375, 13.375 ], "texture": "#sword-10" },
				"east": { "uv": [ 13.5, 13.25, 13.375, 13.375 ], "texture": "#sword-10" }
			}
		},
		{
			"__comment": "Voxels",
			"from": [ 9.666699, 12.3333, 8 ],
			"to": [ 10.00003, 12.66663, 8.333333 ],
			"faces": {
				"up": { "uv": [ 13.625, 13.375, 13.75, 13.25 ], "texture": "#sword-10" },
				"north": { "uv": [ 13.875, 13.25, 13.75, 13.375 ], "texture": "#sword-10" },
				"south": { "uv": [ 13.875, 13.25, 14, 13.375 ], "texture": "#sword-10" },
				"east": { "uv": [ 14.25, 13.25, 14.125, 13.375 ], "texture": "#sword-10" }
			}
		},
		{
			"__comment": "Voxels",
			"from": [ 9.666699, 13.3333, 8 ],
			"to": [ 10.00003, 14.3333, 8.333333 ],
			"faces": {
				"down": { "uv": [ 14.25, 13.25, 14.375, 13.375 ], "texture": "#sword-10" },
				"north": { "uv": [ 9.75, 8, 9.625, 8.375 ], "texture": "#sword-10" },
				"south": { "uv": [ 9.75, 8, 9.875, 8.375 ], "texture": "#sword-10" },
				"east": { "uv": [ 10, 13.25, 9.875, 13.625 ], "texture": "#sword-10" }
			}
		},
		{
			"__comment": "Voxels",
			"from": [ 9.666699, 13.6667, 7.6667 ],
			"to": [ 10.00003, 14.33337, 8.000033 ],
			"faces": {
				"down": { "uv": [ 15, 13.25, 15.125, 13.375 ], "texture": "#sword-10" },
				"north": { "uv": [ 10.375, 10.375, 10.25, 10.625 ], "texture": "#sword-10" },
				"east": { "uv": [ 10.375, 9.625, 10.25, 9.875 ], "texture": "#sword-10" }
			}
		},
		{
			"__comment": "Voxels",
			"from": [ 9.666699, 13.6667, 8.3333 ],
			"to": [ 10.00003, 14.33337, 8.666633 ],
			"faces": {
				"down": { "uv": [ 15.75, 13.25, 15.875, 13.375 ], "texture": "#sword-10" },
				"south": { "uv": [ 10.25, 9.125, 10.375, 9.375 ], "texture": "#sword-10" },
				"east": { "uv": [ 10.375, 8.625, 10.25, 8.875 ], "texture": "#sword-10" }
			}
		},
		{
			"__comment": "Voxels",
			"from": [ 9.666699, 16, 7.3333 ],
			"to": [ 10.00003, 16.33333, 7.666633 ],
			"faces": {
				"down": { "uv": [ 10.625, 12.625, 10.75, 12.75 ], "texture": "#sword-10", "cullface": "up" },
				"north": { "uv": [ 10.75, 12.375, 10.625, 12.5 ], "texture": "#sword-10", "cullface": "up" },
				"east": { "uv": [ 10.75, 12, 10.625, 12.125 ], "texture": "#sword-10", "cullface": "up" }
			}
		},
		{
			"__comment": "Voxels",
			"from": [ 9.666699, 16, 8.666699 ],
			"to": [ 10.00003, 16.33333, 9.000032 ],
			"faces": {
				"down": { "uv": [ 10.625, 11.875, 10.75, 12 ], "texture": "#sword-10", "cullface": "up" },
				"south": { "uv": [ 10.625, 11.5, 10.75, 11.625 ], "texture": "#sword-10", "cullface": "up" },
				"east": { "uv": [ 10.75, 11.25, 10.625, 11.375 ], "texture": "#sword-10", "cullface": "up" }
			}
		},
		{
			"__comment": "Voxels",
			"from": [ 9.666699, 16.6667, 7.3333 ],
			"to": [ 10.00003, 17.00003, 7.666633 ],
			"faces": {
				"up": { "uv": [ 10.625, 11.125, 10.75, 11 ], "texture": "#sword-10", "cullface": "up" },
				"north": { "uv": [ 10.75, 10.875, 10.625, 11 ], "texture": "#sword-10", "cullface": "up" },
				"west": { "uv": [ 10.625, 10.625, 10.75, 10.75 ], "texture": "#sword-10", "cullface": "up" },
				"east": { "uv": [ 10.75, 10.5, 10.625, 10.625 ], "texture": "#sword-10", "cullface": "up" }
			}
		},
		{
			"__comment": "Voxels",
			"from": [ 9.666699, 16.6667, 8.666699 ],
			"to": [ 10.00003, 17.00003, 9.000032 ],
			"faces": {
				"up": { "uv": [ 10.625, 10.375, 10.75, 10.25 ], "texture": "#sword-10", "cullface": "up" },
				"south": { "uv": [ 10.625, 10, 10.75, 10.125 ], "texture": "#sword-10", "cullface": "up" },
				"west": { "uv": [ 10.625, 9.875, 10.75, 10 ], "texture": "#sword-10", "cullface": "up" },
				"east": { "uv": [ 10.75, 9.75, 10.625, 9.875 ], "texture": "#sword-10", "cullface": "up" }
			}
		},
		{
			"__comment": "Voxels",
			"from": [ 9.666699, 17.3333, 7.6667 ],
			"to": [ 11.00003, 17.66663, 8.000033 ],
			"faces": {
				"down": { "uv": [ 13.375, 14.125, 13.875, 14.25 ], "texture": "#sword-10", "cullface": "up" },
				"up": { "uv": [ 13.875, 14.25, 14.375, 14.125 ], "texture": "#sword-10", "cullface": "up" },
				"north": { "uv": [ 14.875, 14.125, 14.375, 14.25 ], "texture": "#sword-10", "cullface": "up" },
				"west": { "uv": [ 10.625, 9.125, 10.75, 9.25 ], "texture": "#sword-10", "cullface": "up" },
				"east": { "uv": [ 10.75, 9, 10.625, 9.125 ], "texture": "#sword-10", "cullface": "up" }
			}
		},
		{
			"__comment": "Voxels",
			"from": [ 9.666699, 17.3333, 8.3333 ],
			"to": [ 11.00003, 17.66663, 8.666633 ],
			"faces": {
				"down": { "uv": [ 12.375, 14.25, 12.875, 14.375 ], "texture": "#sword-10", "cullface": "up" },
				"up": { "uv": [ 15.375, 14.25, 15.875, 14.125 ], "texture": "#sword-10", "cullface": "up" },
				"south": { "uv": [ 9.375, 13.875, 9.875, 14 ], "texture": "#sword-10", "cullface": "up" },
				"west": { "uv": [ 10.625, 8.375, 10.75, 8.5 ], "texture": "#sword-10", "cullface": "up" },
				"east": { "uv": [ 10.75, 8.25, 10.625, 8.375 ], "texture": "#sword-10", "cullface": "up" }
			}
		},
		{
			"__comment": "Voxels",
			"from": [ 9.666699, 17.6667, 7.6667 ],
			"to": [ 10.33337, 18.00003, 8.000033 ],
			"faces": {
				"up": { "uv": [ 14.5, 13.75, 14.75, 13.625 ], "texture": "#sword-10", "cullface": "up" },
				"north": { "uv": [ 15, 13.625, 14.75, 13.75 ], "texture": "#sword-10", "cullface": "up" },
				"west": { "uv": [ 11, 13.125, 11.125, 13.25 ], "texture": "#sword-10", "cullface": "up" },
				"east": { "uv": [ 11.25, 13.125, 11.125, 13.25 ], "texture": "#sword-10", "cullface": "up" }
			}
		},
		{
			"__comment": "Voxels",
			"from": [ 9.666699, 17.6667, 8.3333 ],
			"to": [ 10.33337, 18.00003, 8.666633 ],
			"faces": {
				"up": { "uv": [ 15.5, 13.75, 15.75, 13.625 ], "texture": "#sword-10", "cullface": "up" },
				"south": { "uv": [ 10.5, 13.5, 10.75, 13.625 ], "texture": "#sword-10", "cullface": "up" },
				"west": { "uv": [ 11.75, 13.125, 11.875, 13.25 ], "texture": "#sword-10", "cullface": "up" },
				"east": { "uv": [ 12, 13.125, 11.875, 13.25 ], "texture": "#sword-10", "cullface": "up" }
			}
		},
		{
			"__comment": "Voxels",
			"from": [ 9.666699, 25.6667, 8 ],
			"to": [ 10.00003, 26.33336, 8.333333 ],
			"faces": {
				"down": { "uv": [ 12, 13.125, 12.125, 13.25 ], "texture": "#sword-10", "cullface": "up" },
				"up": { "uv": [ 12.125, 13.25, 12.25, 13.125 ], "texture": "#sword-10", "cullface": "up" },
				"north": { "uv": [ 10.5, 13.125, 10.375, 13.375 ], "texture": "#sword-10", "cullface": "up" },
				"south": { "uv": [ 10.375, 12.875, 10.5, 13.125 ], "texture": "#sword-10", "cullface": "up" },
				"east": { "uv": [ 10.5, 12.375, 10.375, 12.625 ], "texture": "#sword-10", "cullface": "up" }
			}
		},
		{
			"__comment": "Voxels",
			"from": [ 10, -3.3333, 8 ],
			"to": [ 10.33333, 4.000033, 8.333333 ],
			"faces": {
				"down": { "uv": [ 12.75, 13.125, 12.875, 13.25 ], "texture": "#sword-10", "cullface": "down" },
				"north": { "uv": [ 6, 9.75, 5.875, 12.5 ], "texture": "#sword-10", "cullface": "down" },
				"south": { "uv": [ 6.125, 9.75, 6.25, 12.5 ], "texture": "#sword-10", "cullface": "down" },
				"east": { "uv": [ 6.375, 9.75, 6.25, 12.5 ], "texture": "#sword-10", "cullface": "down" }
			}
		},
		{
			"__comment": "Voxels",
			"from": [ 10, 10.3333, 7.6667 ],
			"to": [ 10.33333, 10.66663, 8.000033 ],
			"faces": {
				"up": { "uv": [ 13.625, 13.25, 13.75, 13.125 ], "texture": "#sword-10" },
				"north": { "uv": [ 13.875, 13.125, 13.75, 13.25 ], "texture": "#sword-10" },
				"west": { "uv": [ 14, 13.125, 14.125, 13.25 ], "texture": "#sword-10" },
				"east": { "uv": [ 14.25, 13.125, 14.125, 13.25 ], "texture": "#sword-10" }
			}
		},
		{
			"__comment": "Voxels",
			"from": [ 10, 10.3333, 8.3333 ],
			"to": [ 10.33333, 10.66663, 8.666633 ],
			"faces": {
				"up": { "uv": [ 14.375, 13.25, 14.5, 13.125 ], "texture": "#sword-10" },
				"south": { "uv": [ 14.625, 13.125, 14.75, 13.25 ], "texture": "#sword-10" },
				"west": { "uv": [ 14.75, 13.125, 14.875, 13.25 ], "texture": "#sword-10" },
				"east": { "uv": [ 15, 13.125, 14.875, 13.25 ], "texture": "#sword-10" }
			}
		},
		{
			"__comment": "Voxels",
			"from": [ 10, 13.6667, 8 ],
			"to": [ 10.33333, 14.33337, 8.333333 ],
			"faces": {
				"down": { "uv": [ 15, 13.125, 15.125, 13.25 ], "texture": "#sword-10" },
				"north": { "uv": [ 10.5, 11.625, 10.375, 11.875 ], "texture": "#sword-10" },
				"south": { "uv": [ 10.375, 11.375, 10.5, 11.625 ], "texture": "#sword-10" },
				"east": { "uv": [ 10.5, 10.875, 10.375, 11.125 ], "texture": "#sword-10" }
			}
		},
		{
			"__comment": "Voxels",
			"from": [ 10, 15.6667, 7.6667 ],
			"to": [ 10.33333, 16.00003, 8.000033 ],
			"faces": {
				"down": { "uv": [ 15.75, 13.125, 15.875, 13.25 ], "texture": "#sword-10" },
				"north": { "uv": [ 10.875, 13, 10.75, 13.125 ], "texture": "#sword-10" },
				"east": { "uv": [ 10.875, 12.625, 10.75, 12.75 ], "texture": "#sword-10" }
			}
		},
		{
			"__comment": "Voxels",
			"from": [ 10, 15.6667, 8.3333 ],
			"to": [ 10.33333, 16.00003, 8.666633 ],
			"faces": {
				"down": { "uv": [ 10.75, 12.5, 10.875, 12.625 ], "texture": "#sword-10" },
				"south": { "uv": [ 10.75, 12.125, 10.875, 12.25 ], "texture": "#sword-10" },
				"east": { "uv": [ 10.875, 11.875, 10.75, 12 ], "texture": "#sword-10" }
			}
		},
		{
			"__comment": "Voxels",
			"from": [ 10, 18, 7.6667 ],
			"to": [ 10.33333, 18.33333, 8.000033 ],
			"faces": {
				"up": { "uv": [ 10.75, 11.75, 10.875, 11.625 ], "texture": "#sword-10", "cullface": "up" },
				"north": { "uv": [ 10.875, 11.5, 10.75, 11.625 ], "texture": "#sword-10", "cullface": "up" },
				"west": { "uv": [ 10.75, 11.25, 10.875, 11.375 ], "texture": "#sword-10", "cullface": "up" },
				"east": { "uv": [ 10.875, 11.125, 10.75, 11.25 ], "texture": "#sword-10", "cullface": "up" }
			}
		},
		{
			"__comment": "Voxels",
			"from": [ 10, 18, 8.3333 ],
			"to": [ 10.33333, 18.33333, 8.666633 ],
			"faces": {
				"up": { "uv": [ 10.75, 11, 10.875, 10.875 ], "texture": "#sword-10", "cullface": "up" },
				"south": { "uv": [ 10.75, 10.625, 10.875, 10.75 ], "texture": "#sword-10", "cullface": "up" },
				"west": { "uv": [ 10.75, 10.5, 10.875, 10.625 ], "texture": "#sword-10", "cullface": "up" },
				"east": { "uv": [ 10.875, 10.375, 10.75, 10.5 ], "texture": "#sword-10", "cullface": "up" }
			}
		},
		{
			"__comment": "Voxels",
			"from": [ 10, 18.3333, 8 ],
			"to": [ 10.66667, 18.66663, 8.333333 ],
			"faces": {
				"up": { "uv": [ 11.5, 13.625, 11.75, 13.5 ], "texture": "#sword-10", "cullface": "up" },
				"north": { "uv": [ 12, 13.5, 11.75, 13.625 ], "texture": "#sword-10", "cullface": "up" },
				"south": { "uv": [ 12, 13.5, 12.25, 13.625 ], "texture": "#sword-10", "cullface": "up" },
				"west": { "uv": [ 10.75, 9.75, 10.875, 9.875 ], "texture": "#sword-10", "cullface": "up" },
				"east": { "uv": [ 10.875, 9.625, 10.75, 9.75 ], "texture": "#sword-10", "cullface": "up" }
			}
		},
		{
			"__comment": "Voxels",
			"from": [ 10.6667, 16, 8 ],
			"to": [ 11.00003, 16.33333, 8.333333 ],
			"faces": {
				"down": { "uv": [ 10.75, 9.5, 10.875, 9.625 ], "texture": "#sword-10", "cullface": "up" },
				"east": { "uv": [ 10.875, 8.875, 10.75, 9 ], "texture": "#sword-10", "cullface": "up" }
			}
		},
		{
			"__comment": "Voxels",
			"from": [ 10.6667, 16.6667, 8 ],
			"to": [ 11.6667, 17.00003, 8.333333 ],
			"faces": {
				"down": { "uv": [ 14.75, 14, 15.125, 14.125 ], "texture": "#sword-10", "cullface": "up" },
				"up": { "uv": [ 15.125, 14.125, 15.5, 14 ], "texture": "#sword-10", "cullface": "up" },
				"north": { "uv": [ 15.875, 14, 15.5, 14.125 ], "texture": "#sword-10", "cullface": "up" },
				"south": { "uv": [ 10, 13.875, 10.375, 14 ], "texture": "#sword-10", "cullface": "up" },
				"east": { "uv": [ 10.875, 8.125, 10.75, 8.25 ], "texture": "#sword-10", "cullface": "up" }
			}
		},
		{
			"__comment": "Voxels",
			"from": [ 10.6667, 17, 7.6667 ],
			"to": [ 11.00003, 17.33333, 8.6667 ],
			"faces": {
				"down": { "uv": [ 9.875, 11.375, 10, 11.75 ], "texture": "#sword-10", "cullface": "up" },
				"up": { "uv": [ 9.875, 11.375, 10, 11 ], "texture": "#sword-10", "cullface": "up" },
				"north": { "uv": [ 11.125, 13, 11, 13.125 ], "texture": "#sword-10", "cullface": "up" },
				"south": { "uv": [ 11.125, 13, 11.25, 13.125 ], "texture": "#sword-10", "cullface": "up" },
				"east": { "uv": [ 11.125, 13.875, 10.75, 14 ], "texture": "#sword-10", "cullface": "up" }
			}
		},
		{
			"__comment": "Voxels",
			"from": [ 10.6667, 17.6667, 7.6667 ],
			"to": [ 11.33337, 18.00003, 8.000033 ],
			"faces": {
				"down": { "uv": [ 13, 13.5, 13.25, 13.625 ], "texture": "#sword-10", "cullface": "up" },
				"up": { "uv": [ 13.25, 13.625, 13.5, 13.5 ], "texture": "#sword-10", "cullface": "up" },
				"north": { "uv": [ 13.75, 13.5, 13.5, 13.625 ], "texture": "#sword-10", "cullface": "up" },
				"west": { "uv": [ 12, 13, 12.125, 13.125 ], "texture": "#sword-10", "cullface": "up" },
				"east": { "uv": [ 12.25, 13, 12.125, 13.125 ], "texture": "#sword-10", "cullface": "up" }
			}
		},
		{
			"__comment": "Voxels",
			"from": [ 10.6667, 17.6667, 8.3333 ],
			"to": [ 11.33337, 18.00003, 8.666633 ],
			"faces": {
				"down": { "uv": [ 14, 13.5, 14.25, 13.625 ], "texture": "#sword-10", "cullface": "up" },
				"up": { "uv": [ 14.25, 13.625, 14.5, 13.5 ], "texture": "#sword-10", "cullface": "up" },
				"south": { "uv": [ 14.75, 13.5, 15, 13.625 ], "texture": "#sword-10", "cullface": "up" },
				"west": { "uv": [ 12.75, 13, 12.875, 13.125 ], "texture": "#sword-10", "cullface": "up" },
				"east": { "uv": [ 13, 13, 12.875, 13.125 ], "texture": "#sword-10", "cullface": "up" }
			}
		},
		{
			"__comment": "Voxels",
			"from": [ 11, 17, 8 ],
			"to": [ 11.33333, 17.33333, 8.333333 ],
			"faces": {
				"north": { "uv": [ 13.375, 13, 13.25, 13.125 ], "texture": "#sword-10", "cullface": "up" },
				"south": { "uv": [ 13.375, 13, 13.5, 13.125 ], "texture": "#sword-10", "cullface": "up" },
				"east": { "uv": [ 13.75, 13, 13.625, 13.125 ], "texture": "#sword-10", "cullface": "up" }
			}
		},
		{
			"__comment": "Voxels",
			"from": [ 11, 18, 7.6667 ],
			"to": [ 11.33333, 18.33333, 8.000033 ],
			"faces": {
				"up": { "uv": [ 13.875, 13.125, 14, 13 ], "texture": "#sword-10", "cullface": "up" },
				"north": { "uv": [ 14.125, 13, 14, 13.125 ], "texture": "#sword-10", "cullface": "up" },
				"west": { "uv": [ 14.25, 13, 14.375, 13.125 ], "texture": "#sword-10", "cullface": "up" },
				"east": { "uv": [ 14.5, 13, 14.375, 13.125 ], "texture": "#sword-10", "cullface": "up" }
			}
		},
		{
			"__comment": "Voxels",
			"from": [ 11, 18, 8.3333 ],
			"to": [ 11.33333, 18.33333, 8.666633 ],
			"faces": {
				"up": { "uv": [ 14.625, 13.125, 14.75, 13 ], "texture": "#sword-10", "cullface": "up" },
				"south": { "uv": [ 14.875, 13, 15, 13.125 ], "texture": "#sword-10", "cullface": "up" },
				"west": { "uv": [ 15, 13, 15.125, 13.125 ], "texture": "#sword-10", "cullface": "up" },
				"east": { "uv": [ 15.25, 13, 15.125, 13.125 ], "texture": "#sword-10", "cullface": "up" }
			}
		},
		{
			"__comment": "Voxels",
			"from": [ 11, 18.3333, 8 ],
			"to": [ 12, 18.66663, 8.333333 ],
			"faces": {
				"up": { "uv": [ 11.5, 14, 11.875, 13.875 ], "texture": "#sword-10", "cullface": "up" },
				"north": { "uv": [ 12.25, 13.875, 11.875, 14 ], "texture": "#sword-10", "cullface": "up" },
				"south": { "uv": [ 12.25, 13.875, 12.625, 14 ], "texture": "#sword-10", "cullface": "up" },
				"west": { "uv": [ 15.75, 13, 15.875, 13.125 ], "texture": "#sword-10", "cullface": "up" },
				"east": { "uv": [ 16, 13, 15.875, 13.125 ], "texture": "#sword-10", "cullface": "up" }
			}
		},
		{
			"__comment": "Voxels",
			"from": [ 11.3333, 18.6667, 8 ],
			"to": [ 11.99997, 19.00003, 8.333333 ],
			"faces": {
				"up": { "uv": [ 15.5, 13.625, 15.75, 13.5 ], "texture": "#sword-10", "cullface": "up" },
				"north": { "uv": [ 16, 13.5, 15.75, 13.625 ], "texture": "#sword-10", "cullface": "up" },
				"south": { "uv": [ 10.5, 13.375, 10.75, 13.5 ], "texture": "#sword-10", "cullface": "up" },
				"west": { "uv": [ 10.875, 12.375, 11, 12.5 ], "texture": "#sword-10", "cullface": "up" },
				"east": { "uv": [ 11, 12.25, 10.875, 12.375 ], "texture": "#sword-10", "cullface": "up" }
			}
		}
	],
	"display": {
		"thirdperson_righthand": {
			"rotation":  [ 0, -90, 180 ],
			"translation":  [ 0, 11, 2 ],
			"scale":  [ 0.8, 0.8, 0.8 ]
		},
		"thirdperson_lefthand": {
			"rotation":  [ 0, 90, 180 ],
			"translation":  [ 0, 11, 2 ],
			"scale":  [ 0.8, 0.8, 0.8 ]
		},
		"firstperson_righthand": {
			"rotation":  [ 170, -90, 0 ],
			"translation":  [ 0, 7, 0 ],
			"scale":  [ 0.4, 0.4, 0.4 ]
		},
		"firstperson_lefthand": {
			"rotation":  [ 170, 90, 0 ],
			"translation":  [ 0, 7, 0 ],
			"scale":  [ 0.4, 0.4, 0.4 ]
		},
		"gui": {
			"rotation":  [ 0, 180, -150 ],
			"translation":  [ -0.2, 0, 1 ],
			"scale":  [ 0.4, 0.4, 0.4 ]
		},
		"head": {
			"scale":  [ 0.0001, 0.0001, 0.0001 ]
		},
		"ground": {
			"translation":  [ 0, 15, 0 ],
			"scale":  [ 0.75, 0.75, 0.75 ]
		},
		"fixed": {
			"rotation":  [ 0, 0, -150 ],
			"translation":  [ 0, 0, -1 ],
			"scale":  [ 0.5, 0.5, 0.5 ]
		}
	}
}