{
	"__comment": "Designed by Xiaoxiafeng with Cubik Studio - https://cubik.studio",
	"textures": {
		"particle": "trademodel/e_particle",
		"texture": "trademodel/e_texture",
		"y4_atlas": "trademodel/y4_atlas"
	},
	"elements": [ 	 
		{
			"__comment": "Voxels",
			"from": [ 6.303, 7.2727, 13.0909 ],
			"to": [ 9.696939, 7.757548, 13.57575 ],
			"faces": {
				"down": { "uv": [ 4.75, 11, 6.5, 11.25 ], "texture": "#y4_atlas" },
				"up": { "uv": [ 4.75, 11, 6.5, 10.75 ], "texture": "#y4_atlas" },
				"north": { "uv": [ 6.25, 10.5, 4.5, 10.75 ], "texture": "#y4_atlas" },
				"south": { "uv": [ 4.75, 11.25, 6.5, 11.5 ], "texture": "#y4_atlas" },
				"west": { "uv": [ 10.5, 10.75, 10.75, 11 ], "texture": "#y4_atlas" },
				"east": { "uv": [ 10.75, 8.5, 10.5, 8.75 ], "texture": "#y4_atlas" }
			}
		},
		{
			"__comment": "Voxels",
			"from": [ 6.303, 7.7576, 13.0909 ],
			"to": [ 7.272697, 9.212145, 13.57575 ],
			"faces": {
				"down": { "uv": [ 4, 8, 4.5, 8.25 ], "texture": "#y4_atlas" },
				"up": { "uv": [ 8, 8.25, 8.5, 8 ], "texture": "#y4_atlas" },
				"north": { "uv": [ 3.5, 10, 3, 10.75 ], "texture": "#y4_atlas" },
				"south": { "uv": [ 6.5, 14.5, 7, 15.25 ], "texture": "#y4_atlas" },
				"west": { "uv": [ 8.75, 10.5, 9, 11.25 ], "texture": "#y4_atlas" },
				"east": { "uv": [ 9, 9.75, 8.75, 10.5 ], "texture": "#y4_atlas" }
			}
		},
		{
			"__comment": "Voxels",
			"from": [ 6.7879, 6.7879, 12.6061 ],
			"to": [ 9.212143, 7.757597, 13.09095 ],
			"faces": {
				"down": { "uv": [ 10.25, 15.75, 11.5, 16 ], "texture": "#y4_atlas" },
				"up": { "uv": [ 11.5, 16, 12.75, 15.75 ], "texture": "#y4_atlas" },
				"north": { "uv": [ 3.5, 8.5, 2.25, 9 ], "texture": "#y4_atlas" },
				"south": { "uv": [ 2.25, 9, 3.5, 9.5 ], "texture": "#y4_atlas" },
				"west": { "uv": [ 3.25, 12.5, 3.5, 13 ], "texture": "#y4_atlas" },
				"east": { "uv": [ 4.25, 12, 4, 12.5 ], "texture": "#y4_atlas" }
			}
		},
		{
			"__comment": "Voxels",
			"from": [ 6.7879, 6.7879, 13.0909 ],
			"to": [ 9.212143, 7.272748, 13.57575 ],
			"faces": {
				"down": { "uv": [ 7.25, 10.75, 8.5, 11 ], "texture": "#y4_atlas" },
				"up": { "uv": [ 12.75, 16, 14, 15.75 ], "texture": "#y4_atlas" },
				"north": { "uv": [ 15.25, 15.75, 14, 16 ], "texture": "#y4_atlas" },
				"south": { "uv": [ 7.25, 15.5, 8.5, 15.75 ], "texture": "#y4_atlas" },
				"west": { "uv": [ 10.75, 12.75, 11, 13 ], "texture": "#y4_atlas" },
				"east": { "uv": [ 11, 12.5, 10.75, 12.75 ], "texture": "#y4_atlas" }
			}
		},
		{
			"__comment": "Voxels",
			"from": [ 6.7879, 7.7576, 12.6061 ],
			"to": [ 7.757597, 9.696994, 13.09095 ],
			"faces": {
				"down": { "uv": [ 14, 14, 14.5, 14.25 ], "texture": "#y4_atlas" },
				"up": { "uv": [ 14.5, 14.25, 15, 14 ], "texture": "#y4_atlas" },
				"north": { "uv": [ 4.5, 9.75, 4, 10.75 ], "texture": "#y4_atlas" },
				"south": { "uv": [ 4, 8.75, 4.5, 9.75 ], "texture": "#y4_atlas" },
				"west": { "uv": [ 8.5, 11.5, 8.75, 12.5 ], "texture": "#y4_atlas" },
				"east": { "uv": [ 8.75, 14.5, 8.5, 15.5 ], "texture": "#y4_atlas" }
			}
		},
		{
			"__comment": "Voxels",
			"from": [ 6.7879, 8.2424, 2.4242 ],
			"to": [ 9.212143, 8.727249, 2.909048 ],
			"faces": {
				"down": { "uv": [ 8.5, 15.5, 9.75, 15.75 ], "texture": "#y4_atlas" },
				"up": { "uv": [ 9.75, 15.75, 11, 15.5 ], "texture": "#y4_atlas" },
				"north": { "uv": [ 12.25, 15.5, 11, 15.75 ], "texture": "#y4_atlas" },
				"south": { "uv": [ 12.25, 15.5, 13.5, 15.75 ], "texture": "#y4_atlas" },
				"west": { "uv": [ 10.75, 11.25, 11, 11.5 ], "texture": "#y4_atlas" },
				"east": { "uv": [ 11, 11, 10.75, 11.25 ], "texture": "#y4_atlas" }
			}
		},
		{
			"__comment": "Voxels",
			"from": [ 6.7879, 8.2424, 4.3636 ],
			"to": [ 9.212143, 8.727249, 4.848448 ],
			"faces": {
				"down": { "uv": [ 13.5, 15.5, 14.75, 15.75 ], "texture": "#y4_atlas" },
				"up": { "uv": [ 14.75, 15.75, 16, 15.5 ], "texture": "#y4_atlas" },
				"north": { "uv": [ 8.5, 15.25, 7.25, 15.5 ], "texture": "#y4_atlas" },
				"south": { "uv": [ 7.25, 15, 8.5, 15.25 ], "texture": "#y4_atlas" },
				"west": { "uv": [ 10.75, 10.75, 11, 11 ], "texture": "#y4_atlas" },
				"east": { "uv": [ 11, 10.5, 10.75, 10.75 ], "texture": "#y4_atlas" }
			}
		},
		{
			"__comment": "Voxels",
			"from": [ 6.7879, 8.7273, 2.9091 ],
			"to": [ 9.212143, 9.212149, 3.393948 ],
			"faces": {
				"down": { "uv": [ 7.25, 14.75, 8.5, 15 ], "texture": "#y4_atlas" },
				"up": { "uv": [ 7.25, 14.25, 8.5, 14 ], "texture": "#y4_atlas" },
				"north": { "uv": [ 8.5, 13.75, 7.25, 14 ], "texture": "#y4_atlas" },
				"south": { "uv": [ 7.25, 13.5, 8.5, 13.75 ], "texture": "#y4_atlas" },
				"west": { "uv": [ 11.25, 11, 11.5, 11.25 ], "texture": "#y4_atlas" },
				"east": { "uv": [ 11.5, 11.25, 11.25, 11.5 ], "texture": "#y4_atlas" }
			}
		},
		{
			"__comment": "Voxels",
			"from": [ 6.7879, 9.2121, 13.0909 ],
			"to": [ 9.212143, 9.696949, 13.57575 ],
			"faces": {
				"down": { "uv": [ 7.25, 13.25, 8.5, 13.5 ], "texture": "#y4_atlas" },
				"up": { "uv": [ 7.25, 13.25, 8.5, 13 ], "texture": "#y4_atlas" },
				"north": { "uv": [ 8.5, 12.75, 7.25, 13 ], "texture": "#y4_atlas" },
				"south": { "uv": [ 7.25, 11.5, 8.5, 11.75 ], "texture": "#y4_atlas" },
				"west": { "uv": [ 14.75, 12.5, 15, 12.75 ], "texture": "#y4_atlas" },
				"east": { "uv": [ 14.75, 12.5, 14.5, 12.75 ], "texture": "#y4_atlas" }
			}
		},
		{
			"__comment": "Voxels",
			"from": [ 7.2727, 6.7879, 1.4545 ],
			"to": [ 8.727245, 7.757597, 3.878742 ],
			"faces": {
				"down": { "uv": [ 0.75, 10, 1.5, 11.25 ], "texture": "#y4_atlas" },
				"up": { "uv": [ 0.75, 12.5, 1.5, 11.25 ], "texture": "#y4_atlas" },
				"north": { "uv": [ 5.75, 14, 5, 14.5 ], "texture": "#y4_atlas" },
				"south": { "uv": [ 6, 9.75, 6.75, 10.25 ], "texture": "#y4_atlas" },
				"west": { "uv": [ 2.25, 9.5, 3.5, 10 ], "texture": "#y4_atlas" },
				"east": { "uv": [ 3.5, 8, 2.25, 8.5 ], "texture": "#y4_atlas" }
			}
		},
		{
			"__comment": "Voxels",
			"from": [ 7.2727, 6.7879, 3.8788 ],
			"to": [ 8.727245, 7.272748, 4.363648 ],
			"faces": {
				"down": { "uv": [ 4.5, 8, 5.25, 8.25 ], "texture": "#y4_atlas" },
				"up": { "uv": [ 5.25, 8.25, 6, 8 ], "texture": "#y4_atlas" },
				"north": { "uv": [ 16, 15.75, 15.25, 16 ], "texture": "#y4_atlas" },
				"south": { "uv": [ 10.75, 15.25, 11.5, 15.5 ], "texture": "#y4_atlas" },
				"west": { "uv": [ 13.75, 12.5, 14, 12.75 ], "texture": "#y4_atlas" },
				"east": { "uv": [ 13.75, 12.5, 13.5, 12.75 ], "texture": "#y4_atlas" }
			}
		},
		{
			"__comment": "Voxels",
			"from": [ 7.2727, 7.2727, 0 ],
			"to": [ 8.727245, 8.242397, 0.4848485 ],
			"faces": {
				"down": { "uv": [ 11.5, 15.25, 12.25, 15.5 ], "texture": "#y4_atlas" },
				"up": { "uv": [ 12.25, 15.5, 13, 15.25 ], "texture": "#y4_atlas" },
				"north": { "uv": [ 2.25, 12.5, 1.5, 13 ], "texture": "#y4_atlas" },
				"south": { "uv": [ 5.25, 8.25, 6, 8.75 ], "texture": "#y4_atlas" },
				"west": { "uv": [ 10.5, 12, 10.75, 12.5 ], "texture": "#y4_atlas" },
				"east": { "uv": [ 10.75, 12.5, 10.5, 13 ], "texture": "#y4_atlas" }
			}
		},
		{
			"__comment": "Voxels",
			"from": [ 7.2727, 7.2727, 0.4848 ],
			"to": [ 8.727245, 7.757548, 1.454497 ],
			"faces": {
				"down": { "uv": [ 5.75, 14, 6.5, 14.5 ], "texture": "#y4_atlas" },
				"up": { "uv": [ 5.25, 10.25, 6, 9.75 ], "texture": "#y4_atlas" },
				"north": { "uv": [ 13.75, 15.25, 13, 15.5 ], "texture": "#y4_atlas" },
				"south": { "uv": [ 13.75, 15.25, 14.5, 15.5 ], "texture": "#y4_atlas" },
				"west": { "uv": [ 11, 13, 11.5, 13.25 ], "texture": "#y4_atlas" },
				"east": { "uv": [ 11, 13, 10.5, 13.25 ], "texture": "#y4_atlas" }
			}
		},
		{
			"__comment": "Voxels",
			"from": [ 7.2727, 7.2727, 13.5758 ],
			"to": [ 8.727245, 9.212093, 14.06065 ],
			"faces": {
				"down": { "uv": [ 14.5, 15.25, 15.25, 15.5 ], "texture": "#y4_atlas" },
				"up": { "uv": [ 15.25, 15.5, 16, 15.25 ], "texture": "#y4_atlas" },
				"north": { "uv": [ 1.5, 8, 0.75, 9 ], "texture": "#y4_atlas" },
				"south": { "uv": [ 1.5, 9, 2.25, 10 ], "texture": "#y4_atlas" },
				"west": { "uv": [ 7.25, 8.25, 7.5, 9.25 ], "texture": "#y4_atlas" },
				"east": { "uv": [ 7.75, 8.25, 7.5, 9.25 ], "texture": "#y4_atlas" }
			}
		},
		{
			"__comment": "Voxels",
			"from": [ 7.2727, 7.2727, 16.9697 ],
			"to": [ 8.727245, 8.727245, 17.45455 ],
			"faces": {
				"down": { "uv": [ 10, 15, 10.75, 15.25 ], "texture": "#y4_atlas" },
				"up": { "uv": [ 10, 15, 10.75, 14.75 ], "texture": "#y4_atlas" },
				"north": { "uv": [ 6.5, 14.5, 5.75, 15.25 ], "texture": "#y4_atlas" },
				"south": { "uv": [ 1.5, 8.25, 2.25, 9 ], "texture": "#y4_atlas" },
				"west": { "uv": [ 9, 11, 9.25, 11.75 ], "texture": "#y4_atlas" },
				"east": { "uv": [ 9.25, 10.25, 9, 11 ], "texture": "#y4_atlas" }
			}
		},
		{
			"__comment": "Voxels",
			"from": [ 7.2727, 7.7576, -0.4848 ],
			"to": [ 8.727245, 9.696994, 0.000048518 ],
			"faces": {
				"down": { "uv": [ 10.75, 15, 11.5, 15.25 ], "texture": "#y4_atlas" },
				"up": { "uv": [ 10.75, 15, 11.5, 14.75 ], "texture": "#y4_atlas" },
				"north": { "uv": [ 0.75, 8, 0, 9 ], "texture": "#y4_atlas" },
				"south": { "uv": [ 0.75, 9, 1.5, 10 ], "texture": "#y4_atlas" },
				"west": { "uv": [ 8.75, 12.25, 9, 13.25 ], "texture": "#y4_atlas" },
				"east": { "uv": [ 9, 11.25, 8.75, 12.25 ], "texture": "#y4_atlas" }
			}
		},
		{
			"__comment": "Voxels",
			"from": [ 7.2727, 7.7576, 0.4848 ],
			"to": [ 7.757548, 9.696994, 2.424194 ],
			"faces": {
				"down": { "uv": [ 3.25, 14, 3.5, 15 ], "texture": "#y4_atlas" },
				"up": { "uv": [ 7.25, 10.25, 7.5, 9.25 ], "texture": "#y4_atlas" },
				"north": { "uv": [ 7.75, 9.25, 7.5, 10.25 ], "texture": "#y4_atlas" },
				"south": { "uv": [ 7.75, 9.25, 8, 10.25 ], "texture": "#y4_atlas" },
				"west": { "uv": [ 1.5, 13, 2.5, 14 ], "texture": "#y4_atlas" },
				"east": { "uv": [ 3.5, 13, 2.5, 14 ], "texture": "#y4_atlas" }
			}
		},
		{
			"__comment": "Voxels",
			"from": [ 7.2727, 7.7576, 2.4242 ],
			"to": [ 8.727245, 8.242449, 3.878745 ],
			"faces": {
				"down": { "uv": [ 5, 14.5, 5.75, 15.25 ], "texture": "#y4_atlas" },
				"up": { "uv": [ 4.5, 13.75, 5.25, 13 ], "texture": "#y4_atlas" },
				"north": { "uv": [ 12.25, 15, 11.5, 15.25 ], "texture": "#y4_atlas" },
				"south": { "uv": [ 11.5, 14.75, 12.25, 15 ], "texture": "#y4_atlas" },
				"west": { "uv": [ 12.25, 15, 13, 15.25 ], "texture": "#y4_atlas" },
				"east": { "uv": [ 13, 14.75, 12.25, 15 ], "texture": "#y4_atlas" }
			}
		},
		{
			"__comment": "Voxels",
			"from": [ 7.2727, 7.7576, 4.3636 ],
			"to": [ 8.727245, 8.242449, 9.696934 ],
			"faces": {
				"down": { "uv": [ 0, 10.5, 0.75, 13.25 ], "texture": "#y4_atlas" },
				"up": { "uv": [ 0, 16, 0.75, 13.25 ], "texture": "#y4_atlas" },
				"north": { "uv": [ 13.75, 15, 13, 15.25 ], "texture": "#y4_atlas" },
				"south": { "uv": [ 13, 14.75, 13.75, 15 ], "texture": "#y4_atlas" },
				"west": { "uv": [ 3.5, 11.75, 6.25, 12 ], "texture": "#y4_atlas" },
				"east": { "uv": [ 6.75, 15.25, 4, 15.5 ], "texture": "#y4_atlas" }
			}
		},
		{
			"__comment": "Voxels",
			"from": [ 7.2727, 7.7576, 12.1212 ],
			"to": [ 8.727245, 9.212145, 12.60605 ],
			"faces": {
				"down": { "uv": [ 13.75, 15, 14.5, 15.25 ], "texture": "#y4_atlas" },
				"up": { "uv": [ 13.75, 15, 14.5, 14.75 ], "texture": "#y4_atlas" },
				"north": { "uv": [ 5.25, 12.25, 4.5, 13 ], "texture": "#y4_atlas" },
				"south": { "uv": [ 5.25, 13, 6, 13.75 ], "texture": "#y4_atlas" },
				"west": { "uv": [ 9, 9.5, 9.25, 10.25 ], "texture": "#y4_atlas" },
				"east": { "uv": [ 9.25, 8.75, 9, 9.5 ], "texture": "#y4_atlas" }
			}
		},
		{
			"__comment": "Voxels",
			"from": [ 7.2727, 7.7576, 14.0606 ],
			"to": [ 8.727245, 8.727297, 16.96969 ],
			"faces": {
				"down": { "uv": [ 0.75, 12.5, 1.5, 14 ], "texture": "#y4_atlas" },
				"up": { "uv": [ 0, 10.5, 0.75, 9 ], "texture": "#y4_atlas" },
				"north": { "uv": [ 5.25, 8.25, 4.5, 8.75 ], "texture": "#y4_atlas" },
				"south": { "uv": [ 5.25, 9.25, 6, 9.75 ], "texture": "#y4_atlas" },
				"west": { "uv": [ 1.5, 10.25, 3, 10.75 ], "texture": "#y4_atlas" },
				"east": { "uv": [ 3, 10.75, 1.5, 11.25 ], "texture": "#y4_atlas" }
			}
		},
		{
			"__comment": "Voxels",
			"from": [ 7.2727, 7.7576, 17.4545 ],
			"to": [ 8.727245, 8.242449, 17.93935 ],
			"faces": {
				"down": { "uv": [ 14.5, 15, 15.25, 15.25 ], "texture": "#y4_atlas" },
				"up": { "uv": [ 14.5, 15, 15.25, 14.75 ], "texture": "#y4_atlas" },
				"north": { "uv": [ 16, 15, 15.25, 15.25 ], "texture": "#y4_atlas" },
				"south": { "uv": [ 15.25, 14.75, 16, 15 ], "texture": "#y4_atlas" },
				"west": { "uv": [ 11, 9.25, 11.25, 9.5 ], "texture": "#y4_atlas" },
				"east": { "uv": [ 11.25, 9.5, 11, 9.75 ], "texture": "#y4_atlas" }
			}
		},
		{
			"__comment": "Voxels",
			"from": [ 7.2727, 8.2424, 0 ],
			"to": [ 7.757548, 9.696945, 0.4848485 ],
			"faces": {
				"down": { "uv": [ 11, 10.25, 11.25, 10.5 ], "texture": "#y4_atlas" },
				"up": { "uv": [ 11, 10.75, 11.25, 10.5 ], "texture": "#y4_atlas" },
				"north": { "uv": [ 9.25, 8, 9, 8.75 ], "texture": "#y4_atlas" },
				"south": { "uv": [ 9.25, 14, 9.5, 14.75 ], "texture": "#y4_atlas" },
				"west": { "uv": [ 9.25, 13.25, 9.5, 14 ], "texture": "#y4_atlas" },
				"east": { "uv": [ 9.5, 12.5, 9.25, 13.25 ], "texture": "#y4_atlas" }
			}
		},
		{
			"__comment": "Voxels",
			"from": [ 7.2727, 8.2424, 2.9091 ],
			"to": [ 9.212093, 8.727249, 3.393948 ],
			"faces": {
				"down": { "uv": [ 6, 12, 7, 12.25 ], "texture": "#y4_atlas" },
				"up": { "uv": [ 6, 10.5, 7, 10.25 ], "texture": "#y4_atlas" },
				"north": { "uv": [ 9.75, 15.25, 8.75, 15.5 ], "texture": "#y4_atlas" },
				"south": { "uv": [ 9.75, 15.25, 10.75, 15.5 ], "texture": "#y4_atlas" },
				"west": { "uv": [ 10.75, 8, 11, 8.25 ], "texture": "#y4_atlas" },
				"east": { "uv": [ 11, 8.25, 10.75, 8.5 ], "texture": "#y4_atlas" }
			}
		},
		{
			"__comment": "Voxels",
			"from": [ 7.2727, 8.2424, 3.3939 ],
			"to": [ 8.727245, 9.696945, 3.878748 ],
			"faces": {
				"down": { "uv": [ 9.5, 14.5, 10.25, 14.75 ], "texture": "#y4_atlas" },
				"up": { "uv": [ 10.25, 14.75, 11, 14.5 ], "texture": "#y4_atlas" },
				"north": { "uv": [ 6.75, 12.25, 6, 13 ], "texture": "#y4_atlas" },
				"south": { "uv": [ 4, 10.75, 4.75, 11.5 ], "texture": "#y4_atlas" },
				"west": { "uv": [ 9.25, 11.75, 9.5, 12.5 ], "texture": "#y4_atlas" },
				"east": { "uv": [ 9.5, 11, 9.25, 11.75 ], "texture": "#y4_atlas" }
			}
		},
		{
			"__comment": "Voxels",
			"from": [ 7.2727, 8.2424, 3.8788 ],
			"to": [ 8.727245, 8.727249, 4.363648 ],
			"faces": {
				"down": { "uv": [ 11, 14.5, 11.75, 14.75 ], "texture": "#y4_atlas" },
				"up": { "uv": [ 11.75, 14.75, 12.5, 14.5 ], "texture": "#y4_atlas" },
				"north": { "uv": [ 13.25, 14.5, 12.5, 14.75 ], "texture": "#y4_atlas" },
				"south": { "uv": [ 13.25, 14.5, 14, 14.75 ], "texture": "#y4_atlas" },
				"west": { "uv": [ 10.75, 9, 11, 9.25 ], "texture": "#y4_atlas" },
				"east": { "uv": [ 11, 9.25, 10.75, 9.5 ], "texture": "#y4_atlas" }
			}
		},
		{
			"__comment": "Voxels",
			"from": [ 7.2727, 8.2424, 4.8485 ],
			"to": [ 7.757548, 9.212097, 5.333348 ],
			"faces": {
				"down": { "uv": [ 10.5, 8, 10.75, 8.25 ], "texture": "#y4_atlas" },
				"up": { "uv": [ 10.5, 8.5, 10.75, 8.25 ], "texture": "#y4_atlas" },
				"north": { "uv": [ 10.25, 8.5, 10, 9 ], "texture": "#y4_atlas" },
				"south": { "uv": [ 10, 9, 10.25, 9.5 ], "texture": "#y4_atlas" },
				"west": { "uv": [ 10, 9.5, 10.25, 10 ], "texture": "#y4_atlas" },
				"east": { "uv": [ 10.25, 10, 10, 10.5 ], "texture": "#y4_atlas" }
			}
		},
		{
			"__comment": "Voxels",
			"from": [ 7.2727, 8.2424, 5.3333 ],
			"to": [ 7.757548, 8.727249, 12.12118 ],
			"faces": {
				"down": { "uv": [ 3.75, 12, 4, 15.5 ], "texture": "#y4_atlas" },
				"up": { "uv": [ 3.5, 15.5, 3.75, 12 ], "texture": "#y4_atlas" },
				"north": { "uv": [ 12.25, 12.5, 12, 12.75 ], "texture": "#y4_atlas" },
				"south": { "uv": [ 11.5, 12.5, 11.75, 12.75 ], "texture": "#y4_atlas" },
				"west": { "uv": [ 3.5, 15.75, 7, 16 ], "texture": "#y4_atlas" },
				"east": { "uv": [ 7, 15.5, 3.5, 15.75 ], "texture": "#y4_atlas" }
			}
		},
		{
			"__comment": "Voxels",
			"from": [ 7.2727, 8.7273, -0.9697 ],
			"to": [ 8.727245, 9.696997, -0.4848515 ],
			"faces": {
				"down": { "uv": [ 14, 14.5, 14.75, 14.75 ], "texture": "#y4_atlas" },
				"up": { "uv": [ 14.75, 14.75, 15.5, 14.5 ], "texture": "#y4_atlas" },
				"north": { "uv": [ 5.25, 9.25, 4.5, 9.75 ], "texture": "#y4_atlas" },
				"south": { "uv": [ 2.5, 12.5, 3.25, 13 ], "texture": "#y4_atlas" },
				"west": { "uv": [ 2.25, 12.5, 2.5, 13 ], "texture": "#y4_atlas" },
				"east": { "uv": [ 10.5, 9.25, 10.25, 9.75 ], "texture": "#y4_atlas" }
			}
		},
		{
			"__comment": "Voxels",
			"from": [ 7.2727, 8.7273, 2.4242 ],
			"to": [ 8.727245, 9.212149, 2.909048 ],
			"faces": {
				"down": { "uv": [ 9.5, 14.25, 10.25, 14.5 ], "texture": "#y4_atlas" },
				"up": { "uv": [ 10.25, 14.5, 11, 14.25 ], "texture": "#y4_atlas" },
				"north": { "uv": [ 11.75, 14.25, 11, 14.5 ], "texture": "#y4_atlas" },
				"south": { "uv": [ 11.75, 14.25, 12.5, 14.5 ], "texture": "#y4_atlas" },
				"west": { "uv": [ 11.25, 12.5, 11.5, 12.75 ], "texture": "#y4_atlas" },
				"east": { "uv": [ 11.25, 8, 11, 8.25 ], "texture": "#y4_atlas" }
			}
		},
		{
			"__comment": "Voxels",
			"from": [ 7.2727, 8.7273, 4.3636 ],
			"to": [ 8.727245, 9.212149, 4.848448 ],
			"faces": {
				"down": { "uv": [ 12.5, 14.25, 13.25, 14.5 ], "texture": "#y4_atlas" },
				"up": { "uv": [ 13.25, 14.5, 14, 14.25 ], "texture": "#y4_atlas" },
				"north": { "uv": [ 14.75, 14.25, 14, 14.5 ], "texture": "#y4_atlas" },
				"south": { "uv": [ 14.75, 14.25, 15.5, 14.5 ], "texture": "#y4_atlas" },
				"west": { "uv": [ 11, 11, 11.25, 11.25 ], "texture": "#y4_atlas" },
				"east": { "uv": [ 11.25, 11.25, 11, 11.5 ], "texture": "#y4_atlas" }
			}
		},
		{
			"__comment": "Voxels",
			"from": [ 7.2727, 8.7273, 6.7879 ],
			"to": [ 8.727245, 9.212149, 9.212143 ],
			"faces": {
				"down": { "uv": [ 2.25, 11.25, 3, 12.5 ], "texture": "#y4_atlas" },
				"up": { "uv": [ 1.5, 12.5, 2.25, 11.25 ], "texture": "#y4_atlas" },
				"north": { "uv": [ 10.25, 14, 9.5, 14.25 ], "texture": "#y4_atlas" },
				"south": { "uv": [ 10.25, 14, 11, 14.25 ], "texture": "#y4_atlas" },
				"west": { "uv": [ 7.25, 14.5, 8.5, 14.75 ], "texture": "#y4_atlas" },
				"east": { "uv": [ 8.5, 14.25, 7.25, 14.5 ], "texture": "#y4_atlas" }
			}
		},
		{
			"__comment": "Voxels",
			"from": [ 7.2727, 8.7273, 13.0909 ],
			"to": [ 9.696942, 9.212149, 13.57575 ],
			"faces": {
				"down": { "uv": [ 7.25, 12.5, 8.5, 12.75 ], "texture": "#y4_atlas" },
				"up": { "uv": [ 7.25, 12.5, 8.5, 12.25 ], "texture": "#y4_atlas" },
				"north": { "uv": [ 8.5, 12, 7.25, 12.25 ], "texture": "#y4_atlas" },
				"south": { "uv": [ 7.25, 11.75, 8.5, 12 ], "texture": "#y4_atlas" },
				"west": { "uv": [ 11, 12, 11.25, 12.25 ], "texture": "#y4_atlas" },
				"east": { "uv": [ 16, 12.75, 15.75, 13 ], "texture": "#y4_atlas" }
			}
		},
		{
			"__comment": "Voxels",
			"from": [ 7.7576, 5.8182, 2.4242 ],
			"to": [ 8.242449, 6.787897, 3.393897 ],
			"faces": {
				"down": { "uv": [ 10, 11, 10.25, 11.5 ], "texture": "#y4_atlas" },
				"up": { "uv": [ 10, 12, 10.25, 11.5 ], "texture": "#y4_atlas" },
				"north": { "uv": [ 10.25, 12, 10, 12.5 ], "texture": "#y4_atlas" },
				"south": { "uv": [ 8.5, 8, 8.75, 8.5 ], "texture": "#y4_atlas" },
				"west": { "uv": [ 9, 14.75, 9.5, 15.25 ], "texture": "#y4_atlas" },
				"east": { "uv": [ 10, 14.75, 9.5, 15.25 ], "texture": "#y4_atlas" }
			}
		},
		{
			"__comment": "Voxels",
			"from": [ 7.7576, 6.303, 0 ],
			"to": [ 8.242449, 7.272697, 1.454545 ],
			"faces": {
				"down": { "uv": [ 9.25, 10.25, 9.5, 11 ], "texture": "#y4_atlas" },
				"up": { "uv": [ 9.25, 10.25, 9.5, 9.5 ], "texture": "#y4_atlas" },
				"north": { "uv": [ 14.25, 13.25, 14, 13.75 ], "texture": "#y4_atlas" },
				"south": { "uv": [ 13.75, 13.25, 14, 13.75 ], "texture": "#y4_atlas" },
				"west": { "uv": [ 5.25, 8.75, 6, 9.25 ], "texture": "#y4_atlas" },
				"east": { "uv": [ 5.25, 9.75, 4.5, 10.25 ], "texture": "#y4_atlas" }
			}
		},
		{
			"__comment": "Voxels",
			"from": [ 7.7576, 6.303, 1.4545 ],
			"to": [ 8.242449, 6.787848, 2.424197 ],
			"faces": {
				"down": { "uv": [ 10.25, 12.25, 10.5, 12.75 ], "texture": "#y4_atlas" },
				"up": { "uv": [ 10.25, 13.25, 10.5, 12.75 ], "texture": "#y4_atlas" },
				"north": { "uv": [ 13.25, 13, 13, 13.25 ], "texture": "#y4_atlas" },
				"south": { "uv": [ 12.75, 13, 13, 13.25 ], "texture": "#y4_atlas" },
				"west": { "uv": [ 11.75, 13.75, 12.25, 14 ], "texture": "#y4_atlas" },
				"east": { "uv": [ 11.75, 13.75, 11.25, 14 ], "texture": "#y4_atlas" }
			}
		},
		{
			"__comment": "Voxels",
			"from": [ 7.7576, 6.303, 3.3939 ],
			"to": [ 8.242449, 6.787848, 6.302991 ],
			"faces": {
				"down": { "uv": [ 7, 14.5, 7.25, 16 ], "texture": "#y4_atlas" },
				"up": { "uv": [ 7, 14.5, 7.25, 13 ], "texture": "#y4_atlas" },
				"north": { "uv": [ 10.75, 8.75, 10.5, 9 ], "texture": "#y4_atlas" },
				"south": { "uv": [ 10.5, 10.5, 10.75, 10.75 ], "texture": "#y4_atlas" },
				"west": { "uv": [ 4.5, 10.25, 6, 10.5 ], "texture": "#y4_atlas" },
				"east": { "uv": [ 3, 10, 1.5, 10.25 ], "texture": "#y4_atlas" }
			}
		},
		{
			"__comment": "Voxels",
			"from": [ 7.7576, 6.7879, -0.4848 ],
			"to": [ 8.242449, 7.757597, 0.000048518 ],
			"faces": {
				"down": { "uv": [ 11, 10.75, 11.25, 11 ], "texture": "#y4_atlas" },
				"up": { "uv": [ 11.25, 11.75, 11.5, 11.5 ], "texture": "#y4_atlas" },
				"north": { "uv": [ 10.5, 13.25, 10.25, 13.75 ], "texture": "#y4_atlas" },
				"south": { "uv": [ 10.25, 10.75, 10.5, 11.25 ], "texture": "#y4_atlas" },
				"west": { "uv": [ 10.25, 10.25, 10.5, 10.75 ], "texture": "#y4_atlas" },
				"east": { "uv": [ 10.5, 8.75, 10.25, 9.25 ], "texture": "#y4_atlas" }
			}
		},
		{
			"__comment": "Voxels",
			"from": [ 7.7576, 6.7879, 4.3636 ],
			"to": [ 8.242449, 7.757597, 9.696934 ],
			"faces": {
				"down": { "uv": [ 4.25, 12.5, 4.5, 15.25 ], "texture": "#y4_atlas" },
				"up": { "uv": [ 4, 15.25, 4.25, 12.5 ], "texture": "#y4_atlas" },
				"north": { "uv": [ 10.5, 8.25, 10.25, 8.75 ], "texture": "#y4_atlas" },
				"south": { "uv": [ 10.25, 11.75, 10.5, 12.25 ], "texture": "#y4_atlas" },
				"west": { "uv": [ 0.75, 15, 3.5, 15.5 ], "texture": "#y4_atlas" },
				"east": { "uv": [ 3.5, 15.5, 0.75, 16 ], "texture": "#y4_atlas" }
			}
		},
		{
			"__comment": "Voxels",
			"from": [ 7.7576, 6.7879, 16.9697 ],
			"to": [ 8.242449, 7.272748, 18.42425 ],
			"faces": {
				"down": { "uv": [ 9.25, 8, 9.5, 8.75 ], "texture": "#y4_atlas" },
				"up": { "uv": [ 9.5, 14, 9.75, 13.25 ], "texture": "#y4_atlas" },
				"north": { "uv": [ 11.5, 10.75, 11.25, 11 ], "texture": "#y4_atlas" },
				"south": { "uv": [ 6.75, 15.25, 7, 15.5 ], "texture": "#y4_atlas" },
				"west": { "uv": [ 11, 14, 11.75, 14.25 ], "texture": "#y4_atlas" },
				"east": { "uv": [ 12.5, 14, 11.75, 14.25 ], "texture": "#y4_atlas" }
			}
		},
		{
			"__comment": "Voxels",
			"from": [ 7.7576, 7.2727, -1.4545 ],
			"to": [ 8.242449, 9.696942, -0.9696515 ],
			"faces": {
				"down": { "uv": [ 7.5, 8, 7.75, 8.25 ], "texture": "#y4_atlas" },
				"up": { "uv": [ 7.75, 8.25, 8, 8 ], "texture": "#y4_atlas" },
				"north": { "uv": [ 6.5, 8, 6.25, 9.25 ], "texture": "#y4_atlas" },
				"south": { "uv": [ 6, 8, 6.25, 9.25 ], "texture": "#y4_atlas" },
				"west": { "uv": [ 7, 8, 7.25, 9.25 ], "texture": "#y4_atlas" },
				"east": { "uv": [ 7.25, 9.25, 7, 10.5 ], "texture": "#y4_atlas" }
			}
		},
		{
			"__comment": "Voxels",
			"from": [ 7.7576, 7.2727, -0.9697 ],
			"to": [ 8.242449, 8.727245, -0.4848515 ],
			"faces": {
				"down": { "uv": [ 15.5, 13, 15.75, 13.25 ], "texture": "#y4_atlas" },
				"up": { "uv": [ 15.75, 13.25, 16, 13 ], "texture": "#y4_atlas" },
				"north": { "uv": [ 9.75, 12.5, 9.5, 13.25 ], "texture": "#y4_atlas" },
				"south": { "uv": [ 9.5, 11.75, 9.75, 12.5 ], "texture": "#y4_atlas" },
				"west": { "uv": [ 9.5, 11, 9.75, 11.75 ], "texture": "#y4_atlas" },
				"east": { "uv": [ 9.75, 10.25, 9.5, 11 ], "texture": "#y4_atlas" }
			}
		},
		{
			"__comment": "Voxels",
			"from": [ 7.7576, 7.2727, 3.8788 ],
			"to": [ 8.242449, 8.242397, 4.363648 ],
			"faces": {
				"down": { "uv": [ 10.75, 12.25, 11, 12.5 ], "texture": "#y4_atlas" },
				"up": { "uv": [ 10.75, 12.25, 11, 12 ], "texture": "#y4_atlas" },
				"north": { "uv": [ 11.25, 13.25, 11, 13.75 ], "texture": "#y4_atlas" },
				"south": { "uv": [ 11.25, 13.25, 11.5, 13.75 ], "texture": "#y4_atlas" },
				"west": { "uv": [ 13.25, 13.25, 13.5, 13.75 ], "texture": "#y4_atlas" },
				"east": { "uv": [ 13.75, 13.25, 13.5, 13.75 ], "texture": "#y4_atlas" }
			}
		},
		{
			"__comment": "Voxels",
			"from": [ 7.7576, 7.2727, 9.697 ],
			"to": [ 8.242449, 9.212093, 12.12124 ],
			"faces": {
				"down": { "uv": [ 6.75, 8, 7, 9.25 ], "texture": "#y4_atlas" },
				"up": { "uv": [ 6.5, 9.25, 6.75, 8 ], "texture": "#y4_atlas" },
				"north": { "uv": [ 9, 13.25, 8.75, 14.25 ], "texture": "#y4_atlas" },
				"south": { "uv": [ 8.75, 14.25, 9, 15.25 ], "texture": "#y4_atlas" },
				"west": { "uv": [ 2, 14, 3.25, 15 ], "texture": "#y4_atlas" },
				"east": { "uv": [ 2, 14, 0.75, 15 ], "texture": "#y4_atlas" }
			}
		},
		{
			"__comment": "Voxels",
			"from": [ 7.7576, 7.2727, 12.1212 ],
			"to": [ 8.242449, 7.757548, 12.60605 ],
			"faces": {
				"down": { "uv": [ 10.75, 9.75, 11, 10 ], "texture": "#y4_atlas" },
				"up": { "uv": [ 10.75, 9.75, 11, 9.5 ], "texture": "#y4_atlas" },
				"north": { "uv": [ 11, 8.75, 10.75, 9 ], "texture": "#y4_atlas" },
				"south": { "uv": [ 10.75, 8.5, 11, 8.75 ], "texture": "#y4_atlas" },
				"west": { "uv": [ 15.25, 12.75, 15.5, 13 ], "texture": "#y4_atlas" },
				"east": { "uv": [ 15.75, 12.75, 15.5, 13 ], "texture": "#y4_atlas" }
			}
		},
		{
			"__comment": "Voxels",
			"from": [ 7.7576, 7.2727, 14.0606 ],
			"to": [ 8.242449, 7.757548, 16.96969 ],
			"faces": {
				"down": { "uv": [ 3.75, 8, 4, 9.5 ], "texture": "#y4_atlas" },
				"up": { "uv": [ 3.5, 9.5, 3.75, 8 ], "texture": "#y4_atlas" },
				"north": { "uv": [ 11.25, 11.75, 11, 12 ], "texture": "#y4_atlas" },
				"south": { "uv": [ 11, 11.5, 11.25, 11.75 ], "texture": "#y4_atlas" },
				"west": { "uv": [ 8.75, 15.75, 10.25, 16 ], "texture": "#y4_atlas" },
				"east": { "uv": [ 8.75, 15.75, 7.25, 16 ], "texture": "#y4_atlas" }
			}
		},
		{
			"__comment": "Voxels",
			"from": [ 7.7576, 7.2727, 17.4545 ],
			"to": [ 8.242449, 7.757548, 18.90905 ],
			"faces": {
				"down": { "uv": [ 9.5, 9.5, 9.75, 10.25 ], "texture": "#y4_atlas" },
				"up": { "uv": [ 9.25, 9.5, 9.5, 8.75 ], "texture": "#y4_atlas" },
				"north": { "uv": [ 11.25, 10, 11, 10.25 ], "texture": "#y4_atlas" },
				"south": { "uv": [ 11, 9.75, 11.25, 10 ], "texture": "#y4_atlas" },
				"west": { "uv": [ 12.5, 14, 13.25, 14.25 ], "texture": "#y4_atlas" },
				"east": { "uv": [ 14, 14, 13.25, 14.25 ], "texture": "#y4_atlas" }
			}
		},
		{
			"__comment": "Voxels",
			"from": [ 7.7576, 7.7576, -1.9394 ],
			"to": [ 8.242449, 9.696994, -1.454551 ],
			"faces": {
				"down": { "uv": [ 11, 9, 11.25, 9.25 ], "texture": "#y4_atlas" },
				"up": { "uv": [ 11, 9, 11.25, 8.75 ], "texture": "#y4_atlas" },
				"north": { "uv": [ 8.75, 12.5, 8.5, 13.5 ], "texture": "#y4_atlas" },
				"south": { "uv": [ 8.5, 13.5, 8.75, 14.5 ], "texture": "#y4_atlas" },
				"west": { "uv": [ 8.5, 8.5, 8.75, 9.5 ], "texture": "#y4_atlas" },
				"east": { "uv": [ 8, 8.25, 7.75, 9.25 ], "texture": "#y4_atlas" }
			}
		},
		{
			"__comment": "Voxels",
			"from": [ 7.7576, 7.7576, 1.9394 ],
			"to": [ 8.727297, 8.727297, 2.424248 ],
			"faces": {
				"down": { "uv": [ 6.5, 11.25, 7, 11.5 ], "texture": "#y4_atlas" },
				"up": { "uv": [ 15.5, 14.75, 16, 14.5 ], "texture": "#y4_atlas" },
				"north": { "uv": [ 7, 14, 6.5, 14.5 ], "texture": "#y4_atlas" },
				"south": { "uv": [ 8, 8.25, 8.5, 8.75 ], "texture": "#y4_atlas" },
				"west": { "uv": [ 4.25, 12, 4.5, 12.5 ], "texture": "#y4_atlas" },
				"east": { "uv": [ 7, 9.75, 6.75, 10.25 ], "texture": "#y4_atlas" }
			}
		},
		{
			"__comment": "Voxels",
			"from": [ 7.7576, 7.7576, 17.9394 ],
			"to": [ 8.242449, 9.696994, 18.42425 ],
			"faces": {
				"down": { "uv": [ 12.25, 12.5, 12.5, 12.75 ], "texture": "#y4_atlas" },
				"up": { "uv": [ 13, 12.75, 13.25, 12.5 ], "texture": "#y4_atlas" },
				"north": { "uv": [ 8.75, 10.5, 8.5, 11.5 ], "texture": "#y4_atlas" },
				"south": { "uv": [ 8.5, 9.5, 8.75, 10.5 ], "texture": "#y4_atlas" },
				"west": { "uv": [ 8, 9.25, 8.25, 10.25 ], "texture": "#y4_atlas" },
				"east": { "uv": [ 8.5, 9.25, 8.25, 10.25 ], "texture": "#y4_atlas" }
			}
		},
		{
			"__comment": "Voxels",
			"from": [ 7.7576, 7.7576, 18.4242 ],
			"to": [ 8.242449, 9.212145, 18.90905 ],
			"faces": {
				"down": { "uv": [ 13.25, 12.5, 13.5, 12.75 ], "texture": "#y4_atlas" },
				"up": { "uv": [ 11.25, 12, 11.5, 11.75 ], "texture": "#y4_atlas" },
				"north": { "uv": [ 9.75, 8.75, 9.5, 9.5 ], "texture": "#y4_atlas" },
				"south": { "uv": [ 9.5, 8, 9.75, 8.75 ], "texture": "#y4_atlas" },
				"west": { "uv": [ 9.75, 13.25, 10, 14 ], "texture": "#y4_atlas" },
				"east": { "uv": [ 10, 12.5, 9.75, 13.25 ], "texture": "#y4_atlas" }
			}
		},
		{
			"__comment": "Voxels",
			"from": [ 7.7576, 8.2424, -2.4242 ],
			"to": [ 8.242449, 9.696945, -1.939351 ],
			"faces": {
				"down": { "uv": [ 6.75, 13.75, 7, 14 ], "texture": "#y4_atlas" },
				"up": { "uv": [ 7.25, 8.25, 7.5, 8 ], "texture": "#y4_atlas" },
				"north": { "uv": [ 10, 11.75, 9.75, 12.5 ], "texture": "#y4_atlas" },
				"south": { "uv": [ 9.75, 11, 10, 11.75 ], "texture": "#y4_atlas" },
				"west": { "uv": [ 9.75, 10.25, 10, 11 ], "texture": "#y4_atlas" },
				"east": { "uv": [ 10, 9.5, 9.75, 10.25 ], "texture": "#y4_atlas" }
			}
		},
		{
			"__comment": "Voxels",
			"from": [ 7.7576, 8.2424, 9.2121 ],
			"to": [ 8.727297, 8.727249, 9.696949 ],
			"faces": {
				"down": { "uv": [ 12.75, 13.75, 13.25, 14 ], "texture": "#y4_atlas" },
				"up": { "uv": [ 13.25, 14, 13.75, 13.75 ], "texture": "#y4_atlas" },
				"north": { "uv": [ 16, 14.25, 15.5, 14.5 ], "texture": "#y4_atlas" },
				"south": { "uv": [ 15, 14, 15.5, 14.25 ], "texture": "#y4_atlas" },
				"west": { "uv": [ 8.75, 8, 9, 8.25 ], "texture": "#y4_atlas" },
				"east": { "uv": [ 16, 13.75, 15.75, 14 ], "texture": "#y4_atlas" }
			}
		},
		{
			"__comment": "Voxels",
			"from": [ 7.7576, 8.2424, 17.4545 ],
			"to": [ 8.242449, 9.696945, 17.93935 ],
			"faces": {
				"down": { "uv": [ 10.25, 8, 10.5, 8.25 ], "texture": "#y4_atlas" },
				"up": { "uv": [ 12.5, 13.25, 12.75, 13 ], "texture": "#y4_atlas" },
				"north": { "uv": [ 10, 8.75, 9.75, 9.5 ], "texture": "#y4_atlas" },
				"south": { "uv": [ 9.75, 8, 10, 8.75 ], "texture": "#y4_atlas" },
				"west": { "uv": [ 10, 13.25, 10.25, 14 ], "texture": "#y4_atlas" },
				"east": { "uv": [ 10.25, 12.5, 10, 13.25 ], "texture": "#y4_atlas" }
			}
		},
		{
			"__comment": "Voxels",
			"from": [ 7.7576, 8.7273, -2.9091 ],
			"to": [ 8.242449, 9.696997, -2.424251 ],
			"faces": {
				"down": { "uv": [ 13.25, 13, 13.5, 13.25 ], "texture": "#y4_atlas" },
				"up": { "uv": [ 13.5, 13.25, 13.75, 13 ], "texture": "#y4_atlas" },
				"north": { "uv": [ 10.5, 9.75, 10.25, 10.25 ], "texture": "#y4_atlas" },
				"south": { "uv": [ 6.75, 9.25, 7, 9.75 ], "texture": "#y4_atlas" },
				"west": { "uv": [ 10, 10.5, 10.25, 11 ], "texture": "#y4_atlas" },
				"east": { "uv": [ 10.25, 8, 10, 8.5 ], "texture": "#y4_atlas" }
			}
		},
		{
			"__comment": "Voxels",
			"from": [ 7.7576, 8.7273, 3.8788 ],
			"to": [ 8.242449, 9.212149, 4.363648 ],
			"faces": {
				"down": { "uv": [ 13.75, 13, 14, 13.25 ], "texture": "#y4_atlas" },
				"up": { "uv": [ 14, 13.25, 14.25, 13 ], "texture": "#y4_atlas" },
				"north": { "uv": [ 14.5, 13, 14.25, 13.25 ], "texture": "#y4_atlas" },
				"south": { "uv": [ 13.5, 12.75, 13.75, 13 ], "texture": "#y4_atlas" },
				"west": { "uv": [ 14.5, 13, 14.75, 13.25 ], "texture": "#y4_atlas" },
				"east": { "uv": [ 15, 13, 14.75, 13.25 ], "texture": "#y4_atlas" }
			}
		},
		{
			"__comment": "Voxels",
			"from": [ 7.7576, 8.7273, 4.8485 ],
			"to": [ 8.727297, 9.212149, 5.333348 ],
			"faces": {
				"down": { "uv": [ 10.25, 13.75, 10.75, 14 ], "texture": "#y4_atlas" },
				"up": { "uv": [ 10.75, 14, 11.25, 13.75 ], "texture": "#y4_atlas" },
				"north": { "uv": [ 12.75, 13.75, 12.25, 14 ], "texture": "#y4_atlas" },
				"south": { "uv": [ 15.5, 14, 16, 14.25 ], "texture": "#y4_atlas" },
				"west": { "uv": [ 15, 13, 15.25, 13.25 ], "texture": "#y4_atlas" },
				"east": { "uv": [ 15.5, 13, 15.25, 13.25 ], "texture": "#y4_atlas" }
			}
		},
		{
			"__comment": "Voxels",
			"from": [ 7.7576, 8.7273, 5.3333 ],
			"to": [ 8.242449, 9.212149, 6.787845 ],
			"faces": {
				"down": { "uv": [ 6.75, 13, 7, 13.75 ], "texture": "#y4_atlas" },
				"up": { "uv": [ 6.75, 13, 7, 12.25 ], "texture": "#y4_atlas" },
				"north": { "uv": [ 10.75, 11.25, 10.5, 11.5 ], "texture": "#y4_atlas" },
				"south": { "uv": [ 10.5, 11, 10.75, 11.25 ], "texture": "#y4_atlas" },
				"west": { "uv": [ 1.5, 8, 2.25, 8.25 ], "texture": "#y4_atlas" },
				"east": { "uv": [ 5.25, 12, 4.5, 12.25 ], "texture": "#y4_atlas" }
			}
		},
		{
			"__comment": "Voxels",
			"from": [ 7.7576, 8.7273, 9.2121 ],
			"to": [ 8.242449, 9.212149, 9.696949 ],
			"faces": {
				"down": { "uv": [ 10.5, 10.25, 10.75, 10.5 ], "texture": "#y4_atlas" },
				"up": { "uv": [ 10.5, 10.25, 10.75, 10 ], "texture": "#y4_atlas" },
				"north": { "uv": [ 10.75, 9.75, 10.5, 10 ], "texture": "#y4_atlas" },
				"south": { "uv": [ 10.5, 9.5, 10.75, 9.75 ], "texture": "#y4_atlas" },
				"west": { "uv": [ 10.5, 9.25, 10.75, 9.5 ], "texture": "#y4_atlas" },
				"east": { "uv": [ 10.75, 9, 10.5, 9.25 ], "texture": "#y4_atlas" }
			}
		},
		{
			"__comment": "Voxels",
			"from": [ 7.7576, 8.7273, 12.6061 ],
			"to": [ 9.212145, 9.696997, 13.09095 ],
			"faces": {
				"down": { "uv": [ 5.25, 12, 6, 12.25 ], "texture": "#y4_atlas" },
				"up": { "uv": [ 6.25, 12, 7, 11.75 ], "texture": "#y4_atlas" },
				"north": { "uv": [ 5.25, 8.75, 4.5, 9.25 ], "texture": "#y4_atlas" },
				"south": { "uv": [ 6, 9.25, 6.75, 9.75 ], "texture": "#y4_atlas" },
				"west": { "uv": [ 10.5, 13.25, 10.75, 13.75 ], "texture": "#y4_atlas" },
				"east": { "uv": [ 11, 13.25, 10.75, 13.75 ], "texture": "#y4_atlas" }
			}
		},
		{
			"__comment": "Voxels",
			"from": [ 7.7576, 8.7273, 14.0606 ],
			"to": [ 8.242449, 9.212149, 15.51514 ],
			"faces": {
				"down": { "uv": [ 8.75, 9, 9, 9.75 ], "texture": "#y4_atlas" },
				"up": { "uv": [ 8.75, 9, 9, 8.25 ], "texture": "#y4_atlas" },
				"north": { "uv": [ 11, 11.75, 10.75, 12 ], "texture": "#y4_atlas" },
				"south": { "uv": [ 10.75, 11.5, 11, 11.75 ], "texture": "#y4_atlas" },
				"west": { "uv": [ 6.25, 11.5, 7, 11.75 ], "texture": "#y4_atlas" },
				"east": { "uv": [ 7, 10.5, 6.25, 10.75 ], "texture": "#y4_atlas" }
			}
		},
		{
			"__comment": "Voxels",
			"from": [ 7.7576, 8.7273, 16.4848 ],
			"to": [ 8.242449, 9.212149, 17.4545 ],
			"faces": {
				"down": { "uv": [ 11.5, 13.25, 11.75, 13.75 ], "texture": "#y4_atlas" },
				"up": { "uv": [ 11.75, 13.75, 12, 13.25 ], "texture": "#y4_atlas" },
				"north": { "uv": [ 11, 10.25, 10.75, 10.5 ], "texture": "#y4_atlas" },
				"south": { "uv": [ 10.75, 10, 11, 10.25 ], "texture": "#y4_atlas" },
				"west": { "uv": [ 13.75, 13.75, 14.25, 14 ], "texture": "#y4_atlas" },
				"east": { "uv": [ 14.75, 13.75, 14.25, 14 ], "texture": "#y4_atlas" }
			}
		},
		{
			"__comment": "Voxels",
			"from": [ 7.7576, 9.2121, 0 ],
			"to": [ 8.727297, 9.696949, 2.424242 ],
			"faces": {
				"down": { "uv": [ 3, 11.25, 3.5, 12.5 ], "texture": "#y4_atlas" },
				"up": { "uv": [ 4.5, 15.25, 5, 14 ], "texture": "#y4_atlas" },
				"north": { "uv": [ 15.25, 13.75, 14.75, 14 ], "texture": "#y4_atlas" },
				"south": { "uv": [ 15.25, 13.75, 15.75, 14 ], "texture": "#y4_atlas" },
				"west": { "uv": [ 7.25, 10.25, 8.5, 10.5 ], "texture": "#y4_atlas" },
				"east": { "uv": [ 8.5, 10.5, 7.25, 10.75 ], "texture": "#y4_atlas" }
			}
		},
		{
			"__comment": "Voxels",
			"from": [ 7.7576, 9.2121, 2.4242 ],
			"to": [ 8.242449, 9.696949, 2.909048 ],
			"faces": {
				"down": { "uv": [ 11, 12.75, 11.25, 13 ], "texture": "#y4_atlas" },
				"up": { "uv": [ 11.25, 13, 11.5, 12.75 ], "texture": "#y4_atlas" },
				"north": { "uv": [ 11.75, 12.75, 11.5, 13 ], "texture": "#y4_atlas" },
				"south": { "uv": [ 11.75, 12.75, 12, 13 ], "texture": "#y4_atlas" },
				"west": { "uv": [ 12, 12.75, 12.25, 13 ], "texture": "#y4_atlas" },
				"east": { "uv": [ 12.5, 12.75, 12.25, 13 ], "texture": "#y4_atlas" }
			}
		},
		{
			"__comment": "Voxels",
			"from": [ 7.7576, 9.2121, 4.8485 ],
			"to": [ 8.242449, 9.696949, 5.333348 ],
			"faces": {
				"down": { "uv": [ 12.5, 12.75, 12.75, 13 ], "texture": "#y4_atlas" },
				"up": { "uv": [ 12.75, 13, 13, 12.75 ], "texture": "#y4_atlas" },
				"north": { "uv": [ 13.25, 12.75, 13, 13 ], "texture": "#y4_atlas" },
				"south": { "uv": [ 13.25, 12.75, 13.5, 13 ], "texture": "#y4_atlas" },
				"west": { "uv": [ 11.25, 10.5, 11.5, 10.75 ], "texture": "#y4_atlas" },
				"east": { "uv": [ 14, 12.75, 13.75, 13 ], "texture": "#y4_atlas" }
			}
		},
		{
			"__comment": "Voxels",
			"from": [ 7.7576, 9.2121, 16.9697 ],
			"to": [ 8.242449, 9.696949, 17.45455 ],
			"faces": {
				"down": { "uv": [ 14, 12.75, 14.25, 13 ], "texture": "#y4_atlas" },
				"up": { "uv": [ 14.25, 13, 14.5, 12.75 ], "texture": "#y4_atlas" },
				"north": { "uv": [ 14.75, 12.75, 14.5, 13 ], "texture": "#y4_atlas" },
				"south": { "uv": [ 14.75, 12.75, 15, 13 ], "texture": "#y4_atlas" },
				"west": { "uv": [ 15, 12.75, 15.25, 13 ], "texture": "#y4_atlas" },
				"east": { "uv": [ 12, 12.5, 11.75, 12.75 ], "texture": "#y4_atlas" }
			}
		},
		{
			"__comment": "Voxels",
			"from": [ 7.7576, 9.697, 0.9697 ],
			"to": [ 8.242449, 10.18185, 1.939397 ],
			"faces": {
				"down": { "uv": [ 12.25, 13.25, 12.5, 13.75 ], "texture": "#y4_atlas" },
				"up": { "uv": [ 12.5, 13.75, 12.75, 13.25 ], "texture": "#y4_atlas" },
				"north": { "uv": [ 11.25, 12.5, 11, 12.75 ], "texture": "#y4_atlas" },
				"south": { "uv": [ 11, 12.25, 11.25, 12.5 ], "texture": "#y4_atlas" },
				"west": { "uv": [ 12.75, 13.5, 13.25, 13.75 ], "texture": "#y4_atlas" },
				"east": { "uv": [ 13.25, 13.25, 12.75, 13.5 ], "texture": "#y4_atlas" }
			}
		},
		{
			"__comment": "Voxels",
			"from": [ 8.2424, 7.7576, 0.4848 ],
			"to": [ 8.727249, 9.212145, 1.939345 ],
			"faces": {
				"down": { "uv": [ 9, 14, 9.25, 14.75 ], "texture": "#y4_atlas" },
				"up": { "uv": [ 9, 14, 9.25, 13.25 ], "texture": "#y4_atlas" },
				"north": { "uv": [ 9.25, 12.5, 9, 13.25 ], "texture": "#y4_atlas" },
				"south": { "uv": [ 9, 11.75, 9.25, 12.5 ], "texture": "#y4_atlas" },
				"west": { "uv": [ 5.25, 12.25, 6, 13 ], "texture": "#y4_atlas" },
				"east": { "uv": [ 6.75, 13, 6, 13.75 ], "texture": "#y4_atlas" }
			}
		},
		{
			"__comment": "Voxels",
			"from": [ 8.2424, 7.7576, 12.6061 ],
			"to": [ 9.212097, 8.727297, 13.09095 ],
			"faces": {
				"down": { "uv": [ 14.25, 13.5, 14.75, 13.75 ], "texture": "#y4_atlas" },
				"up": { "uv": [ 14.25, 13.5, 14.75, 13.25 ], "texture": "#y4_atlas" },
				"north": { "uv": [ 8.5, 8.75, 8, 9.25 ], "texture": "#y4_atlas" },
				"south": { "uv": [ 4, 8.25, 4.5, 8.75 ], "texture": "#y4_atlas" },
				"west": { "uv": [ 14.75, 13.25, 15, 13.75 ], "texture": "#y4_atlas" },
				"east": { "uv": [ 15.25, 13.25, 15, 13.75 ], "texture": "#y4_atlas" }
			}
		},
		{
			"__comment": "Voxels",
			"from": [ 8.2424, 8.2424, 0 ],
			"to": [ 8.727249, 9.212097, 0.4848485 ],
			"faces": {
				"down": { "uv": [ 11, 8.5, 11.25, 8.75 ], "texture": "#y4_atlas" },
				"up": { "uv": [ 11, 8.5, 11.25, 8.25 ], "texture": "#y4_atlas" },
				"north": { "uv": [ 15.5, 13.25, 15.25, 13.75 ], "texture": "#y4_atlas" },
				"south": { "uv": [ 15.5, 13.25, 15.75, 13.75 ], "texture": "#y4_atlas" },
				"west": { "uv": [ 15.75, 13.25, 16, 13.75 ], "texture": "#y4_atlas" },
				"east": { "uv": [ 12.25, 13.25, 12, 13.75 ], "texture": "#y4_atlas" }
			}
		},
		{
			"__comment": "Voxels",
			"from": [ 8.2424, 8.2424, 4.8485 ],
			"to": [ 8.727249, 8.727249, 9.212136 ],
			"faces": {
				"down": { "uv": [ 3.75, 9.5, 4, 11.75 ], "texture": "#y4_atlas" },
				"up": { "uv": [ 3.5, 11.75, 3.75, 9.5 ], "texture": "#y4_atlas" },
				"north": { "uv": [ 12.75, 12.5, 12.5, 12.75 ], "texture": "#y4_atlas" },
				"south": { "uv": [ 12.75, 12.5, 13, 12.75 ], "texture": "#y4_atlas" },
				"west": { "uv": [ 4, 11.5, 6.25, 11.75 ], "texture": "#y4_atlas" },
				"east": { "uv": [ 6.75, 13.75, 4.5, 14 ], "texture": "#y4_atlas" }
			}
		},
		{
			"__comment": "Voxels",
			"from": [ 8.2424, 8.2424, 9.697 ],
			"to": [ 8.727249, 8.727249, 12.12124 ],
			"faces": {
				"down": { "uv": [ 7, 10.5, 7.25, 11.75 ], "texture": "#y4_atlas" },
				"up": { "uv": [ 7, 13, 7.25, 11.75 ], "texture": "#y4_atlas" },
				"north": { "uv": [ 14.25, 12.5, 14, 12.75 ], "texture": "#y4_atlas" },
				"south": { "uv": [ 14.25, 12.5, 14.5, 12.75 ], "texture": "#y4_atlas" },
				"west": { "uv": [ 7.25, 11, 8.5, 11.25 ], "texture": "#y4_atlas" },
				"east": { "uv": [ 8.5, 11.25, 7.25, 11.5 ], "texture": "#y4_atlas" }
			}
		},
		{
			"__comment": "Voxels",
			"from": [ 8.2424, 8.7273, 1.9394 ],
			"to": [ 8.727249, 9.212149, 2.424248 ],
			"faces": {
				"down": { "uv": [ 15, 12.5, 15.25, 12.75 ], "texture": "#y4_atlas" },
				"up": { "uv": [ 15.25, 12.75, 15.5, 12.5 ], "texture": "#y4_atlas" },
				"north": { "uv": [ 15.75, 12.5, 15.5, 12.75 ], "texture": "#y4_atlas" },
				"south": { "uv": [ 15.75, 12.5, 16, 12.75 ], "texture": "#y4_atlas" },
				"west": { "uv": [ 11.25, 12.25, 11.5, 12.5 ], "texture": "#y4_atlas" },
				"east": { "uv": [ 11.5, 12, 11.25, 12.25 ], "texture": "#y4_atlas" }
			}
		},
		{
			"__comment": "Voxels",
			"from": [ 8.7273, 7.7576, 13.0909 ],
			"to": [ 9.696997, 8.727297, 13.57575 ],
			"faces": {
				"down": { "uv": [ 11.5, 13, 12, 13.25 ], "texture": "#y4_atlas" },
				"up": { "uv": [ 12, 13.25, 12.5, 13 ], "texture": "#y4_atlas" },
				"north": { "uv": [ 7, 10.75, 6.5, 11.25 ], "texture": "#y4_atlas" },
				"south": { "uv": [ 3, 10.75, 3.5, 11.25 ], "texture": "#y4_atlas" },
				"west": { "uv": [ 10.5, 11.5, 10.75, 12 ], "texture": "#y4_atlas" },
				"east": { "uv": [ 10.5, 11.25, 10.25, 11.75 ], "texture": "#y4_atlas" }
			}
		}
	],
	"display": {
		"thirdperson_righthand": {
			"rotation":  [ 110, 0, 0 ],
			"translation":  [ 0, 5.5, 3 ]
		},
		"thirdperson_lefthand": {
			"rotation":  [ 110, 0, 0 ],
			"translation":  [ 0, 5.5, 3 ]
		}
	}
}